-2.20914857089519,1.09916692972183,4.84081429243088,-3.00185120105743,-8.41407713294029,3.59315037727356
-2.20388059318066,1.10457199811935,4.83511984348297,-3.00318086147308,-8.38816371560097,3.62425112724304
-2.18578487634659,1.11413183808327,4.79657876491547,-2.99932485818863,-8.31813049316406,3.68546617031097
-2.17041924595833,1.11558505892754,4.76276743412018,-2.96271729469299,-8.25974804162979,3.73079305887222
-2.16241678595543,1.1175257563591,4.71837568283081,-2.97567749023437,-8.25612503290176,3.72947704792023
-2.15577074885368,1.11388483643532,4.70724105834961,-2.91626501083374,-8.22738343477249,3.76704400777817
-2.14891469478607,1.11029756069183,4.68677562475205,-2.8735044002533,-8.20671254396439,3.7882809638977
-2.14191424846649,1.10672828555107,4.66632163524628,-2.83142709732056,-8.18516385555267,3.80894261598587
-2.13904762268066,1.11201307177544,4.61044132709503,-2.91372883319855,-8.22384440898895,3.75834959745407
-2.12759147584438,1.09967586398125,4.5849797129631,-2.82375645637512,-8.1805691421032,3.77429872751236
-2.12025880813599,1.09593591094017,4.53038823604584,-2.83137845993042,-8.19116461277008,3.7442370057106
-2.11296942830086,1.09225708246231,4.49660301208496,-2.80402433872223,-8.18121355772018,3.74951815605164
-2.10942012071609,1.09713834524155,4.45690387487412,-2.84491813182831,-8.19961684942246,3.73791193962097
-2.08458538353443,1.17295271158218,4.39401930570602,-2.87375181913376,-8.11349299550056,4.16396445035934
-2.07713337242603,1.1823693215847,4.41651350259781,-2.85451060533524,-8.04628673195839,4.23970532417297
-2.07339526712894,1.18686205148697,4.38626551628113,-2.87709009647369,-8.05410608649254,4.24408221244812
-2.06944932043552,1.19124180078506,4.35518145561218,-2.89883071184158,-8.06151446700096,4.24862009286881
-2.05098921060562,1.16168957948685,4.30902457237244,-2.75346201658249,-7.99691069126129,4.21667546033859
-2.04339039325714,1.15738248825073,4.28781199455261,-2.7152264714241,-7.97253036499023,4.22906845808029
-2.05562889575958,1.14680898189545,4.2724289894104,-2.68187099695206,-8.0613443851471,4.19898289442062
-2.05804884433746,1.14063823223114,4.23988449573517,-2.7105672955513,-8.10840857028961,4.13326209783554
-2.05842864513397,1.13062524795532,4.2251101732254,-2.70505702495575,-8.12546169757843,4.07869446277618
-2.0550252199173,1.11746954917908,4.20675683021545,-2.69608551263809,-8.12339448928833,4.00873178243637
-2.04999303817749,1.10391390323639,4.26896035671234,-2.62775838375092,-8.0309978723526,3.99572503566742
-2.0283890068531,1.12292805314064,4.17305088043213,-2.71382188796997,-7.99728316068649,4.02374643087387
-2.01482573151588,1.09581151604652,4.15895366668701,-2.68283802270889,-7.9300007224083,3.89203107357025
-1.98349229991436,1.04733142256737,4.04228645563126,-2.47125804424286,-7.8586673438549,3.81273049116135
-1.97902603447437,1.05066195130348,4.03284680843353,-2.46727335453033,-7.8413093984127,3.83669835329056
-1.97455333173275,1.05388522148132,3.98291045427322,-2.51122152805328,-7.86440953612328,3.81208980083466
-1.93792675435543,1.00320339202881,3.96843367815018,-2.4363779425621,-7.65912684798241,3.58284240961075
-1.92903809249401,1.00938639044762,3.91017323732376,-2.47833210229874,-7.6640553176403,3.57798624038696
-1.90983049571514,0.975501358509064,3.84680277109146,-2.33224135637283,-7.61218020319939,3.52076679468155
-1.90539924800396,0.978412806987762,3.81544733047485,-2.3472980260849,-7.6169481575489,3.52317881584167
-1.85989288985729,0.934050440788269,3.76469022035599,-2.29407328367233,-7.39466711878777,3.31022936105728
-1.85112050175667,0.939666390419006,3.70815694332123,-2.33271932601929,-7.39856606721878,3.30527901649475
-1.84672366082668,0.9424107670784,3.67735385894775,-2.34730875492096,-7.40298810601234,3.30715584754944
-1.82859674096107,0.910601884126663,3.66603165864944,-2.17764419317245,-7.305548787117,3.28596711158752
-1.82161017507315,0.906424939632416,3.61738666892052,-2.17640316486359,-7.31227438151836,3.26214647293091
-1.81469321995974,0.902616709470749,3.58467623591423,-2.15285801887512,-7.30348308384419,3.26284223794937
-1.81044312566519,0.90513488650322,3.5474120080471,-2.17825347185135,-7.31524674594402,3.25255584716797
-1.80110841989517,0.895025253295898,3.49754846096039,-2.14130502939224,-7.30910205841064,3.22884649038315
-1.79440223425627,0.891162931919098,3.52940562367439,-2.08630067110062,-7.23700778186321,3.26067692041397
-1.67776047438383,0.811647474765778,3.39329281449318,-2.0216201543808,-6.67327003180981,2.84826469421387
-1.66427051275969,0.804066240787506,3.39959999918938,-1.99435156583786,-6.58602307736874,2.83004587888718
-1.64439905807376,0.792926996946335,3.30113916099071,-1.96415024995804,-6.56525518745184,2.79341173171997
-1.63783701881766,0.789247274398804,3.29346154630184,-1.93052971363068,-6.53356056660414,2.80495393276215
-1.63143354281783,0.785674244165421,3.27473519742489,-1.90314340591431,-6.5138660594821,2.81090205907822
-1.62509972602129,0.782136410474777,3.25615546107292,-1.87611943483353,-6.49444289505482,2.81669902801514
-1.6188208758831,0.778628259897232,3.19897246360779,-1.89758324623108,-6.51395279169083,2.77418631315231
-1.54189762473106,0.741188138723373,3.11065530776978,-1.86338633298874,-6.14073044061661,2.5837424993515
-1.51676563173533,0.728211909532547,3.0711028277874,-1.81662404537201,-6.02949096262455,2.55264741182327
-1.5046319141984,0.722560614347458,3.06553754210472,-1.79860323667526,-5.96225394308567,2.53676044940948
-1.49277404695749,0.717169910669327,3.03648832440376,-1.80616307258606,-5.92015595734119,2.4968563914299
-1.47466751933098,0.706945136189461,2.95340311527252,-1.76814392209053,-5.89460200071335,2.47352689504623
-1.46874085068703,0.703498706221581,2.95704209804535,-1.73251810669899,-5.85540300607681,2.48847413063049
-1.4629263728857,0.7001843303442,2.94003701210022,-1.70751324295998,-5.837521225214,2.49359273910522
-1.41631303727627,0.678931877017021,2.87076544761658,-1.70819526910782,-5.62711277604103,2.36539599299431
-1.39328562840819,0.667223706841469,2.82369057834148,-1.67044943571091,-5.53602319210768,2.33289280533791
-1.38968819007278,0.668979242444038,2.79927818477154,-1.68005394935608,-5.53885095566511,2.33382150530815
-1.38205229304731,0.660857945680618,2.78444584459066,-1.63175094127655,-5.50786791369319,2.33339673280716
-1.34695862233639,0.641221791505814,2.74887666106224,-1.58653897047043,-5.33287507295609,2.26079177856445
-1.33804917708039,0.639776214957237,2.70159693062305,-1.59688594937325,-5.3266981318593,2.24177134037018
-1.31096589379013,0.62721586227417,2.65796896070242,-1.57336795330048,-5.20782640203834,2.18992722034454
-1.3056526184082,0.624187126755714,2.62728694081306,-1.56374722719193,-5.20662876963615,2.18137553334236
-1.30041351914406,0.621188446879387,2.59701701998711,-1.55416932702065,-5.20546409487724,2.17296135425568
-1.29530074447393,0.618265524506569,2.56736254692078,-1.54489850997925,-5.20444191992283,2.16469463706017
-1.24859574995935,0.597016781568527,2.53305497020483,-1.49972039461136,-4.95851952955127,2.0823802947998
-1.24540104530752,0.598510831594467,2.51132299751043,-1.50801086425781,-4.96108327433467,2.08305412530899
-1.24223217181861,0.599976241588593,2.48973190039396,-1.51623007655144,-4.96366113051772,2.08362737298012
-1.23911469243467,0.601370871067047,2.49522172659636,-1.51147615909576,-4.93946642801166,2.09674906730652
-1.23600781522691,0.602799326181412,2.4741218611598,-1.51956954598427,-4.94192503020167,2.0972264111042
-1.1862055119127,0.581234961748123,2.43298407644033,-1.49200063943863,-4.68424899503589,1.99540913105011
-1.16912968488759,0.557936385273933,2.36480441817548,-1.39704996347427,-4.64997369115008,1.95056834816933
-1.16430820152164,0.554938048124313,2.35031874477863,-1.3756497502327,-4.63553046435118,1.95397853851318
-1.16132722422481,0.556298971176147,2.33337976038456,-1.38701464235783,-4.63458358496428,1.95077918469906
-1.15501313749701,0.549598887562752,2.3127597309649,-1.3510173112154,-4.61731909401715,1.94657601416111
-1.15211159083992,0.550916269421577,2.28824741020799,-1.36585579812527,-4.62442213483155,1.9396418184042
-1.14907012227923,0.552269414067268,2.28316486254334,-1.36619088053703,-4.61125587113202,1.94742560386658
-1.1410867087543,0.541822478175163,2.24336762726307,-1.32648824155331,-4.60315262526274,1.92444662749767
-1.136503954418,0.539208099246025,2.21735011413693,-1.31800775229931,-4.60167361237109,1.91724084317684
-1.13361588586122,0.540534123778343,2.21713985875249,-1.31953625380993,-4.58455545641482,1.92366848886013
-1.03754497785121,0.493107125163078,2.11464928463101,-1.2423739284277,-4.11062058247626,1.71626882255077
-1.03006483986974,0.492251589894295,2.08798985183239,-1.23175136744976,-4.09239918738604,1.72175817191601
-1.02712569013238,0.493640318512917,2.05992995202541,-1.2530021071434,-4.10282418876886,1.7088398039341
-1.00171330943704,0.482716396450996,2.02716206014156,-1.24416507780552,-3.98311779648066,1.65213330090046
-0.993549738079309,0.479228034615517,2.01176200807095,-1.24253043532372,-3.94953642040491,1.63283777236938
-0.984667804092169,0.483046725392342,1.96910353004932,-1.25964799523354,-3.93890329450369,1.63863235712051
-0.981743160635233,0.484270110726357,1.95034937560558,-1.26636393368244,-3.94010958820581,1.6392567306757
-0.978895220905542,0.485403075814247,1.96706263720989,-1.25741103291512,-3.90630868822336,1.65500742197037
-0.965542949736118,0.461682498455048,1.91221705079079,-1.16211798787117,-3.88104064762592,1.60797700285912
-0.961381005123257,0.459210820496082,1.89789379388094,-1.14528179168701,-3.87039223685861,1.60998313128948
-0.958796193823218,0.460371918976307,1.88179659098387,-1.15516425669193,-3.87098057195544,1.60706725716591
-0.95620090700686,0.461500830948353,1.86981371790171,-1.15908788889647,-3.86739172413945,1.60991709679365
-0.949442312121391,0.45296099036932,1.83624374866486,-1.12668673694134,-3.86041012406349,1.59107920527458
-0.879229113459587,0.423252187669277,1.75968766212463,-1.09866447001696,-3.51568701863289,1.44084865599871
-0.874005421996116,0.425697140395641,1.73244690895081,-1.11025460809469,-3.51158562302589,1.44392823427916
-0.87164331227541,0.426704309880734,1.71665069460869,-1.11596065014601,-3.51320917904377,1.44426520913839
-0.850029118359089,0.417513035237789,1.68879142403603,-1.1083961352706,-3.41138328611851,1.39668207615614
-0.838765401393175,0.403866976499558,1.63756011426449,-1.05542650818825,-3.39503229409456,1.3677753508091
-0.835077963769436,0.402022462338209,1.65350645780563,-1.02627630531788,-3.35696132481098,1.38585846871138
-0.831651784479618,0.40012589097023,1.64121970534325,-1.01206836104393,-3.34869100153446,1.38868698477745
-0.803129028528929,0.385743550956249,1.59597264230251,-1.00185500085354,-3.22280152887106,1.31260630488396
-0.79523915797472,0.380107037723064,1.59048204123974,-0.978278562426567,-3.18095290660858,1.30236366391182
-0.78707368299365,0.380321551114321,1.55228380858898,-0.983282707631588,-3.17015828937292,1.29864659905434
-0.783766806125641,0.378419954329729,1.54038664698601,-0.969233952462673,-3.16221418976784,1.3012857735157
-0.780697023496032,0.376444708555937,1.52231150120497,-0.965824663639069,-3.16187063977122,1.29284358769655
-0.777622768655419,0.37453631311655,1.50434342771769,-0.959708578884602,-3.16139318421483,1.2875092998147
-0.774495724588633,0.37273833528161,1.48625908792019,-0.953977089375258,-3.16071525961161,1.28245292231441
-0.771329611539841,0.370993081480265,1.46809765696526,-0.948462188243866,-3.15988001227379,1.27749630063772
-0.72589560970664,0.349899247288704,1.43107116222382,-0.905952379107475,-2.92430249601603,1.19344310462475
-0.71851896867156,0.344678418710828,1.42133219540119,-0.886191658675671,-2.88978161662817,1.1818788535893
-0.71268492564559,0.342227654531598,1.41621415317059,-0.876962415874004,-2.85989540070295,1.17640351131558
-0.702518397942185,0.340303404256702,1.36376854032278,-0.882194122299552,-2.85134184733033,1.15962630324066
-0.699394274968654,0.33858834952116,1.35235575027764,-0.86881953291595,-2.84400989953429,1.16271056421101
-0.696383544942364,0.336927297525108,1.3413644945249,-0.855895498767495,-2.83693677512929,1.16566828638315
-0.693353584851138,0.3352712970227,1.33043068228289,-0.843127867206931,-2.82969082682393,1.16849991492927
-0.6648642931832,0.323445854708552,1.28775676665828,-0.846846730448306,-2.70142899244092,1.09382839780301
-0.659208468045108,0.321108875796199,1.28685631928965,-0.835937947966158,-2.66839448898099,1.09071530681103
-0.653228140436113,0.323295412585139,1.25835157558322,-0.848000483587384,-2.66101726703346,1.09177199192345
-0.647310333326459,0.314699509763159,1.2360313013196,-0.807923317421228,-2.64783069863915,1.08027374115773
-0.631188170984387,0.308148482465185,1.2157034650445,-0.804582031909376,-2.57142556086183,1.04430886288174
-0.625897722318769,0.305961170815863,1.20905525237322,-0.801388217601925,-2.54633108153939,1.03437880729325
-0.620761947706342,0.303844788693823,1.20257303863764,-0.798303628806025,-2.52199864760041,1.02476510335691
-0.615686671808362,0.301744499825872,1.19284970313311,-0.797338231001049,-2.50127032771707,1.01312876795419
-0.601766491308808,0.294063268229365,1.13258514553308,-0.767749834805727,-2.47801380231976,0.996629774570465
-0.589071698486805,0.288422510959208,1.10732311010361,-0.758674670010805,-2.42710708081722,0.971860395744443
-0.587312679737806,0.289057583548129,1.11018691956997,-0.758004948496818,-2.41368915885687,0.976340552791953
-0.583780007436872,0.285498360171914,1.09541458636522,-0.744223441928625,-2.40726545825601,0.96876671910286
-0.566717129200697,0.278002306818962,1.06651727855206,-0.733215987682343,-2.33378549665213,0.93479785323143
-0.561925452202559,0.276011452078819,1.06411498785019,-0.73038412630558,-2.30743772536516,0.925684586167336
-0.557088056579232,0.273154389113188,1.04632066935301,-0.715756177902222,-2.29620767012238,0.923170156776905
-0.547000119462609,0.267339775338769,1.03026749938726,-0.707967400550842,-2.25173321738839,0.896071251481772
-0.538465846329927,0.264798399060965,1.00889000296593,-0.70361864566803,-2.22190507501364,0.885171748697758
-0.536171518266201,0.263454103842378,0.998592868447304,-0.698251336812973,-2.2184362411499,0.882473286241293
-0.525003030896187,0.258427420631051,0.979689598083496,-0.689213968813419,-2.17032858729362,0.861350554972887
-0.522921770811081,0.257135916501284,0.967321217060089,-0.685086034238339,-2.1702094078064,0.857729464769363
-0.520708590745926,0.255852669477463,0.96247124671936,-0.675409860908985,-2.16178029775619,0.859706155955792
-0.506921298801899,0.248586617410183,0.942991383373737,-0.665932819247246,-2.09853640943766,0.825586885213852
-0.503979813307524,0.249548755586147,0.932295083999634,-0.666154250502586,-2.09158379584551,0.831138283014298
-0.494210664182901,0.246486209332943,0.914885111153126,-0.667818710207939,-2.05037887394428,0.811098545789719
-0.48670619726181,0.23987664654851,0.897561565041542,-0.643204838037491,-2.02267561852932,0.796055041253567
-0.484416399151087,0.238687716424465,0.889462299644947,-0.634551331400871,-2.01703609526157,0.79757496714592
-0.482196677476168,0.237597741186619,0.881422288715839,-0.626053735613823,-2.01175777614117,0.79953271150589
-0.480028286576271,0.236437506973743,0.873190075159073,-0.617140874266624,-2.00697964429855,0.801484167575836
-0.466000698506832,0.228126656264067,0.852953270077705,-0.600922465324402,-1.94305092096329,0.767837472259998
-0.463728375732899,0.227129232138395,0.831161707639694,-0.612410672008991,-1.9512085467577,0.750364720821381
-0.461495094001293,0.226090244948864,0.822646200656891,-0.603961996734142,-1.94632436335087,0.752579472959042
-0.451479084789753,0.219846621155739,0.802317298948765,-0.597131833434105,-1.90655720978975,0.721947893500328
-0.449844993650913,0.218665070831776,0.794694885611534,-0.59161351621151,-1.90437507629395,0.720376908779144
-0.448744155466557,0.218926034867764,0.790003694593906,-0.591438055038452,-1.90246123820543,0.722118154168129
-0.441612925380468,0.214084528386593,1.28514578193426,-1.50847095251083,-1.36453177034855,-0.223963782191276
-0.441612925380468,0.214084528386593,0.122839316725731,-2.22444432973862,-2.52683823555708,-0.93993715941906
-0.220589406788349,1.25404808670282,0.044668167829514,-5.10386583209038,-1.27886827290058,2.42042268812656
-0.220291562378406,1.25505206733942,0.040590316057205,-5.10599467158318,-1.28115905821323,2.42431773245335
-1.02923211455345,-0.113474428653717,1.71814697980881,-5.73493134975433,-4.4572457075119,-6.41577792167664
-1.03172329068184,-0.117553532123566,1.73406958580017,-5.68772888183594,-4.45627015829086,-6.39305007457733
-1.03615237772465,-0.125195264816284,1.75904381275177,-5.62143588066101,-4.45787045359612,-6.37260746955872
-1.04112519323826,-0.137471079826355,1.78818398714066,-5.53089618682861,-4.45856717228889,-6.35572266578674
-1.04447747766972,-0.152316927909851,1.79422438144684,-5.44888401031494,-4.47264048457146,-6.36278557777405
-1.04569491744041,-0.1636021733284,1.82732164859772,-5.33883512020111,-4.44684785604477,-6.32044816017151
-0.996640980243683,-0.139057278633118,1.72551447153091,-5.4001636505127,-4.25433140993118,-6.2345073223114
-1.00426240265369,-0.148738086223602,1.77964758872986,-5.30923235416412,-4.24592682719231,-6.20166087150574
-1.00217866897583,-0.163691878318787,1.77677023410797,-5.21802294254303,-4.23630177974701,-6.20017421245575
-0.960103705525398,-0.142975687980652,1.73671352863312,-5.18232572078705,-4.02390870451927,-6.04017984867096
-0.964992120862007,-0.156467914581299,1.75466507673264,-5.10744142532349,-4.03528764843941,-6.04624891281128
-0.944210961461067,-0.146424412727356,1.73309940099716,-5.09443950653076,-3.93216636776924,-5.9729859828949
-0.941909790039062,-0.159754753112793,1.75257062911987,-4.98298496007919,-3.8988881111145,-5.94151347875595
-0.917545914649963,-0.148308873176575,1.708052277565,-4.99198538064957,-3.79722321033478,-5.88183861970902
-0.919259026646614,-0.163954198360443,1.70168888568878,-4.91776031255722,-3.8138652741909,-5.90148550271988
-0.920153960585594,-0.171182215213776,1.7427020072937,-4.82309651374817,-3.77822175621986,-5.85018980503082
-0.921081602573395,-0.178145349025726,1.75722908973694,-4.75749480724335,-3.76926052570343,-5.82636690139771
-0.92185740172863,-0.184615075588226,1.75606179237366,-4.71074718236923,-3.77508261799812,-5.81843763589859
-0.922551095485687,-0.190561652183533,1.76924604177475,-4.65020698308945,-3.76606053113937,-5.79357689619064
-0.8515704870224,-0.174258649349213,1.67921805381775,-4.64636874198914,-3.43020486831665,-5.69192063808441
-0.843365058302879,-0.173213005065918,1.7005780339241,-4.59877336025238,-3.35961231589317,-5.63805139064789
-0.840376183390617,-0.182037472724915,1.69850260019302,-4.52802300453186,-3.34375450015068,-5.62024784088135
-0.84395158290863,-0.182547807693481,1.70721715688705,-4.50550693273544,-3.35649234056473,-5.60079377889633
-0.815056100487709,-0.180743038654327,1.67528301477432,-4.49504762887955,-3.21505358815193,-5.57950586080551
-0.808337822556496,-0.192031443119049,1.66499054431915,-4.40636849403381,-3.18503639101982,-5.55855715274811
-0.807970345020294,-0.195303797721863,1.67298811674118,-4.35920852422714,-3.17483395338058,-5.53103131055832
-0.807310909032822,-0.198361277580261,1.67987185716629,-4.31313854455948,-3.16399359703064,-5.50330621004105
-0.806400075554848,-0.200990676879883,1.68528151512146,-4.26925724744797,-3.15311893820763,-5.47520130872726
-0.764966294169426,-0.208890855312347,1.62734818458557,-4.25732314586639,-2.96244958043098,-5.51066827774048
-0.758806139230728,-0.210803925991058,1.61311954259872,-4.24767804145813,-2.93971729278564,-5.51250159740448
-0.750685051083565,-0.219499707221985,1.60319435596466,-4.16530549526215,-2.90091595053673,-5.48230373859406
-0.748498305678368,-0.22139385342598,1.60294461250305,-4.12572276592255,-2.88804522156715,-5.45408588647842
-0.745987832546234,-0.223183453083038,1.56489396095276,-4.11908423900604,-2.91103303432465,-5.45818495750427
-0.723269656300545,-0.241156190633774,1.54750883579254,-4.05108779668808,-2.79210910201073,-5.49802494049072
-0.720126278698444,-0.241438657045364,1.54311349987984,-4.0188222527504,-2.77764417231083,-5.46745419502258
-0.716615848243236,-0.243081510066986,1.50918874144554,-4.00640374422073,-2.79050634801388,-5.46489280462265
-0.713048331439495,-0.24474909901619,1.51581731438637,-3.95465141534805,-2.7624726742506,-5.42314600944519
-0.708873987197876,-0.246608883142471,1.50698059797287,-3.91689682006836,-2.74626332521439,-5.39655011892319
-0.7044298350811,-0.248594343662262,1.46252858638763,-3.9079801440239,-2.76405042409897,-5.39954620599747
-0.694113180041313,-0.273195773363113,1.45086431503296,-3.83751106262207,-2.71381476521492,-5.47668570280075
-0.689116835594177,-0.275614351034164,1.43843156099319,-3.7983101606369,-2.69626945257187,-5.45199626684189
-0.690718173980713,-0.282168835401535,1.42124313116074,-3.78537517786026,-2.72306591272354,-5.47838819026947
-0.685617431998253,-0.282394021749496,1.38951826095581,-3.77332943677902,-2.72418633103371,-5.467693567276
-0.674910396337509,-0.290620923042297,1.37782740592957,-3.6842850446701,-2.67163497209549,-5.42801058292389
-0.686917394399643,-0.289549112319946,1.38348746299744,-3.66499051451683,-2.73801690340042,-5.40228518843651
-0.675998881459236,-0.296270608901978,1.34718579053879,-3.60964810848236,-2.70880749821663,-5.38727176189423
-0.685059741139412,-0.292245268821716,1.34981501102448,-3.5937192440033,-2.760543435812,-5.34719085693359
-0.674053192138672,-0.299890160560608,1.3062618970871,-3.5390730202198,-2.73805725574493,-5.33841398358345
-0.668530277907848,-0.304101139307022,1.27360144257545,-3.51136520504951,-2.73758022487164,-5.33597204089165
-0.663086920976639,-0.308418303728104,1.26969701051712,-3.45397886633873,-2.70882451534271,-5.30448868870735
-0.657673418521881,-0.313102334737778,1.25489819049835,-3.40827775001526,-2.69114232063293,-5.28689175844193
-0.652339488267899,-0.317962139844894,1.21101301908493,-3.38505071401596,-2.70302391052246,-5.29282355308533
-0.649519234895706,-0.320806354284286,1.21114194393158,-3.33780646324158,-2.68597346544266,-5.2626445889473
-0.679653137922287,-0.28296884894371,1.23137980699539,-3.36505818367004,-2.84653902053833,-5.06287127733231
-0.677446290850639,-0.282775431871414,1.20346945524216,-3.33593800663948,-2.86120828986168,-5.03259059786797
-0.668137483298779,-0.287992507219315,1.14816775918007,-3.28496468067169,-2.8606571406126,-5.01291972398758
-0.663273952901363,-0.293524950742722,1.11933597922325,-3.25238430500031,-2.86030773818493,-5.01353400945663
-0.664607204496861,-0.278965801000595,1.10447213053703,-3.24590861797333,-2.88317109644413,-4.9197034239769
-0.657568752765656,-0.286796808242798,1.12897714972496,-3.131511926651,-2.81643536686897,-4.85229277610779
-0.653136871755123,-0.292557001113892,1.10226273536682,-3.09841379523277,-2.81655849516392,-4.85375580191612
-0.648751650005579,-0.298441201448441,1.10170848667622,-3.03813126683235,-2.79080141335726,-4.828778475523
-0.644556425511837,-0.304280936717987,1.08036199212074,-2.99598145484924,-2.78697656095028,-4.82166707515717
-0.64047984033823,-0.310209333896637,1.0608529150486,-2.95987620949745,-2.78202612698078,-4.82113221287727
-0.636561861261725,-0.316092371940613,1.04203083366156,-2.92407986521721,-2.7773403339088,-4.82063409686089
-0.635055055841804,-0.320165634155273,1.04541137069464,-2.8696560561657,-2.76491896435618,-4.79064986109734
-0.629064137116075,-0.327834486961365,1.01339767128229,-2.82929781079292,-2.76098715141416,-4.79630473256111
-0.625516634434462,-0.333718866109848,1.00970993936062,-2.77421917021275,-2.74338986724615,-4.77653236687183
-0.622032027691603,-0.339558929204941,0.987960144877434,-2.74128325283527,-2.74423202127218,-4.77863682806492
-0.618669586256146,-0.345326989889145,0.984692819416523,-2.68752518296242,-2.72732469812036,-4.75948712229729
-0.615425972267985,-0.351045548915863,0.964125089347362,-2.65529665350914,-2.72843074426055,-4.76156994700432
-0.612255471758544,-0.356738179922104,0.948707770556212,-2.62112754583359,-2.72482505999506,-4.76155662536621
-0.600463825277984,-0.220342129468918,0.924922835081816,-2.75026240944862,-2.67786011658609,-4.07231518626213
-0.594381007365882,-0.231502562761307,0.93275223299861,-2.65335601568222,-2.63353381119668,-4.04237139225006
-0.593629422597587,-0.235497385263443,0.918052654713392,-2.63024258613586,-2.64372388087213,-4.04322689771652
-0.588524152059108,-0.242700397968292,0.912276105955243,-2.5706912279129,-2.6188688063994,-4.02689361572266
-0.585690194973722,-0.248249500989914,0.897554167546332,-2.5319771617651,-2.616587002296,-4.02147416770458
-0.585117349633947,-0.252246111631393,0.888451346196234,-2.50733272731304,-2.62225275160745,-4.0208093971014
-0.584604675183073,-0.256203502416611,0.895830609835684,-2.46398344635963,-2.61179744126275,-4.0012044608593
-0.558466965565458,-0.194834440946579,0.870992251671851,-2.50754959881306,-2.4798095417209,-3.67655624449253
-0.554198498139158,-0.186400502920151,0.868083202280104,-2.49841599166393,-2.45710778655484,-3.61681900918484
-0.537826041691005,-0.197066575288773,0.821139391511679,-2.41176388412714,-2.40581685863435,-3.59416333585978
-0.535345611162484,-0.202392637729645,0.80077064409852,-2.38389936834574,-2.41130302287638,-3.59825519472361
-0.524439272470772,-0.19219046831131,0.791368905454874,-2.35281087458134,-2.35526672936976,-3.5059536844492
-0.5221092030406,-0.197336077690124,0.783147767186165,-2.3155871629715,-2.34950745105743,-3.49960362911224
-0.519856119528413,-0.202397167682648,0.77954263240099,-2.27728920429945,-2.33959408476949,-3.49167221039534
-0.517675209790468,-0.2073794901371,0.776068642735481,-2.23966642469168,-2.32998261600733,-3.48394336551428
-0.515468746423721,-0.212354362010956,0.753389656543732,-2.21509660035372,-2.3394228219986,-3.48922277241945
-0.513355737552047,-0.217232167720795,0.757243625819683,-2.16999136656523,-2.3228907994926,-3.47338437289
-0.511304816231132,-0.222040235996246,0.746458537876606,-2.13649678602815,-2.32137035951018,-3.46873820200562
-0.481720319017768,-0.174098908901215,0.71812828630209,-2.1582481842488,-2.17219362780452,-3.20284163765609
-0.477866554632783,-0.180000156164169,0.707767553627491,-2.11793715227395,-2.15943177416921,-3.19793808925897
-0.47591432929039,-0.18464782834053,0.704936131834984,-2.08286357973702,-2.15054984390736,-3.1907505497802
-0.476239442825317,-0.188051491975784,0.693529114127159,-2.06474049692042,-2.16390754282475,-3.19304944877513
-0.469780147075653,-0.160320669412613,0.694986566901207,-2.07016656082124,-2.12369431555271,-3.03209057729691
-0.470660671591759,-0.166518419981003,0.693203076720238,-2.03833524044603,-2.13076095283031,-3.03744576033205
-0.463567465543747,-0.174017816781998,0.676332667469978,-1.9851964879781,-2.1050721257925,-3.02930338867009
-0.462178405374289,-0.178174823522568,0.668463885784149,-1.95567509531975,-2.10460654646158,-3.02472403645515
-0.460834536701441,-0.18222126364708,0.658071309328079,-1.93268574029207,-2.10693591088057,-3.02601332217455
-0.459582012146711,-0.186211228370667,0.648099362850189,-1.90998606011271,-2.10939271003008,-3.02725343033671
-0.458346676081419,-0.146968185901642,0.657063454389572,-1.90962704829872,-2.09301660209894,-2.79143616370857
-0.457121156156063,-0.150817602872848,0.653558567166328,-1.88062706403434,-2.08916836977005,-2.78553268127143
-0.455699168145657,-0.138429313898087,0.655088670551777,-1.87110757641494,-2.07910633832216,-2.70168345980346
-0.451293401420116,-0.13536125421524,0.642895095050335,-1.84679348021746,-2.06486531347036,-2.6589610055089
-0.449989326298237,-0.139084219932556,0.642172038555145,-1.81786438636482,-2.05776391923428,-2.65236970596015
-0.448709554970264,-0.142843514680862,0.629391193389893,-1.79755770787597,-2.06286613643169,-2.65461879596114
-0.447469718754292,-0.146551549434662,0.634575791656971,-1.76246306672692,-2.05024252086878,-2.64177236333489
-0.446254283189774,-0.150151520967484,0.627957932651043,-1.73656871914864,-2.0495677664876,-2.63747784495354
-0.433411180973053,-0.111952692270279,0.617837846279144,-1.75447418540716,-1.98262923955917,-2.42619033902884
-0.430685468018055,-0.116373300552368,0.602674096822739,-1.73078048601747,-1.98143871128559,-2.42902028933167
-0.43126866966486,-0.119033873081207,0.600825220346451,-1.71419174969196,-1.98678679764271,-2.42839498817921
-0.412877343595028,-0.096160531044006,0.587945852428675,-1.70650391280651,-1.88931820914149,-2.28346709907055
-0.412346288561821,-0.103017359972,0.589990526437759,-1.66635244339705,-1.88408720493317,-2.28445660322905
-0.401854202151298,-0.088825613260269,0.576803585514426,-1.66223537921906,-1.83432162739337,-2.19518905878067
-0.39919301867485,-0.084302812814713,0.57723056897521,-1.64759270101786,-1.81792754307389,-2.15340957790613
-0.398752003908157,-0.08108851313591,0.58012130483985,-1.6324801966548,-1.81239071860909,-2.11901127547026
-0.398320287466049,-0.078084498643875,0.58306342177093,-1.61751453578472,-1.80685830302537,-2.08602152764797
-0.39146214723587,-0.084097862243652,0.556754681281745,-1.58271790295839,-1.79201820213348,-2.08730507642031
-0.390545725822449,-0.087071925401688,0.549281927756965,-1.56547452509403,-1.79399242717773,-2.08790607750416
-0.386614762246609,-0.074463993310928,0.551778600463877,-1.55227096378803,-1.76790997301578,-1.9990549236536
-0.385840490460396,-0.077338844537735,0.547227434348315,-1.53109551221132,-1.76781550841406,-1.99512857943773
-0.383051507174969,-0.069883644580841,0.54352256283164,-1.51981766521931,-1.75478648021817,-1.93911953270435
-0.382476203143597,-0.066901803016663,0.546494213864207,-1.50696942210197,-1.74836300499737,-1.90838024020195
-0.380609557032585,-0.070081204175949,0.542678099125624,-1.48323982954025,-1.74097924306989,-1.90372705459595
-0.377997383475304,-0.060744017362595,0.538704562932253,-1.48333917558193,-1.72927973791957,-1.8478032797575
-0.373796500265598,-0.057651221752167,0.529470494017005,-1.4717056453228,-1.71330850757658,-1.8176129758358
-0.374901205301285,-0.063601493835449,0.532644189894199,-1.43884839117527,-1.71676304191351,-1.82045735418797
-0.374220877885818,-0.066024452447891,0.533363696187735,-1.41877534985542,-1.71196157112718,-1.81492206454277
-0.375221118330955,-0.067512899637222,0.536104924976826,-1.40402153134346,-1.71522178500891,-1.80909892916679
-0.370211124420166,-0.050467550754547,0.535166841000319,-1.40687860548496,-1.68609990552068,-1.70968391001225
-0.367001421749592,-0.05413082242012,0.523503839969635,-1.38294294476509,-1.67850469052792,-1.70772787928581
-0.362653404474258,-0.045344352722168,0.518486529588699,-1.37978181242943,-1.65743389725685,-1.65184792876244
-0.362843319773674,-0.049314171075821,0.52255380153656,-1.35408644378185,-1.65450611710548,-1.64997147023678
-0.360952794551849,-0.041942834854126,0.516668379306793,-1.35474407672882,-1.6490483880043,-1.60640108585358
-0.359215117990971,-0.044654071331024,0.517119057476521,-1.3297872543335,-1.6381716504693,-1.59771168231964
-0.355158522725105,-0.036841958761215,0.50415713340044,-1.33219219744205,-1.62679400295019,-1.55324395000935
-0.353779688477516,-0.036540150642395,0.507569663226604,-1.30837523937225,-1.61510846763849,-1.52761614322662
-0.35235883295536,-0.032406330108643,0.507208451628685,-1.3039598017931,-1.60694454610348,-1.49839778244495
-0.349855951964855,-0.037164777517319,0.498243682086468,-1.27647349238396,-1.60089202970266,-1.49946215748787
-0.349212616682053,-0.039027631282806,0.492821745574474,-1.26490148901939,-1.60245395451784,-1.49906727671623
-0.345291987061501,-0.028657883405686,0.495291531085968,-1.25926539301872,-1.57646039128304,-1.43121269345284
-0.341847956180572,-0.027227014303207,0.483715444803238,-1.2501709908247,-1.5673722922802,-1.41353307664394
-0.340815052390099,-0.024770736694336,0.489120535552502,-1.23628975450993,-1.55576977878809,-1.38491417467594
-0.339708939194679,-0.022397577762604,0.490794315934181,-1.22674432396889,-1.54745931923389,-1.36112979054451
-0.3349774107337,-0.021677494049072,0.480319552123547,-1.21055901050568,-1.52954491227865,-1.34062397480011
-0.331929534673691,-0.018698930740357,0.469349764287472,-1.20877823233604,-1.52222744375467,-1.32097181677818
-0.331662133336067,-0.021519184112549,0.472827754914761,-1.18614268302917,-1.51714504510164,-1.31525778770447
-0.328155189752579,-0.016962498426437,0.466933824121952,-1.18230354785919,-1.50199731439352,-1.28407853841782
-0.32692576944828,-0.018041223287582,0.468586787581444,-1.16505962610245,-1.49296782910824,-1.27330696582794
-0.325086876749992,-0.017814099788666,0.467811189591885,-1.1532007753849,-1.48271007090807,-1.2600853741169
-0.324385330080986,-0.019271373748779,0.461990430951119,-1.14313569664955,-1.4843215495348,-1.25876393914223
-0.320555359125137,-0.017857372760773,0.452822163701057,-1.13675326108933,-1.47050999104977,-1.24389749765396
-0.319529600441456,-0.019606530666351,0.454815983772278,-1.1184324324131,-1.46236161887646,-1.23607161641121
-0.318411394953728,-0.021371454000473,0.44908532500267,-1.10648334026337,-1.4613830447197,-1.2347120642662
-0.312937363982201,-0.018052488565445,0.440917477011681,-1.0985292494297,-1.43670670688152,-1.20684418082237
-0.311513051390648,-0.016342014074326,0.440046280622482,-1.0940922498703,-1.42903202772141,-1.19214433431625
-0.309390425682068,-0.019605934619904,0.4322569668293,-1.0751585662365,-1.42408558726311,-1.19279417395592
-0.308269895613194,-0.021234720945358,0.42532154917717,-1.06622210144997,-1.42429782450199,-1.19363042712212
-0.302758634090424,-0.017871558666229,0.419804841279983,-1.05526098608971,-1.39674696326256,-1.16249033808708
-0.299951381981373,-0.018120974302292,0.413278833031654,-1.04368668794632,-1.38642945885658,-1.15241253376007
-0.298383928835392,-0.020120561122894,0.40469129383564,-1.03328660130501,-1.38561227917671,-1.15400996804237
-0.295589663088322,-0.016893327236176,0.399404749274254,-1.0341482758522,-1.37413322925568,-1.13550823926926
-0.294358901679516,-0.019902408123016,0.40115961432457,-1.0101193189621,-1.36499379575253,-1.1295337677002
-0.291827313601971,-0.016459584236145,0.399195000529289,-1.00814571976662,-1.35176888108253,-1.10690322518349
-0.285835802555084,-0.019558697938919,0.379538655281067,-0.985359609127045,-1.33547616004944,-1.10271179676056
-0.285375222563744,-0.020990073680878,0.378346517682075,-0.974286764860153,-1.33390481770039,-1.10022720694542
-0.28473399579525,-0.016855180263519,0.375403717160225,-0.976011902093887,-1.33300025761127,-1.077142983675
-0.282083585858345,-0.018057733774185,0.369930818676949,-0.961849629878998,-1.32257069647312,-1.07019603252411
-0.282103314995766,-0.01383575797081,0.36616288125515,-0.964602142572403,-1.32645700871944,-1.04761669039726
-0.281969085335732,-0.011657804250717,0.37112446129322,-0.957499325275421,-1.32069005072117,-1.02744615077972
-0.278608277440071,-0.018106877803803,0.359830915927887,-0.925569415092468,-1.31181874871254,-1.03421068191528
-0.277386158704758,-0.015309810638428,0.351071804761887,-0.921400368213654,-1.31324514746666,-1.01325923204422
-0.277223393321037,-0.016325533390045,0.3494663387537,-0.912569493055344,-1.31387402117252,-1.01052269339561
-0.275177642703056,-0.013943016529083,0.341136649250984,-0.905339688062668,-1.30992920696735,-0.988997787237167
-0.274192824959755,-0.015251368284226,0.336496338248253,-0.895846784114838,-1.30866061151028,-0.98735499382019
-0.273281559348106,-0.016574531793594,0.333445191383362,-0.884793251752853,-1.30624416470528,-0.98424044251442
-0.272902518510818,-0.011965185403824,0.332458272576332,-0.879199653863907,-1.30495683848858,-0.95099076628685
-0.272489562630653,-0.013404279947281,0.3312678784132,-0.868146419525147,-1.30366949737072,-0.948572099208832
-0.272060036659241,-0.014779835939407,0.329846411943436,-0.857582181692123,-1.30251380801201,-0.946261197328568
-0.271537482738495,-0.016191065311432,0.777704745531082,-2.68304291367531,-0.851520150899887,-2.7801893055439
-0.279387235641479,-0.161945343017578,0.132154166698456,-3.20540207624435,-1.54416924715042,-4.17707413434982
2.00459218025208,0.598381787538528,-1.12672072649002,-4.86793267726898,10.9008323550224,-1.27764195203781
1.99650466442108,0.598820954561234,-1.12595391273499,-4.85916483402252,10.8530740737915,-1.26623910665512
1.9805836379528,0.598773002624512,-1.10039961338043,-4.83029502630234,10.7831022143364,-1.23765701055527
1.98218850791454,0.585906594991684,-1.11712324619293,-4.77537351846695,10.7760078012943,-1.25993394851685
1.93634438514709,0.58121320605278,-1.04715394973755,-4.72959858179092,10.570912361145,-1.24231934547424
1.92072719335556,0.567654728889465,-1.04264372587204,-4.64311823248863,10.4817194342613,-1.23718985915184
1.89420080184937,0.557662487030029,-1.01153445243835,-4.60342413187027,10.3536703586578,-1.25744920969009
1.86932626366615,0.555814117193222,-0.980216562747955,-4.57815870642662,10.235741019249,-1.24327400326729
1.87025757133961,0.542387694120407,-1.00234037637711,-4.52083441615105,10.2192050516605,-1.2665082514286
1.82526840269566,0.541302084922791,-0.965568721294403,-4.51252126693726,9.98604169487953,-1.26470875740051
1.80548411607742,0.528500974178314,-0.921789050102234,-4.39564967155457,9.91111564636231,-1.22464382648468
1.80382114648819,0.521516501903534,-0.912512481212616,-4.33439552783966,9.91041439771652,-1.20529651641846
1.76582257449627,0.517124444246292,-0.915023148059845,-4.32265272736549,9.67991229891777,-1.21990606188774
1.74058604240417,0.510669052600861,-0.871956706047058,-4.26162552833557,9.57155954837799,-1.19761121273041
1.73692923784256,0.509935140609741,-0.881730675697327,-4.25376886129379,9.53984475135803,-1.19415801763535
1.73710586130619,0.497782409191132,-0.881148159503937,-4.17413252592087,9.54148700833321,-1.18743807077408
1.67594614624977,0.501196414232254,-0.835072159767151,-4.17017236351967,9.22060471773148,-1.16299387812614
1.65688233077526,0.490964233875275,-0.828757464885712,-4.10645911097527,9.11253651976585,-1.16067370772362
1.65519312024117,0.484950035810471,-0.834655344486237,-4.0641922056675,9.09650337696075,-1.15449199080467
1.65350855886936,0.479160726070404,-0.840605080127716,-4.02298894524574,9.08044627308846,-1.14802458882332
1.65180641412735,0.473524034023285,-0.857089042663574,-3.99582853913307,9.05374944210053,-1.15468433499336
1.5768483877182,0.474814742803574,-0.779350161552429,-3.94979813694954,8.68174016475678,-1.1009096801281
1.57518595457077,0.469521075487137,-0.785538256168366,-3.91090163588524,8.66557747125626,-1.09377518296242
1.53804033994675,0.467906177043915,-0.756451845169067,-3.87630888819695,8.47179019451141,-1.06887182593346
1.53645572066307,0.462842762470245,-0.763026118278503,-3.83873090147972,8.45570820569992,-1.06167432665825
1.53495062887669,0.457954674959183,-0.756912291049957,-3.79238840937614,8.45279148221016,-1.04466035962105
1.48222440481186,0.458788752555847,-0.725633382797241,-3.77173334360123,8.16771304607391,-1.01900082826614
1.48077480494976,0.454222828149796,-0.719610691070556,-3.72728222608566,8.16503813862801,-1.00194525718689
1.4794489890337,0.449707508087158,-0.739997506141663,-3.70205062627792,8.13669642806053,-1.00380557775497
1.47819279134274,0.44537615776062,-0.734852612018585,-3.65917074680328,8.13430413603783,-0.986913800239563
1.40990848094225,0.45349994301796,-0.694195717573166,-3.67367523908615,7.76525516808033,-0.952675580978394
1.39595823734999,0.445781022310257,-0.677560180425644,-3.60062679648399,7.69818924367428,-0.925940662622452
1.39266263693571,0.442536741495132,-0.69830384850502,-3.5916231572628,7.65767197310925,-0.936402708292007
1.39157789200544,0.438687264919281,-0.696990221738815,-3.54875561594963,7.65247713029385,-0.916632026433945
1.39073766022921,0.434956938028336,-0.705603271722794,-3.51797005534172,7.63882268965244,-0.908228427171707
1.38895016163588,0.435928374528885,-0.71932652592659,-3.51721927523613,7.61437444388866,-0.90164902806282
1.38926617801189,0.427917182445526,-0.729585826396942,-3.47273430228233,7.60601124167442,-0.905231207609177
1.3886690735817,0.424504548311233,-0.709510982036591,-3.41396650671959,7.62250345945358,-0.866939216852188
1.38815371692181,0.421214133501053,-0.70741069316864,-3.37772867083549,7.6215116083622,-0.850443869829178
1.38774764537811,0.418083250522613,-0.70607203245163,-3.34268310666084,7.62041383981705,-0.834183603525162
1.38655653595924,0.419180333614349,-0.768447518348694,-3.37405833601952,7.55089169740677,-0.85897633433342
1.3873013406992,0.411900669336319,-0.763166904449463,-3.31234070658684,7.56064113974571,-0.840936690568924
1.21997524797916,0.427961826324463,-0.629830718040466,-3.31907346844673,6.69002076983452,-0.751302510499954
1.21818839013577,0.430283814668655,-0.625850260257721,-3.30381652712822,6.68328008055687,-0.722113639116287
1.21749882400036,0.43144953250885,-0.642046749591827,-3.30403384566307,6.66294619441032,-0.71533665060997
1.21955924481153,0.420378237962723,-0.669032722711563,-3.25528225302696,6.64832274615765,-0.733012825250626
1.21923576295376,0.421434938907623,-0.662333548069,-3.22509589791298,6.65308102965355,-0.696486264467239
1.21903683245182,0.42247349023819,-0.67986136674881,-3.22487333416939,6.63435962796211,-0.69003239274025
1.22128744423389,0.411719679832459,-0.69674751162529,-3.17115417122841,6.63097715377808,-0.700836092233658
1.12694419920444,0.420085296034813,-0.632948756217956,-3.17282076179981,6.12871643900871,-0.652308985590935
1.1145269498229,0.418862476944923,-0.6407810151577,-3.15903617441654,6.04638068377972,-0.645861312747002
1.11558135598898,0.415875539183617,-0.614047557115555,-3.08881266415119,6.07944057881832,-0.593559429049492
1.11676183342934,0.41290520131588,-0.638245940208435,-3.0693201571703,6.06232506036758,-0.591888949275017
1.11802366375923,0.409964755177498,-0.660293340682983,-3.05344416201115,6.04784864187241,-0.593655630946159
1.11936530470848,0.406981810927391,-0.667959064245224,-3.01923181116581,6.04823276400566,-0.577340945601463
1.05948433279991,0.414286717772484,-0.619602233171463,-3.01468189060688,5.73730376362801,-0.528961583971977
1.06161283701658,0.407821372151375,-0.644546687602997,-2.9846968203783,5.7251303344965,-0.537768587470055
1.03953195363283,0.407185554504395,-0.61998787522316,-2.94722533226013,5.61720384657383,-0.504112005233765
1.0297289788723,0.405167371034622,-0.64001539349556,-2.93684688210487,5.53835847973824,-0.505842655897141
1.03136958181858,0.401890635490418,-0.639679551124573,-2.89710363745689,5.54853793978691,-0.485759824514389
1.03305621445179,0.398559421300888,-0.670844584703445,-2.88519141077995,5.52749270200729,-0.493834882974625
1.00145412236452,0.398859053850174,-0.63756400346756,-2.84939697384834,5.37116073071957,-0.456242650747299
1.00321829319,0.395395278930664,-0.644486784934998,-2.81812474131584,5.37482297420502,-0.445753067731857
0.982066936790943,0.39462810754776,-0.65734201669693,-2.81450769305229,5.23505960404873,-0.446739047765732
0.972018167376518,0.392650857567787,-0.642531722784042,-2.77798838913441,5.18957728147507,-0.422083243727684
0.976210080087185,0.387997522950172,-0.659173458814621,-2.74250917136669,5.19808702170849,-0.414524033665657
0.977387487888336,0.387379810214043,-0.694854259490967,-2.74616287648678,5.16947066783905,-0.421884015202522
0.946204841136932,0.390632644295692,-0.677917033433914,-2.74566568434238,4.99931201338768,-0.40186981856823
0.935897290706634,0.391682595014572,-0.662732869386673,-2.71943899989128,4.95265087485313,-0.369343429803848
0.941869579255581,0.376873672008514,-0.686282783746719,-2.64397555589676,4.96493469178677,-0.382733523845673
0.943597696721554,0.372873097658157,-0.714429944753647,-2.62882155179977,4.94715623557568,-0.39158296585083
0.945326142013073,0.368757396936417,-0.715075641870499,-2.58903288841248,4.95688121020794,-0.376488506793976
0.906881742179394,0.371244817972183,-0.6948621571064,-2.58082810044289,4.74642829596996,-0.353359192609787
0.909026503562927,0.364205032587051,-0.703218221664429,-2.53733643889427,4.75094079971314,-0.352106243371963
0.890247546136379,0.364609017968178,-0.695699900388718,-2.52669297158718,4.64578537642956,-0.339038863778114
0.892046272754669,0.357552245259285,-0.702460318803787,-2.48348267376423,4.64981731772423,-0.338169202208519
0.893306590616703,0.353101328015327,-0.717998087406158,-2.4658158570528,4.64184145629406,-0.347207888960838
0.894551619887352,0.348646834492683,-0.720052838325501,-2.43001691997051,4.64725688099861,-0.338135913014412
0.85792537778616,0.350290149450302,-0.688533067703247,-2.41486564278603,4.45901919901371,-0.313124746084213
0.859788343310356,0.343236654996872,-0.705695986747742,-2.38191676139832,4.4530340731144,-0.322496831417084
0.842178590595722,0.342376038432121,-0.694736748933792,-2.36602981388569,4.35833479464054,-0.311773583292961
0.835163176059723,0.33673220872879,-0.713654339313507,-2.33794194459915,4.29732471704483,-0.31754869222641
0.83456239849329,0.333872497081757,-0.694467663764954,-2.29227736592293,4.31290672719479,-0.289042383432388
0.833807736635208,0.331854164600372,-0.690860152244568,-2.27036106586456,4.31198626756668,-0.279236078262329
0.807292155921459,0.334023684263229,-0.666543394327164,-2.26934462785721,4.17720954120159,-0.265202522277832
0.798176109790802,0.334635257720947,-0.656446725130081,-2.25958615541458,4.13260993361473,-0.251774609088898
0.789275616407394,0.335201799869537,-0.646652102470398,-2.24932011961937,4.08900159597397,-0.238109320402145
0.788828790187836,0.335033237934113,-0.64542293548584,-2.23835641145706,4.08754980564117,-0.228156983852386
0.774922333657741,0.324656963348389,-0.638523817062378,-2.17964318394661,4.01101018488407,-0.231701403856277
0.767343781888485,0.322989553213119,-0.635458678007126,-2.16263997554779,3.96860401332378,-0.224702656269073
0.765183530747891,0.321594327688217,-0.626326620578766,-2.14441648125648,3.96477456390858,-0.214850515127182
0.748438902199268,0.321321085095406,-0.612919241189957,-2.12925560772419,3.87771417200565,-0.201329097151756
0.741000361740589,0.319835543632507,-0.614391162991524,-2.11594322323799,3.83161100745201,-0.196929961442947
0.731719300150871,0.318966373801231,-0.607552841305733,-2.10528452694416,3.78276295959949,-0.191486284136772
0.730951592326164,0.319172009825706,-0.596969977021217,-2.08314751088619,3.78873957693577,-0.168115451931953
0.715091548860073,0.320526376366615,-0.58578060567379,-2.07965107262135,3.70476868748665,-0.156492814421654
0.706853114068508,0.32127457857132,-0.58221535384655,-2.07544648647308,3.6589033305645,-0.147799015045166
0.699521623551846,0.321803957223892,-0.58120009303093,-2.07077333331108,3.61592964828014,-0.139949589967728
0.700805559754371,0.31179067492485,-0.592751115560532,-2.02561274170876,3.6120822429657,-0.154868692159653
0.686710529029369,0.310929462313652,-0.560632988810539,-1.98403376340866,3.55963018536568,-0.118456989526749
0.686243966221809,0.309041664004326,-0.567321926355362,-1.97239610552788,3.55014187097549,-0.118146121501923
0.686218529939652,0.30713053047657,-0.561803415417671,-1.94782114028931,3.55550776422024,-0.105037957429886
0.664863914251328,0.308745294809341,-0.548638746142387,-1.94507865607739,3.44054473936558,-0.092606887221336
0.664911903440952,0.305113315582275,-0.543750464916229,-1.91427266597748,3.44572095572948,-0.083592772483826
0.664526224136353,0.305119603872299,-0.550085753202438,-1.90959540009499,3.43707159161568,-0.078877776861191
0.665015406906605,0.301592037081718,-0.547016724944115,-1.87945303320885,3.44307571649551,-0.069900810718536
0.665119029581547,0.299818575382233,-0.546726018190384,-1.86169727146626,3.4439881592989,-0.062785819172859
0.630233243107796,0.302286937832832,-0.51602877676487,-1.85526096820831,3.2653706818819,-0.041539341211319
0.630773305892944,0.298906743526459,-0.517500549554825,-1.83124375343323,3.26713928580284,-0.037803292274475
0.630939304828644,0.297253087162971,-0.517445370554924,-1.81427535414696,3.26819045841694,-0.030756831169129
0.631052911281586,0.29565317928791,-0.51717683672905,-1.79771879315376,3.26914063096046,-0.0237997174263
0.631150484085083,0.294041082262993,-0.516805991530418,-1.78110434114933,3.27009691298008,-0.016857847571373
0.630872547626495,0.294032081961632,-0.523793056607246,-1.77322751283646,3.26144222915173,-0.009035021066666
0.631375096738339,0.290937930345535,-0.525091484189034,-1.75090868771076,3.263159096241,-0.00528110563755
0.631543070077896,0.289397120475769,-0.532125219702721,-1.74018919467926,3.25713320076466,-0.003806471824646
0.631708852946758,0.28790009021759,-0.528095349669457,-1.71977916359901,3.26215776801109,0.007621377706528
0.57279210537672,0.291659861803055,-0.474685966968536,-1.7193641513586,2.96206666529179,0.030595019459725
0.573080122470856,0.288952827453613,-0.471204370260239,-1.69429911673069,2.9672763645649,0.03941784799099
0.572970330715179,0.287613570690155,-0.475883603096008,-1.68460157513618,2.96193838119507,0.041079849004746
0.57257703691721,0.286473706364632,-0.469699636101723,-1.66600869596005,2.96576258540154,0.052833542227745
0.54805563390255,0.28654545545578,-0.445727407932282,-1.65110877156258,2.84260639548302,0.068163961172104
0.548136845231056,0.285288959741592,-0.445891261100769,-1.63675852119923,2.84292981028557,0.074975237250328
0.548211045563221,0.284087911248207,-0.446336254477501,-1.62313623726368,2.84293001890182,0.081391230225563
0.530534610152245,0.285213902592659,-0.427521385252476,-1.61578390002251,2.75568627566099,0.095499515533447
0.530659697949886,0.282792165875435,-0.432113870978355,-1.60115922987461,2.75184431672096,0.095593765377998
0.530414134263992,0.281682834029198,-0.426648043096065,-1.58356936275959,2.75583676248789,0.106527641415596
0.530104912817478,0.28057274222374,-0.430483482778072,-1.5735145509243,2.7501459941268,0.109921902418137
0.529765084385872,0.280761957168579,-0.425509072840214,-1.56152154505253,2.75308143347502,0.123050197958946
0.502388335764408,0.279709339141846,-0.398956291377544,-1.5445418804884,2.6153737232089,0.133714154362679
0.496875531971455,0.279936358332634,-0.393566027283669,-1.53535784780979,2.58768716454506,0.144260302186012
0.492327935993671,0.277684509754181,-0.394375339150429,-1.5208036005497,2.5595922768116,0.145303457975388
0.487498492002487,0.276675671339035,-0.39385212957859,-1.51208087801933,2.53113882243633,0.147973150014877
0.480589963495731,0.277658596634865,-0.374727949500084,-1.49881882220507,2.5088118314743,0.167132757604122
0.475694887340069,0.27566109597683,-0.373870141804218,-1.48576215654612,2.48029918223619,0.168204419314861
0.475527733564377,0.27470526099205,-0.369914636015892,-1.46952111274004,2.48325176537037,0.178710453212261
0.465449720621109,0.27407106757164,-0.358418099582195,-1.45805656909943,2.43428022414446,0.186369836330414
0.465347528457642,0.27313806116581,-0.359142325818539,-1.44595342874527,2.43294284492731,0.192874938249588
0.465152330696583,0.272229745984077,-0.358557745814323,-1.43422167748213,2.43235623836517,0.199156798422337
0.450813829898834,0.271588116884232,-0.345214925706387,-1.42246132344008,2.35966805368662,0.207067377865314
0.450252398848534,0.270877435803413,-0.342887654900551,-1.41141152381897,2.35862673819065,0.213853091001511
0.44051081687212,0.270219355821609,-0.332549162209034,-1.3999901637435,2.31051573902369,0.221325971186161
0.435432352125645,0.269475385546684,-0.329083986580372,-1.39276777952909,2.2835101261735,0.224084533751011
0.435230806469917,0.268696561455727,-0.326023139059544,-1.37754065543413,2.28536169975996,0.234638713300228
0.426016166806221,0.26884762942791,-0.316718474030495,-1.37020155787468,2.23937852680683,0.24288421869278
0.425899364054203,0.267145112156868,-0.315327815711498,-1.35601974278688,2.24006836861372,0.246850930154324
0.425860516726971,0.266319870948791,-0.315954513847828,-1.34540469571948,2.239208586514,0.252514529973268
0.41325493901968,0.264633670449257,-0.307072982192039,-1.33713941648602,2.17245665192604,0.250662606209516
0.412929244339466,0.264043554663658,-0.308626212179661,-1.33110455051065,2.16894925385714,0.253156777471304
0.406740620732307,0.260217621922493,-0.293912164866924,-1.3157483227551,2.14653155952692,0.24555740877986
0.404138892889023,0.257697895169258,-0.29487269371748,-1.30676895752549,2.12996066361666,0.239418413490057
0.404138892889023,0.257697895169258,-0.304292935878038,-1.28869098052382,2.1205404214561,0.257496390491724
0.389700792729855,0.238734886050224,-0.301598377525806,-1.24938840791583,2.03660637885332,0.183020908385515
0.384521000087261,0.236703544855118,-0.26540756598115,-1.22403206676245,2.04171843454242,0.196189202368259
0.384299077093601,0.23610383272171,-0.265215381979942,-1.21429331414402,2.04057908058166,0.202329682186246
0.379372052848339,0.231170788407326,-0.259674333035946,-1.20118802972138,2.01655798405409,0.185836700722575
0.376853093504906,0.228535994887352,-0.256331108510494,-1.19026194512844,2.00478745251894,0.180954024195671
0.376662254333496,0.227881759405136,-0.255338124930859,-1.18096302822232,2.00463540107012,0.186327528208494
0.376649349927902,0.227256327867508,-0.254866771399975,-1.17251459695399,2.00502932816744,0.19102337025106
0.36979004740715,0.221698626875877,-0.247627295553684,-1.15918494388461,1.97111298888922,0.171006817370653
0.369670629501343,0.221119418740272,-0.246597226709127,-1.15037923492491,1.97142655029893,0.176337277516723
0.369636692106724,0.220565497875214,-0.2456329241395,-1.14272247161716,1.97218722850084,0.180670515634119
0.369614779949188,0.22001376748085,-0.244560815393925,-1.13551560696214,1.9731278643012,0.184566997922957
0.362836137413979,0.213268846273422,-0.238824911415577,-1.12132652010769,1.93819191306829,0.158286557532847
0.362375505268574,0.212814375758171,-0.236554943025112,-1.11472245235927,1.93769808858633,0.162163802189752
0.359618611633778,0.209039777517319,-0.235958222299814,-1.10307410696987,1.92175344750285,0.151164558134042
0.35760060697794,0.207133635878563,-0.233375653624535,-1.09474381618202,1.9122279882431,0.14805799908936
0.356185875833035,0.205429166555405,-0.232551287859678,-1.08572575077415,1.90456396713853,0.146849248558283
0.356154553592205,0.204921901226044,-0.233488779515028,-1.07881020335481,1.9034385420382,0.150721204001457
0.35603453963995,0.204431548714638,-0.234237145632505,-1.07168447505683,1.90197009220719,0.154904817231
0.35235970467329,0.20100799202919,-0.231886450201273,-1.06379410531372,1.88227177783847,0.142253846861422
0.352104313671589,0.199905231595039,-0.232460409402847,-1.05426931288093,1.88016547262669,0.145162076689303
0.351873002946377,0.200083270668983,-0.233076442033052,-1.05218843743205,1.87816157564521,0.14831118658185
0.352161481976509,0.197545602917671,-0.236039292067289,-1.03948402311653,1.87692959979177,0.145789594389498
0.351320862770081,0.197182938456535,-0.236509043723345,-1.03305635089055,1.87141613289714,0.150041279848665
0.351445138454437,0.196746245026588,-0.237066015601158,-1.02648532460444,1.87160481512547,0.153992145555094
0.351092875003815,0.196883305907249,-0.237291956320405,-1.02163157128962,1.86926529370248,0.159668264153879
0.348106175661087,0.198298826813698,-0.235910827293992,-1.02030015678611,1.85272622667253,0.16949280409608
0.349552102386951,0.196673735976219,-0.243408143520355,-1.01090516801924,1.85390447080135,0.16913724783808
0.349141821265221,0.196536138653755,-0.241038009524345,-1.00187958218157,1.85381291806698,0.177337249740958
0.344261087477207,0.200151920318604,-0.237245004624128,-0.999679628759623,1.82832152023911,0.201231893151998
0.344573572278023,0.199823722243309,-0.238707626238465,-0.993803415447474,1.82873380742967,0.205138918012381
0.344850778579712,0.199465990066528,-0.24013901874423,-0.987937385216355,1.82896565273404,0.208858555182815
0.338199786841869,0.204390749335289,-0.235679741948843,-0.988732693716884,1.79351897910237,0.23761180229485
0.336546882987022,0.205396875739098,-0.238065730780363,-0.981484081596136,1.78121556714177,0.250897172838449
0.336391113698483,0.205186739563942,-0.237767312675714,-0.976819582283497,1.78057936951518,0.254300855100155
0.33475461602211,0.20425346493721,-0.236221628263593,-0.972537986934185,1.77230606786907,0.252982802689076
0.335035979747772,0.20288360118866,-0.239643773064017,-0.965115621685982,1.77057210542262,0.252185985445976
0.334971204400063,0.202772706747055,-0.241626102477312,-0.961923588067293,1.76820112392306,0.254712652415037
0.335175782442093,0.202448710799217,-0.24159412458539,-0.956037476658821,1.76946057006717,0.258654788136482
0.335429735481739,0.202133491635323,-0.242467893287539,-0.95153546333313,1.77011051960289,0.261265486478806
0.33204535394907,0.201414674520492,-0.240564331412315,-0.948745984584093,1.7517077922821,0.259742062538862
0.331039942800999,0.201872110366821,-0.24003441631794,-0.947216410189867,1.74620524048805,0.264016252011061
0.330650128424168,0.202332302927971,-0.240776135586202,-0.94473883882165,1.7431246349588,0.269254978746176
0.329608768224716,0.203640103340149,-0.240692834369838,-0.943580783903599,1.73695977497846,0.278259836137295
0.329960703849792,0.203278407454491,-0.239362184889615,-0.940444648265839,1.74040203820914,0.279225796461105
0.328530795872211,0.205545663833618,-0.236665144562721,-0.939946923404932,1.73451963067055,0.293327059596777
0.328668937087059,0.205396488308907,-0.235816781874746,-0.937079906463623,1.73619684064761,0.295299023389816
0.327307239174843,0.207182317972183,-0.234551738016307,-0.936087526381016,1.72929169703275,0.307006381452084
0.326586350798607,0.207475110888481,-0.231375032104552,-0.934879679232836,1.72814307268709,0.309970986098051
0.326910957694054,0.207103610038757,-0.230869488790631,-0.931577563285827,1.73059625737369,0.311044096946716
0.327268414199352,0.206768706440926,-0.231341326609254,-0.929388426244259,1.73226915858686,0.311223812401295
0.326272897422314,0.20716680586338,-0.231145581230521,-0.926580980420113,1.72649180330336,0.31641985476017
0.326870456337929,0.206907659769058,-0.233214309439063,-0.925390467047691,1.72800842858851,0.316055491566658
0.326317004859447,0.206113755702972,-0.233640725724399,-0.922294922173023,1.72426130343229,0.314387612044811
0.325869672000408,0.205736473202705,-0.23290759883821,-0.919971782714128,1.72231043316424,0.314447056502104
0.326243080198765,0.205527007579803,-0.234160995110869,-0.91723807156086,1.72329748608172,0.315923973917961
0.325236655771732,0.204813376069069,-0.232808219268918,-0.91473563760519,1.71861171536148,0.314144618809223
0.325655914843082,0.204086244106293,-0.235713961534202,-0.910973779857159,1.71822152752429,0.313543684780598
0.325588144361973,0.203613042831421,-0.23648595251143,-0.908126529306173,1.71704291366041,0.313551727682352
0.323738619685173,0.203699350357056,-0.232783272862434,-0.904471006244421,1.7096484452486,0.317725095897913
0.323274359107018,0.203354999423027,-0.23256896622479,-0.902610350400209,1.70707718841732,0.317519646137953
0.322857268154621,0.203468695282936,-0.230988496914506,-0.900457352399826,1.70615511201322,0.32035481929779
0.322525389492512,0.203515961766243,-0.229991167783737,-0.898978397250176,1.70516116917133,0.322117373347282
0.32463114708662,0.202328637242317,-0.238436656072736,-0.891955308616161,1.70935022644699,0.322016514837742
0.322975512593985,0.201152697205544,-0.237710943445563,-0.888236667960882,1.70014213211834,0.318679515272379
0.322864182293415,0.20078432559967,-0.238660420291126,-0.885510690510273,1.69852467346936,0.319195263087749
0.322361029684544,0.200553417205811,-0.239458342082798,-0.883997716009617,1.69470783602446,0.319322787225246
0.322872690856457,0.199932381510735,-0.24219280667603,-0.880172781646252,1.69504333846271,0.319421507418156
0.32227947562933,0.200049877166748,-0.239467034116387,-0.879089649766684,1.69420981965959,0.321209613233805
0.322445962578058,0.199925526976585,-0.239519396796823,-0.877105783671141,1.69515637867153,0.322447378188372
0.320612523704767,0.199772760272026,-0.239174637943506,-0.875585664063692,1.6845005042851,0.323050897568464
0.320851236581802,0.199461996555328,-0.24086744710803,-0.872440956532955,1.68423997238278,0.324331022799015
0.32021227478981,0.199479430913925,-0.23999291472137,-0.870976783335209,1.68128073401749,0.325899802148342
0.320342872291803,0.199277266860008,-0.239539463073015,-0.868857227265835,1.68251777067781,0.326806373894215
0.320139322429895,0.199327573180199,-0.238735981285572,-0.867542363703251,1.6820999532938,0.328423075377941
0.32088890299201,0.198998972773552,-0.240587834268808,-0.865010336041451,1.68474558368325,0.328983500599861
0.318202313035727,0.199469700455666,-0.238102123141289,-0.864101976156235,1.67111175507307,0.332716226577759
0.318429585546255,0.199088096618652,-0.238463396206498,-0.861555345356464,1.67211411707103,0.33297323435545
0.31668995693326,0.199583232402801,-0.236414387822151,-0.86060132086277,1.66372535377741,0.336898073554039
0.317211490124464,0.199114471673965,-0.238394025713205,-0.857367649674416,1.66487491503358,0.337319180369377
0.31687555834651,0.199121803045273,-0.233444033190608,-0.855812821537256,1.66780931688845,0.338917996734381
0.314727287739515,0.199970334768295,-0.229769958183169,-0.855838134884834,1.65859376825392,0.343983873724937
0.31571664661169,0.19904038310051,-0.232759339734912,-0.852034207433462,1.66154053993523,0.342208091169596
0.31597987189889,0.198810949921608,-0.232676712796092,-0.850501336157322,1.66320251859725,0.342364363372326
0.315630208700895,0.198840424418449,-0.230894109234214,-0.849158249795437,1.66288714297116,0.34388429671526
0.313161324709654,0.199485063552856,-0.227030592039227,-0.8477863073349,1.6519373562187,0.349124073982239
0.311809748411179,0.199765309691429,-0.223038777709007,-0.846533752977848,1.64781971275806,0.352058105170727
0.311008870601654,0.200154945254326,-0.219096323475242,-0.846366658806801,1.64695690013468,0.354563012719154
0.310255944728851,0.200572475790977,-0.219162469729781,-0.844311848282814,1.64237319864333,0.359123006463051
0.30955445766449,0.20089253783226,-0.218162074685097,-0.843457937240601,1.63916467130184,0.36189728975296
0.308573201298714,0.200864195823669,-0.210653215646744,-0.842342268675566,1.64078599214554,0.362842906266451
0.309863042086363,0.200150117278099,-0.214081738144159,-0.838397942483425,1.64509651437402,0.362502761185169
0.307480718940496,0.201017677783966,-0.209831044077873,-0.837957117706537,1.63505326956511,0.368148948997259
0.307516947388649,0.200866922736168,-0.210031323134899,-0.835883941501379,1.63507036119699,0.369317594915628
0.307634122669697,0.200751036405563,-0.207744218409061,-0.834934417158365,1.63806051760912,0.369571801275015
0.305324919521809,0.201757878065109,-0.204168885946274,-0.835167437791824,1.62778063118458,0.375379830598831
0.30451176315546,0.201999962329864,-0.201803244650364,-0.834508992731571,1.6252673342824,0.377490781247616
0.305057272315025,0.20167139172554,-0.202185966074467,-0.832539565861225,1.62815766781569,0.377488784492016
0.30500566214323,0.201705366373062,-0.199902985244989,-0.832581885159016,1.63013098761439,0.377650313079357
0.305014658719301,0.20167663693428,-0.19773006439209,-0.832319665700197,1.63235788792372,0.377740155905485
0.304880857467651,0.201731577515602,-0.196104094386101,-0.831660743802786,1.63318105041981,0.378728721290827
0.304867275059223,0.201745450496674,-0.193887077271938,-0.831402707844973,1.6353165730834,0.379069995135069
0.304803468286991,0.201775014400482,-0.193041190505028,-0.830854970961809,1.63577961921692,0.379795115441084
0.300458125770092,0.20603697001934,-0.185296438634396,-0.835559982806444,1.61745231598616,0.400661837309599
0.300032295286655,0.206702873110771,-0.183399043977261,-0.835668198764324,1.61679472774267,0.404549039900303
0.299047745764255,0.207319840788841,-0.179299101233482,-0.835613906383514,1.61498737335205,0.408305138349533
0.298595104366541,0.207902073860168,-0.176591917872429,-0.83603186532855,1.61497870832682,0.41138057783246
0.298087332397699,0.208728566765785,-0.17487820610404,-0.836485680192709,1.61364578828216,0.415885720402002
0.297513581812382,0.208700105547905,-0.172266624867916,-0.835891429334879,1.61281486600637,0.416309203952551
0.29707270488143,0.20990289747715,-0.170836612582207,-0.836774885654449,1.61159961670637,0.42264249920845
0.296876788139343,0.209810823202133,-0.169598437845707,-0.836107738316059,1.61166229099035,0.42275720089674
0.29700768366456,0.209728121757507,-0.169570188969374,-0.835771739482879,1.61247591301799,0.422596991062164
0.296971555799246,0.20967261493206,-0.166461490094662,-0.835614580661058,1.61536784470081,0.422421108931303
0.297016892582178,0.209653124213219,-0.166167132556438,-0.835258994251489,1.61593422293663,0.422659751027823
0.294527601450682,0.212187185883522,-0.161339282989502,-0.83792120963335,1.60582632571459,0.435201905667782
0.294623348861933,0.212181642651558,-0.159578669816256,-0.837315704673529,1.60816142335534,0.435774151235819
0.293429169803858,0.213403850793838,-0.157839450985193,-0.838017772883177,1.60273556783795,0.442405331879854
0.292965952306986,0.213994860649109,-0.157004408538342,-0.837973076850176,1.60079130530357,0.445996087044478
0.292721480131149,0.213930413126945,-0.15250726416707,-0.837821587920189,1.60382161661983,0.445760890841484
0.291786670684814,0.215160891413689,-0.150323741137981,-0.838702697306871,1.60039628297091,0.45226265117526
0.291813991963863,0.215118959546089,-0.148653093725443,-0.838401943445206,1.60223085805774,0.452311813831329
0.290791474282742,0.216248527169228,-0.147436775267124,-0.83928769081831,1.59731207042933,0.458203472197056
0.290274821221828,0.216782346367836,-0.146514173597097,-0.839406386017799,1.59513475373387,0.461287692189217
0.289828091859818,0.216712579131126,-0.141503620892763,-0.839609455317259,1.59746493026614,0.4606660194695
0.288809806108475,0.217767626047134,-0.140136979520321,-0.84022593125701,1.59272185713053,0.466379825025797
0.289387088268995,0.217354580760002,-0.140197619795799,-0.838741190731525,1.59612490981817,0.465386293828487
0.28866683319211,0.218347504734993,-0.139323726296425,-0.839341856539249,1.59267727285624,0.470743171870708
0.288194824010134,0.218833297491074,-0.138801004737616,-0.839676067233086,1.59036793932319,0.473323717713356
0.287668008357286,0.219388157129288,-0.137793216854334,-0.839662186801434,1.58821483328938,0.476666755974293
0.287619836628437,0.219164609909058,-0.136822246015072,-0.838335230946541,1.58889677375555,0.476652428507805
0.287618458271027,0.219128638505936,-0.132008545100689,-0.838820707052946,1.59370220452547,0.475951123982668
0.287707753479481,0.219087585806847,-0.131672732532024,-0.838198717683554,1.59457378834486,0.476326797157526
0.285627849400043,0.221531987190247,-0.126585897058249,-0.840003397315741,1.58718119934201,0.489188525825739
0.285720285028219,0.221448957920074,-0.125804431736469,-0.83988593146205,1.58851727843285,0.488807816058397
0.284665685147047,0.222365841269493,-0.123178422451019,-0.839927963912487,1.58481568843126,0.494267083704472
0.284279104322195,0.222981974482536,-0.122145541012287,-0.841086633503437,1.58352908492088,0.496805213391781
0.28387562930584,0.223601475358009,-0.119145587086678,-0.842573493719101,1.58410818874836,0.499035358428955
0.284804508090019,0.223276361823082,-0.120847024023533,-0.84112711250782,1.58798002451658,0.498531058430672
0.283545523881912,0.224647551774979,-0.118512630462646,-0.841388925909996,1.58276051282883,0.506496384739876
0.282414317131042,0.225240305066109,-0.11345286667347,-0.841129161417484,1.58103303611279,0.510312668979168
0.282727163285017,0.22510515153408,-0.112948685884476,-0.840535007417202,1.58341429382563,0.510095901787281
0.281436871737242,0.226067081093788,-0.110109806060791,-0.840978119522333,1.57851142436266,0.515424367040396
0.280785571783781,0.226544111967087,-0.108892440795898,-0.84078774228692,1.57582098990679,0.5184769295156
0.280794315040112,0.227065429091454,-0.107881680130959,-0.841092418879271,1.57688421010971,0.521300155669451
0.280341077595949,0.226873472332954,-0.105602599680424,-0.839718323200941,1.57644386589527,0.521522510796785
0.2791314907372,0.228442847728729,-0.100916773080826,-0.840824212878943,1.57387217134237,0.529832873493433
0.279071405529976,0.228310331702232,-0.098565071821213,-0.839752741158009,1.57586336135864,0.530109249055386
0.278808400034904,0.228239670395851,-0.096238113939762,-0.838717114180326,1.57661228626966,0.53072090819478
0.279111918061972,0.228221878409386,-0.095965825021267,-0.83843707293272,1.57870568335056,0.530894197523594
0.279081381857395,0.228202685713768,-0.093783207237721,-0.837953269481659,1.58070508390665,0.531262844800949
0.278883215039968,0.228151723742485,-0.092296801507473,-0.837177291512489,1.58100248873234,0.531733050942421
0.279539197683334,0.228034481406212,-0.094242960214615,-0.836245462298393,1.58299222588539,0.531961426138878
0.279556129127741,0.227951124310493,-0.093715958297253,-0.835331007838249,1.58362081646919,0.532375738024712
0.279618076980114,0.227905929088593,-0.08854079246521,-0.834508411586285,1.58916766941547,0.532927162945271
0.279743377119303,0.227848783135414,-0.087141454219818,-0.83401220291853,1.591318808496,0.533080495893955
0.272880587726831,0.233174383640289,-0.078873164951801,-0.838542845100164,1.55841036140919,0.560503456741571
0.27343362942338,0.232968971133232,-0.078812725841999,-0.837964706122875,1.56178905069828,0.559849120676518
0.273619905114174,0.23288394510746,-0.078555777668953,-0.837507955729961,1.56316365301609,0.559795714914799
0.27342863380909,0.232826694846153,-0.077142156660557,-0.836438737809658,1.56342964619398,0.560521431267262
0.270912542939186,0.235288962721825,-0.074090249836445,-0.838060207664967,1.55138500779867,0.573673568665981
0.271234080195427,0.235236376523972,-0.074854344129562,-0.837350599467754,1.552550137043,0.574067659676075
0.27002128213644,0.236012294888496,-0.067850477993488,-0.837323471903801,1.55227721482515,0.578750297427177
0.269289914518595,0.236450210213661,-0.065194688737393,-0.837096586823463,1.55054479837418,0.581604674458504
0.26912522315979,0.236357316374779,-0.062980376183987,-0.836285930126905,1.55177096277475,0.581857968121767
0.269634060561657,0.236301556229591,-0.06298004835844,-0.835401318967342,1.5548243150115,0.582408018410206
0.269726727157831,0.236234173178673,-0.061167612671852,-0.83449524641037,1.55719275027514,0.582909792661667
0.26689088717103,0.238055527210236,-0.056460469961166,-0.835405897349119,1.54488485306501,0.592927265912294
0.267096050083637,0.237967520952225,-0.05500452965498,-0.834201462566853,1.54757177084684,0.593603663146496
0.267253328114748,0.237961679697037,-0.05416651815176,-0.833802692592144,1.54935345053673,0.593967385590076
0.267373099923134,0.23786835372448,-0.052665688097477,-0.832946710288525,1.55157291144133,0.594263412058353
0.267406594008207,0.237754061818123,-0.051123924553394,-0.831660710275173,1.55331563949585,0.594863660633564
0.267469856888056,0.237691536545753,-0.049675241112709,-0.831007830798626,1.55514390021563,0.595141388475895
0.268154390156269,0.237770065665245,-0.05047881603241,-0.83081516623497,1.5584475249052,0.5958052277565
0.267932549118996,0.237666353583336,-0.047793045639992,-0.829838518053293,1.55980224907398,0.596159603446722
0.267663985490799,0.237610802054405,-0.046587355434895,-0.829520229250192,1.5593965575099,0.596144583076239
0.268330711871386,0.237669974565506,-0.046314172446728,-0.828940339386463,1.56367009878159,0.597079508006573
0.268372874706984,0.237565279006958,-0.044882245361805,-0.828137274831533,1.5653550028801,0.597254399210215
0.268553156405687,0.237491145730019,-0.043948546051979,-0.827345993369818,1.56737039238215,0.597600881010294
0.268856856971979,0.237503483891487,-0.043587401509285,-0.827339388430119,1.56955374032259,0.597681514918804
0.26897144690156,0.237470149993896,-0.042746402323246,-0.827021263539791,1.57108227908611,0.597799636423588
0.268772654235363,0.237422466278076,-0.041646480560303,-0.826006703078747,1.57098944485188,0.59852809458971
0.258845575153828,0.241797313094139,-0.031225450336933,-0.829853869974613,1.52184800058603,0.620930008590221
0.25827082246542,0.242124870419502,-0.027718275785446,-0.829137980937958,1.52190665900707,0.623611241579056
0.257900193333626,0.241857156157494,-0.025775745511055,-0.827547580003738,1.5216254144907,0.623595356941223
0.257218725979328,0.242862567305565,-0.025068618357182,-0.82920154556632,1.51824373751879,0.627973858267069
0.256444970145822,0.243120297789574,-0.022370330989361,-0.828365489840508,1.51629948988557,0.630356296896935
0.256262393668294,0.243035867810249,-0.019903846085072,-0.826992880553007,1.51767051592469,0.631222326308489
0.256557941436768,0.243127644062042,-0.019644476473332,-0.826607007533312,1.51970317214727,0.632158856838942
0.256623063236475,0.243156999349594,-0.019331939518452,-0.826298657804728,1.5204064399004,0.632643338292837
0.256719145923853,0.243121206760406,-0.01961661875248,-0.825664166361094,1.52069825679064,0.633063074201345
0.256851207464933,0.243194863200188,-0.016875147819519,-0.824768353253603,1.52423209697008,0.634400825947523
0.256763484328985,0.243132516741753,-0.015518993139267,-0.824058897793293,1.52506191283464,0.634736202657223
0.257039546966553,0.24338287115097,-0.015328995883465,-0.823982447385788,1.52690828591585,0.636314779520035
0.257241683080792,0.243488162755966,-0.014145232737064,-0.823405265808106,1.52930486574769,0.637523710727692
0.251021193340421,0.243567243218422,-0.006022252142429,-0.822269570082426,1.5001049079001,0.639133889228105
0.25071351788938,0.243381336331367,-0.003662839531899,-0.820420198142529,1.50061826780438,0.639867819845676
0.250064458698034,0.244019210338593,-0.003570564091206,-0.82194259390235,1.496816188097,0.642172668129206
0.250231996178627,0.243984550237656,-0.003838896751404,-0.82148427888751,1.49755308032036,0.642423022538424
0.250328693538904,0.24392768740654,-0.001837059855461,-0.820594195276499,1.50013510137796,0.642971929162741
0.250449378043413,0.243907958269119,-0.001155957579613,-0.819950968027115,1.50154031068087,0.643496781587601
0.250502916052937,0.243979498744011,0.000235170125961,-0.81894725933671,1.50325266644359,0.644929733127356
0.250575177371502,0.24397149682045,0.001752994954586,-0.817790452390909,1.5052040591836,0.64603852853179
0.250647991895676,0.24403615295887,0.003341622650623,-0.816923104226589,1.50722957402468,0.64729381352663
0.250768512487411,0.243991538882256,0.004598535597324,-0.816020473837853,1.50920961052179,0.647928759455681
0.245639055967331,0.244793429970741,0.009959027171135,-0.816478654742241,1.48379336297512,0.652281925082207
0.245906997472048,0.244711250066757,0.01111514121294,-0.815476074814796,1.48655712604523,0.652791425585747
0.245764277875423,0.244578421115875,0.013621285557747,-0.814167223870754,1.48820695281029,0.653303302824497
0.244058758020401,0.244676396250725,0.014699280261993,-0.813487388193607,1.4790518283844,0.654570989310741
0.244240533560514,0.244881510734558,0.016634970903397,-0.812752302736044,1.48207817226648,0.656536761671305
0.244391748681664,0.245037317276001,0.017714999616146,-0.812233053147793,1.48406549170613,0.657990850508213
0.242347517982125,0.244888722896576,0.019865162670612,-0.811416931450367,1.47395027056336,0.657915405929089
0.242403199896216,0.245067074894905,0.020046629011631,-0.811525978147984,1.47446582838893,0.658876471221447
0.241438211873174,0.245203942060471,0.020822934806347,-0.811514161527157,1.46945220604539,0.659709490835667
0.241404805332422,0.245137736201286,0.024871863424778,-0.809610147029161,1.47330069541931,0.661216270178556
0.241568693891168,0.245218694210052,0.025281433016062,-0.80901125818491,1.47469359636307,0.662300907075405
0.240077177062631,0.244193121790886,0.028073407709599,-0.807167932391167,1.46853647008538,0.657990798354149
0.239527905359864,0.243777364492416,0.029536232352257,-0.805527899414301,1.46670366451144,0.657136287540197
0.239798594266176,0.244058966636658,0.028331287205219,-0.806184872984886,1.46712285280228,0.65816892683506
0.238512042909861,0.243565514683723,0.03184550255537,-0.803985938429832,1.46291776001453,0.657407149672508
0.238930797204375,0.24369053542614,0.032631970942021,-0.802888922393322,1.46621675416827,0.659254290163517
0.238996025174856,0.243730068206787,0.032817587256432,-0.802395351231098,1.46679373830557,0.659985058009625
0.237257935106754,0.24337063729763,0.036769367754459,-0.800546742975712,1.46031697839499,0.65967708081007
0.237280584871769,0.243404403328896,0.038012016564608,-0.799674976617098,1.46169552579522,0.660751443356276
0.237056113779545,0.243310496211052,0.040569625794888,-0.798027522861958,1.46290630847216,0.661835454404354
0.235563995316625,0.24358543753624,0.042971089482308,-0.797004066407681,1.45635506138206,0.664508558809757
0.235057707875967,0.243666529655457,0.04458736255765,-0.796224039047956,1.45493360981345,0.665775138884783
0.235023766756058,0.243724584579468,0.045450154691935,-0.795668296515942,1.45559275522828,0.666679210960865
0.234246851876378,0.243587478995323,0.046353410929442,-0.795287050306797,1.45183452218771,0.666237823665142
0.233765574172139,0.243458360433578,0.048203434795141,-0.794355660676956,1.45079687982798,0.666394501924515
0.233346747234464,0.243144407868385,0.048867013305426,-0.793134137988091,1.44894749671221,0.665732309222221
0.232865648344159,0.242828607559204,0.049766253679991,-0.792022734880447,1.44696014374495,0.664948910474777
0.232361214235425,0.242532253265381,0.050709988921881,-0.790913090109825,1.44487727433443,0.66428042948246
0.232599295675755,0.242961257696152,0.052979610860348,-0.790240950882435,1.44857538491488,0.667526595294476
0.232628205791116,0.242946922779083,0.053111061453819,-0.789638601243496,1.44888029620051,0.668042935431004
0.230953941121697,0.242660492658615,0.057118695229292,-0.787777699530125,1.44284234195948,0.668185256421566
0.230774831026793,0.24298894405365,0.056384984403849,-0.787960849702358,1.4410339705646,0.669972814619541
0.229506690055132,0.242756441235542,0.061956729739904,-0.785400494933128,1.4389968700707,0.671138152480125
0.229318786412477,0.242987662553787,0.062351793050766,-0.785519037395716,1.43826451152563,0.672406937927008
0.229083698242903,0.243006035685539,0.063300505280495,-0.784542355686426,1.43780269473791,0.673493858426809
0.228103589266539,0.242807865142822,0.066059775650501,-0.783415533602238,1.43468131124973,0.673431657254696
0.227953922003508,0.243003934621811,0.066375378519297,-0.783470697700977,1.43409891054034,0.674552910029888
0.227075334638357,0.242697015404701,0.069143615663052,-0.781696565449238,1.43159562349319,0.67448552697897
0.226747687906027,0.242908954620361,0.070341743528843,-0.781165301799774,1.430827870965,0.676288425922394
0.226339470595121,0.242897361516952,0.071706734597683,-0.780516102910042,1.42974355816841,0.676868066191673
0.226371712982655,0.242858394980431,0.072864707559347,-0.779754996299744,1.43109498545527,0.67739537358284
0.225581599399447,0.242521986365318,0.073052573949099,-0.778804957866669,1.42654217034578,0.676326960325241
0.225557399913669,0.242536842823029,0.073397073894739,-0.778199344873428,1.42674147337675,0.677021712064743
0.225601848214865,0.242561161518097,0.073495250195265,-0.77785462141037,1.42710633948445,0.677512347698212
0.224417062476277,0.242334231734276,0.076949981972575,-0.776384893804789,1.42345235683024,0.677620496600866
0.224116479977965,0.242191761732101,0.078777519986034,-0.775192383676767,1.42347639985383,0.677958186715841
0.223169002681971,0.242442816495895,0.081689635291696,-0.774355430155993,1.42070365138352,0.68030146881938
0.222930585034192,0.242364719510078,0.083277201279998,-0.772048681974411,1.42086071148515,0.68213963508606
0.221722464077175,0.242477849125862,0.084809122607112,-0.771504312753677,1.41514390707016,0.683362782001495
0.221121395938098,0.242349594831467,0.08758445084095,-0.770062144845724,1.41431282646954,0.684035424143076
0.220187063328922,0.24197219312191,0.090515900403261,-0.767739035189152,1.41163828037679,0.684094123542309
0.220507824793458,0.242312058806419,0.089429296553135,-0.76827060431242,1.41247624531388,0.685601748526096
0.220385121181607,0.242219612002373,0.091531131416559,-0.766801968216896,1.4138418585062,0.68651570379734
0.22059094067663,0.242475807666779,0.091658391058445,-0.766926869750023,1.41520403511822,0.687927976250649
0.220627261325717,0.242591291666031,0.092495925724506,-0.766500368714333,1.41625949367881,0.689047381281853
0.218437546864152,0.241547644138336,0.095046019181609,-0.765281513333321,1.40567130036652,0.684004351496697
0.218131294474006,0.241373956203461,0.095871409401298,-0.763656511902809,1.40465917624533,0.684587225317955
0.217203890904784,0.241282030940056,0.097110843285918,-0.763140961527824,1.40033418871462,0.684551224112511
0.216449918225408,0.240995198488235,0.100932743400335,-0.760735765099525,1.39963225275278,0.685235425829887
0.216187486425042,0.240882188081741,0.101902928203344,-0.759495094418526,1.3990278467536,0.685798034071922
0.216804578900337,0.241670221090317,0.10108358040452,-0.76154451072216,1.40191105380654,0.68847681581974
0.215208262205124,0.241337195038795,0.104065855965018,-0.75967264175415,1.39531542919576,0.688350528478622
0.214710369706154,0.241372749209404,0.105628395453095,-0.758672513067722,1.39389061369002,0.689563982188702
0.21484212204814,0.241617977619171,0.106269564479589,-0.758812293410301,1.39532229676843,0.690895572304726
0.2149419747293,0.241668984293938,0.107131686061621,-0.758136354386807,1.39678353443742,0.69187755137682
0.214968644082546,0.241653069853783,0.108559563755989,-0.757045075297356,1.39837142825127,0.69287334382534
0.213004626333714,0.24173903465271,0.111099314875901,-0.756148636341095,1.38912707287818,0.694285571575165
0.21220825612545,0.241653621196747,0.113827966153622,-0.754927054047585,1.38707750290632,0.694994673132896
0.212529788725078,0.241634204983711,0.113308475352824,-0.754348643124103,1.38848720770329,0.695456586778164
0.21264179982245,0.241667628288269,0.113962722942233,-0.753845825791359,1.38981352187693,0.696159943938255
0.211485249921679,0.241466641426086,0.115516575984657,-0.752941749989986,1.38442807551473,0.695858098566532
0.211263503879309,0.241349875926971,0.117197080515325,-0.751919962465763,1.38477810379118,0.696179293096066
0.211283655837178,0.241321876645088,0.118179740384221,-0.751116700470447,1.38588167540729,0.696814559400082
0.210008488968015,0.240791693329811,0.119061442092061,-0.749650098383427,1.37911237590015,0.69510006159544
0.209997227415442,0.24083611369133,0.120366464368999,-0.748802185058594,1.38034982886165,0.696214497089386
0.209968557581305,0.240954950451851,0.120742882601917,-0.748592674732208,1.38055422808975,0.697137027978897
0.208822874352336,0.240280345082283,0.86189769860357,-2.41398744285107,2.11483494471759,-0.972305372357368
-0.181387841701508,-0.042559936642647,1.19712297618389,-2.59170530736446,0.108795925974846,-2.84706492722034
-0.18129363656044,-0.042355015873909,2.18662749230862,-1.91396944224834,1.09886567294598,-2.1680995374918
-0.180620670318604,-0.042974308133125,2.1788807362318,-1.89963714778423,1.09515671432018,-2.15748299658298
-0.178270936012268,-0.04649056494236,2.16192226111889,-1.87385861575604,1.09229664504528,-2.15280200541019
0.427420228719711,-1.22892266511917,1.53383082151413,-0.664256930351257,4.0983521938324,-8.03779292106628
0.428332820534706,-1.22889572381973,1.52095651626587,-0.665736675262451,4.09095343947411,-8.03911101818085
0.428785502910614,-1.23426574468613,1.54574835300446,-0.558468580245972,4.11846137046814,-7.96406304836273
0.429054364562035,-1.23030343651772,1.52890712022781,-0.590398669242859,4.10323330760002,-7.97221928834915
0.430840864777565,-1.2312673330307,1.5398251414299,-0.537062764167785,4.12487033009529,-7.92466676235199
0.387993589043617,-1.23158705234528,1.58785504102707,-0.503629446029663,3.91581657528877,-7.89315176010132
0.381115540862083,-1.24622493982315,1.58255141973495,-0.419011235237122,3.86924466490746,-7.89636087417603
0.381077453494072,-1.23625981807709,1.54383200407028,-0.507056951522827,3.83029672503471,-7.92461585998535
0.382908254861832,-1.23692855238915,1.55305939912796,-0.458488702774048,3.85050892829895,-7.88006001710892
0.357887774705887,-1.24938604235649,1.54902374744415,-0.459403991699219,3.69635039567947,-7.95572024583817
0.357053309679031,-1.23855841159821,1.53213918209076,-0.500497043132782,3.67445904016495,-7.93184751272202
0.346210092306137,-1.24916470050812,1.55894786119461,-0.445991516113281,3.63620841503143,-7.94097971916199
0.343800395727158,-1.25449872016907,1.55248242616653,-0.424408733844757,3.61528480052948,-7.95140105485916
0.343395471572876,-1.2382635474205,1.53278648853302,-0.486468613147736,3.59315931797028,-7.91604989767075
0.356884986162186,-1.26927852630615,1.45731192827225,-0.359398603439331,3.59862184524536,-7.97506976127625
0.359075710177422,-1.26997298002243,1.4624879360199,-0.314114332199097,3.61694219708443,-7.93395221233368
0.359310761094093,-1.26469826698303,1.45153307914734,-0.319073557853699,3.6073976457119,-7.90726315975189
0.373510047793388,-1.28876572847366,1.42746925354004,-0.249080777168274,3.66852954030037,-7.98167514801025
0.378381252288818,-1.29721090197563,1.41930747032166,-0.196422636508942,3.68959498405457,-7.97968804836273
0.386180937290192,-1.30142533779144,1.40832960605621,-0.148787140846252,3.72541522979736,-7.95733916759491
0.389142856001854,-1.29119136929512,1.33719885349274,-0.221309125423431,3.67205598950386,-7.96845734119415
0.391247868537903,-1.29126545786858,1.34150236845016,-0.182341456413269,3.68898957967758,-7.92993420362473
0.413071393966675,-1.27214023470879,1.29610627889633,-0.19690328836441,3.77453464269638,-7.82974469661713
0.414336562156677,-1.26214614510536,1.26934641599655,-0.233199179172516,3.75536578893661,-7.80607604980469
0.419527560472488,-1.27265396714211,1.2481569647789,-0.163960993289948,3.76532232761383,-7.79988479614258
0.421713769435883,-1.27283212542534,1.22838425636292,-0.147682189941406,3.75866687297821,-7.78467494249344
0.445675700902939,-1.23135897517204,1.19919508695602,-0.163590371608734,3.87324929237366,-7.55174422264099
0.450232148170471,-1.2145813703537,1.16896283626556,-0.189230859279633,3.87035572528839,-7.47671908140183
0.453380346298218,-1.195940554142,1.14227622747421,-0.218252062797546,3.86255830526352,-7.39389538764954
0.458177536725998,-1.20581248402596,1.1218541264534,-0.152769565582275,3.87091934680939,-7.38764446973801
0.460829809308052,-1.17133882641792,1.10564267635345,-0.185874462127686,3.87062153220177,-7.21390742063522
0.464194849133492,-1.17624399065971,1.08108305931091,-0.151624321937561,3.86625215411186,-7.20908826589584
0.463313475251198,-1.14599081873894,1.06161868572235,-0.178025603294373,3.84149953722954,-7.053970515728
0.461961165070534,-1.13071998953819,1.0426852107048,-0.189269125461578,3.81445220112801,-6.97358906269074
0.468180179595947,-1.13129305839539,1.02554428577423,-0.151712000370026,3.83462536334991,-6.93947035074234
0.470259740948677,-1.13150602579117,1.00649112462997,-0.136744260787964,3.82804957032204,-6.92578041553497
0.472247198224068,-1.13160893321037,0.990218997001648,-0.12442684173584,3.82370218634605,-6.91408044099808
0.461770310997963,-1.07168886065483,0.987161040306091,-0.168482065200806,3.75778290629387,-6.59861522912979
0.465716026723385,-1.07194602489471,0.951872199773788,-0.163695216178894,3.7461683601141,-6.59537136554718
0.460134625434876,-1.04316622018814,0.949578881263733,-0.168421268463135,3.71038663387299,-6.42741858959198
0.462046034634113,-1.04336988925934,0.931419938802719,-0.154134333133698,3.7036961466074,-6.41435366868973
0.453186400234699,-1.01525044441223,0.929692059755325,-0.168961524963379,3.64881046116352,-6.26046419143677
0.455038629472256,-1.00740271806717,0.903630703687668,-0.196649968624115,3.6338624805212,-6.24106627702713
0.449218563735485,-0.988619416952133,0.8957739174366,-0.167787492275238,3.59108529984951,-6.09950399398804
0.444146029651165,-0.975277036428452,0.882634431123734,-0.177547514438629,3.54751060903072,-6.02920973300934
0.438982181251049,-0.962223619222641,0.885587185621262,-0.168635725975037,3.51948027312756,-5.94197744131088
0.441734932363033,-0.950916171073914,0.856736868619919,-0.210399627685547,3.50714646279812,-5.91589665412903
0.431195817887783,-0.925412774085998,0.875040471553803,-0.207768321037292,3.4622153788805,-5.76024496555328
0.425743721425533,-0.912824988365173,0.88070359826088,-0.201264202594757,3.43516592681408,-5.6782141327858
0.43376774340868,-0.925741210579872,0.848724842071533,-0.130867063999176,3.45133130252361,-5.68531432747841
0.434687219560146,-0.922092169523239,0.804653257131577,-0.153858006000519,3.41277657449245,-5.68641102313995
0.419014878571034,-0.882345452904701,0.817598909139633,-0.185887277126312,3.33168818056583,-5.47995999455452
0.422270528972149,-0.890172898769379,0.804611176252365,-0.13647985458374,3.33823435008526,-5.47751724720001
0.411902576684952,-0.870470523834229,0.783181935548782,-0.146569788455963,3.25459739565849,-5.36939293146133
0.414399445056915,-0.867329373955727,0.756678462028503,-0.156006693840027,3.24307513237,-5.35998293757439
0.415275424718857,-0.863985106348991,0.736997663974762,-0.166118919849396,3.2286502122879,-5.35002955794334
0.398329108953476,-0.83006863296032,0.737934768199921,-0.196813583374023,3.12790942192078,-5.17722538113594
0.392629653215408,-0.818980261683464,0.764287561178207,-0.166511356830597,3.12006548047066,-5.08039292693138
0.38702192902565,-0.808276519179344,0.770039111375809,-0.160333395004272,3.09217068552971,-5.00999251008034
0.381590276956558,-0.797704324126244,0.741590559482574,-0.179528534412384,3.03113222122192,-4.96575447916985
0.376065343618393,-0.787261590361595,0.731644481420517,-0.187055230140686,2.98803654313087,-4.91062477231026
0.375437766313553,-0.801418647170067,0.730589240789413,-0.068134486675263,2.98321583867073,-4.87664636969566
0.382176890969276,-0.782523080706596,0.703600406646729,-0.127733469009399,2.99666175246239,-4.82287195324898
0.383622877299786,-0.782558768987655,0.665531992912293,-0.135909974575043,2.96726925671101,-4.83126258850098
0.385021068155766,-0.782740548253059,0.665946573019028,-0.112293601036072,2.97607298195362,-4.80873689055443
0.36366655677557,-0.745878651738167,0.685500144958496,-0.124402940273285,2.86749948561192,-4.59967485070229
0.365264184772968,-0.740114331245422,0.653833657503128,-0.148388564586639,2.84541876614094,-4.58907455205917
0.367174416780472,-0.743383407592773,0.646221697330475,-0.120282262563705,2.84926819801331,-4.58058270812035
0.36795511841774,-0.740584000945091,0.620847970247269,-0.133973151445389,2.82857868075371,-4.57747715711594
0.369835220277309,-0.743811756372452,0.610949039459229,-0.104646325111389,2.82996036112308,-4.5675168633461
0.371142856776714,-0.744040757417679,0.605593830347061,-0.089287310838699,2.83245097100735,-4.55353185534477
0.372424997389317,-0.744232207536697,0.600346773862839,-0.07433894276619,2.83489675819874,-4.53973218798637
0.336337462067604,-0.678313612937927,0.632434993982315,-0.125656545162201,2.65045976638794,-4.19553822278976
0.331004098057747,-0.669038772583008,0.606623023748398,-0.140563935041428,2.59264761209488,-4.15479657053947
0.333495505154133,-0.669328138232231,0.596561849117279,-0.125721603631973,2.59753488004208,-4.14169043302536
0.323615439236164,-0.652199491858482,0.606340318918228,-0.129266083240509,2.54803295433521,-4.0424630343914
0.318656034767628,-0.643738254904747,0.583422929048538,-0.144785434007645,2.4953591376543,-4.00721496343613
0.313794620335102,-0.63549230992794,0.575639337301254,-0.150601267814636,2.45840705931187,-3.96355512738228
0.31664552539587,-0.625371783971787,0.551887214183807,-0.188608080148697,2.45176036655903,-3.94083878397942
0.319769397377968,-0.636676743626594,0.527206629514694,-0.140916109085083,2.4458230137825,-3.96097657084465
0.320881381630897,-0.637037917971611,0.536434531211853,-0.106211572885513,2.46172282099724,-3.92843908071518
0.321568563580513,-0.634690642356873,0.526812106370926,-0.107068955898285,2.456223487854,-3.91521281003952
0.323124840855598,-0.637477681040764,0.508805364370346,-0.09352058172226,2.44755440950394,-3.91838666796684
0.295640513300896,-0.589713290333748,0.521335631608963,-0.138345301151276,2.29517871141434,-3.67662504315376
0.290897533297539,-0.581800118088722,0.514570772647858,-0.143946558237076,2.25995597243309,-3.63474726676941
0.287267751991749,-0.579327866435051,0.530006855726242,-0.10225060582161,2.25361336767673,-3.57821780443192
0.289297379553318,-0.572607964277267,0.504090160131455,-0.130996584892273,2.23987443745136,-3.56664437055588
0.290758736431599,-0.575265303254128,0.487087905406952,-0.118202567100525,2.23164032399654,-3.56979438662529
0.29140305519104,-0.573104158043861,0.473656237125397,-0.124646037817001,2.22207456827164,-3.56327098608017
0.273876547813415,-0.544156566262245,0.498538255691528,-0.129311382770538,2.14179754257202,-3.39425078034401
0.271974496543407,-0.539866402745247,0.493156626820564,-0.113702744245529,2.12500360608101,-3.35290116071701
0.272963382303715,-0.540089294314384,0.48904000222683,-0.10167670249939,2.12682029604912,-3.3422124683857
0.273570545017719,-0.538028925657272,0.468049675226212,-0.110286325216293,2.10947294533253,-3.33845987915993
0.262438423931599,-0.520017176866531,0.464745730161667,-0.118988782167435,2.03937627375126,-3.23909184336662
0.263039574027061,-0.517982870340347,0.452126517891884,-0.125164657831192,2.03036396205425,-3.23306187987328
0.264333806931972,-0.520410530269146,0.455189004540443,-0.094754904508591,2.04119184613228,-3.21721808612347
0.265259481966496,-0.520634427666664,0.451421409845352,-0.083317965269089,2.04297830164433,-3.20712453126907
0.266143038868904,-0.520848289132118,0.447731420397759,-0.072132468223572,2.04458965361118,-3.19722220301628
0.267053455114365,-0.520966812968254,0.416983664035797,-0.080507069826126,2.01930439472198,-3.20630794763565
0.244017645716667,-0.481804236769676,0.42759382724762,-0.117495596408844,1.89169970154762,-3.0083210170269
0.244897119700909,-0.481943577528,0.42000937461853,-0.111581772565842,1.88939209282398,-3.00324323773384
0.237209729850292,-0.469404608011246,0.412853926420212,-0.125668227672577,1.83611230552197,-2.94209587574005
0.238949790596962,-0.469782896339893,0.421564713120461,-0.095397800207138,1.85526345670223,-2.9140951782465
0.231553629040718,-0.457845874130726,0.418224185705185,-0.10424730181694,1.80754595994949,-2.8513225466013
0.233225867152214,-0.458233691751957,0.402460992336273,-0.100935637950897,1.80181619524956,-2.85033778846264
0.226064428687096,-0.44667349010706,0.408095166087151,-0.101935893297195,1.76448173820972,-2.78197683393955
0.227683313190937,-0.447055891156197,0.396383941173553,-0.094227731227875,1.76248382031918,-2.77656307816505
0.221428744494915,-0.435840830206871,0.391525655984879,-0.103188335895538,1.72009812295437,-2.71823331713676
0.217963956296444,-0.43025229871273,0.393415361642837,-0.098578363656998,1.7011990994215,-2.68009215593338
0.214570574462414,-0.424781784415245,0.388348743319511,-0.102359861135483,1.67577219009399,-2.65105056762695
0.216918639838696,-0.425368681550026,0.370605409145355,-0.098373919725418,1.67211724817753,-2.65058600902557
0.218061111867428,-0.425490081310272,0.37124390900135,-0.081334084272385,1.67961058020592,-2.63427457213402
0.219283543527126,-0.425725013017654,0.364506274461746,-0.072015464305878,1.6802075356245,-2.6263655424118
0.220349073410034,-0.425850540399551,0.342594608664513,-0.075806587934494,1.66468904912472,-2.6309098303318
0.221314638853073,-0.425980255007744,0.338051706552505,-0.063600286841393,1.66593953967094,-2.61948181688786
0.201714672148228,-0.395757094025612,0.345795601606369,-0.086692065000534,1.55608363449574,-2.46123462915421
0.200280547142029,-0.388997972011566,0.333806768059731,-0.096339106559754,1.5354900509119,-2.43032693862915
0.201448865234852,-0.389209739863873,0.324632734060287,-0.087147265672684,1.5333259254694,-2.42240570485592
0.202697791159153,-0.38941004127264,0.31202532351017,-0.08481639623642,1.52821207046509,-2.42127664387226
0.203633174300194,-0.38792896270752,0.304432511329651,-0.082774445414543,1.52623155713081,-2.41034822165966
0.2051060795784,-0.389657355844975,0.291105881333351,-0.074377909302712,1.52174235880375,-2.41232204437256
0.190998449921608,-0.365472182631493,0.302337005734444,-0.087902784347534,1.44832770526409,-2.28073588013649
0.192077085375786,-0.365674071013927,0.288177713751793,-0.08543761074543,1.44064022600651,-2.27948203682899
0.193176083266735,-0.365783974528313,0.27658811211586,-0.083592653274536,1.43564461171627,-2.27829650044441
0.194240786135197,-0.366085581481457,0.268559500575066,-0.07541061937809,1.43400421738625,-2.27192410826683
0.195326775312424,-0.366360664367676,0.262893237173557,-0.067662283778191,1.4348538890481,-2.26582626998425
0.19633511453867,-0.366557203233242,0.257434785366058,-0.060293883085251,1.43544547259808,-2.2596371024847
0.179269090294838,-0.340288378298283,0.272246971726418,-0.075548529624939,1.34786151349545,-2.11727879941463
0.181116953492165,-0.339279748499393,0.24608052521944,-0.085735857486725,1.33278224617243,-2.12141434848309
0.182070009410381,-0.339616671204567,0.242653384804726,-0.075675085186958,1.33507344126701,-2.11337511241436
0.18301198631525,-0.339869551360607,0.228316143155098,-0.075820624828339,1.3263880610466,-2.11503793299198
0.17307398468256,-0.322971194982529,0.231948308646679,-0.086011707782745,1.27039221674204,-2.02383887767792
0.171424321830273,-0.319088488817215,0.224088951945305,-0.087555214762688,1.25263488292694,-2.00208614766598
0.168862096965313,-0.315008282661438,0.220362283289433,-0.090353772044182,1.23353486508131,-1.98040346801281
0.166440330445766,-0.311049282550812,0.220705904066563,-0.08602885901928,1.21934788674116,-1.95232455432415
0.168584726750851,-0.307920977473259,0.205926865339279,-0.097353205084801,1.21743522584438,-1.94487906992435
0.17014554142952,-0.312408238649368,0.199942633509636,-0.071741819381714,1.22081588208675,-1.94619125127792
0.163469344377518,-0.300913095474243,0.196985989809036,-0.084202110767365,1.17780205607414,-1.88968068361282
0.162644445896149,-0.297749698162079,0.1946936622262,-0.082119673490524,1.17056033760309,-1.868617862463
0.166327744722366,-0.299134291708469,0.179117232561111,-0.071401759982109,1.17708370089531,-1.86620751023293
0.167520195245743,-0.299429170787334,0.173710197210312,-0.065290063619614,1.17883136868477,-1.86186508834362
0.168674267828465,-0.299711458384991,0.168142274022102,-0.059135779738426,1.18018788099289,-1.85740453004837
0.169285878539085,-0.298697173595428,0.151085674762726,-0.066707193851471,1.16680094599724,-1.85889023542404
0.166386842727661,-0.286388084292412,0.146385289728642,-0.068784728646278,1.14470634609461,-1.78711323440075
0.168204911053181,-0.285838212817907,0.135002136230469,-0.068338394165039,1.14423160254955,-1.78336767107248
0.169347122311592,-0.286107260733843,0.961236715316772,-1.35749767720699,1.97731944918633,-3.07414124161005
0.169347122311592,-0.286107260733843,2.0829986333847,-0.446814805269241,3.09908136725426,-2.1634583696723
0.561640173196793,-0.539190739393234,-0.373684078454971,-0.507936388254166,2.99615696072578,-3.74308082461357
-1.13575601577759,0.827315628528595,1.32135659456253,-1.87245398759842,-5.493179500103,3.09143978357315
-1.13004517555237,0.822840690612793,1.31739592552185,-1.8465850353241,-5.46287512779236,3.09045910835266
-1.13129624724388,0.822899013757706,1.30732047557831,-1.85251915454865,-5.48045700788498,3.08487492799759
-1.11379513144493,0.810840159654617,1.30140650272369,-1.80298280715942,-5.38136428594589,3.06205815076828
-1.24296844005585,1.28365206718445,1.79624307155609,-3.72068905830383,-5.66156756877899,3.98122334480286
-1.22103837132454,1.26494479179382,1.78767728805542,-3.64349937438965,-5.53855293989182,3.94616937637329
-1.20929493010044,1.25339305400848,1.75018090009689,-3.64440101385117,-5.50558868050575,3.87595731019974
-1.20640531182289,1.24676492810249,1.75162845849991,-3.59185391664505,-5.48680341243744,3.88873565196991
-1.18327441811562,1.23224154114723,1.71637630462646,-3.58122628927231,-5.38327020406723,3.81222295761108
-1.17186290025711,1.21568647027016,1.69693177938461,-3.47336250543594,-5.33424562215805,3.820756316185
-1.14918261766434,1.20131346583366,1.6538810133934,-3.47945833206177,-5.24121469259262,3.72842246294022
-1.15057203173637,1.19993036985397,1.67970418930054,-3.45147562026978,-5.22372800111771,3.74810659885406
-1.1324490904808,1.17629924416542,1.59465950727463,-3.36050581932068,-5.2000350356102,3.69728964567184
-1.12722009420395,1.16788375377655,1.56120610237122,-3.33009493350983,-5.20211446285248,3.67720758914947
-1.12197104096413,1.15926176309586,1.53584790229797,-3.28312337398529,-5.19597834348679,3.67244720458984
-1.11701382696629,1.15068206191063,1.49530422687531,-3.26768243312836,-5.20677873492241,3.63640993833542
-1.04703143239021,1.10049179196358,1.48236572742462,-3.14041739702225,-4.79982286691666,3.46253335475922
-1.03693547844887,1.09210386872292,1.47834801673889,-3.12091255187988,-4.74326485395432,3.43171066045761
-1.02728880941868,1.07569712400436,1.42722690105438,-3.05855166912079,-4.73650595545769,3.3956310749054
-1.02274211496115,1.06726029515266,1.39666625857353,-3.02780121564865,-4.73978643119335,3.37576055526733
-1.01815415918827,1.05881494283676,1.37383836507797,-2.98252159357071,-4.73508659005165,3.37036806344986
-1.01814602315426,1.05817666649818,1.35346454381943,-2.99719828367233,-4.75541159510613,3.35186171531677
-1.01806180179119,1.05759498476982,1.34085536003113,-2.99783724546432,-4.76751545071602,3.3477326631546
-1.00489011406899,1.03408089280128,1.28381383419037,-2.89298468828201,-4.74552685022354,3.3115006685257
-0.936459094285965,0.987536042928696,1.19532954692841,-2.8633719086647,-4.42342501878738,3.06184434890747
-0.918461725115776,0.965660005807877,1.28228968381882,-2.71211683750153,-4.22848066687584,3.08184319734573
-0.913855381309986,0.956702589988708,1.26097133755684,-2.68441253900528,-4.22216095030308,3.05580300092697
-0.909622870385647,0.948741614818573,1.2565920650959,-2.63391649723053,-4.20114515721798,3.05853319168091
-0.878393858671188,0.922259569168091,1.20894205570221,-2.59281069040298,-4.06142109632492,2.94074672460556
-0.874157927930355,0.914705514907837,1.2030990421772,-2.54515761137009,-4.04184852540493,2.94307547807693
-0.869905233383179,0.907318860292435,1.16712081432343,-2.53119248151779,-4.05231058597565,2.91272068023682
-0.865703001618385,0.900045812129974,1.13902318477631,-2.50490272045135,-4.05519482493401,2.89537215232849
-0.861492417752743,0.892927676439285,1.16299667954445,-2.44510817527771,-4.00595782697201,2.912457883358
-0.857294484972954,0.885858565568924,1.1568962931633,-2.40025752782822,-3.98687061667442,2.91489386558533
-0.853136755526066,0.878894865512848,1.15095832943916,-2.35597091913223,-3.96786220371723,2.91739827394485
-0.852432526648045,0.878836691379547,1.11606302857399,-2.39502346515656,-3.99853213131428,2.87799668312073
-0.779673807322979,0.819269448518753,1.04039821028709,-2.28415983915329,-3.63764463365078,2.63145685195923
-0.774809174239636,0.81269434094429,1.03100273013115,-2.24218398332596,-3.61785231530666,2.63398206233978
-0.770681604743004,0.806127399206162,1.02457296848297,-2.20043992996216,-3.59951665997505,2.63632446527481
-0.766635227948427,0.799746185541153,0.984470441937447,-2.20080453157425,-3.61534092575312,2.59767258167267
-0.7625842243433,0.793551862239838,0.984974682331085,-2.16573405265808,-3.59053066372871,2.59557712078094
-0.75853818655014,0.787493109703064,0.958554863929748,-2.14421236515045,-3.59267425537109,2.58074629306793
-0.754540100693703,0.781561434268951,0.932686448097229,-2.12301468849182,-3.59455415606499,2.56635391712189
-0.750552728772163,0.775690048933029,0.906897485256195,-2.10212641954422,-3.59641888737679,2.55201387405395
-0.749685749411583,0.776028841733933,0.893725156784058,-2.1061680316925,-3.60438933968544,2.55000501871109
-0.682981118559837,0.728396028280258,0.81742137670517,-2.06106126308441,-3.28046533465385,2.30931490659714
-0.672122083604336,0.711037695407867,0.842514842748642,-1.95669281482697,-3.19021765887737,2.30953335762024
-0.657706700265408,0.700826644897461,0.831679970026016,-1.94282996654511,-3.11456023156643,2.26212990283966
-0.649921394884586,0.689805746078491,0.809966653585434,-1.88495802879334,-3.08956171572208,2.25387644767761
-0.634022672660649,0.674768626689911,0.770458955317736,-1.86518213152885,-3.03367708064616,2.18342962861061
-0.62315973918885,0.665697783231735,0.766327273100614,-1.82343426346779,-2.97263116203248,2.17075243592262
-0.619473602622747,0.660771340131759,0.76006655395031,-1.79072120785713,-2.95677506178617,2.17390683293343
-0.615842845756561,0.655928641557694,0.725497948005796,-1.79333546757698,-2.96955912653357,2.14223638176918
-0.61224045837298,0.651273995637894,0.731021890416741,-1.75651249289513,-2.94242085982114,2.15113148093224
-0.608665832667612,0.646644294261932,0.724763785954565,-1.72549507021904,-2.9272312100511,2.15437069535255
-0.578497239737771,0.625031650066376,0.675196861382574,-1.72532761096954,-2.79578657704405,2.02486228942871
-0.571450014598668,0.616138249635696,0.666309911757708,-1.67222380638123,-2.7623901758343,2.02460569143295
-0.56801488623023,0.611825346946716,0.649953410029411,-1.66133996844292,-2.75813590735197,2.00961211323738
-0.567209091037512,0.612753987312317,0.638620719313622,-1.66721859574318,-2.76463382691145,2.00930532813072
-0.561296348460019,0.6034075319767,0.633567590266466,-1.61303833127022,-2.73421050049365,2.00740686058998
-0.557983906939626,0.599397763609886,0.617936171591282,-1.60310414433479,-2.72996727004647,1.99328243732452
-0.521407565101981,0.569935753941536,0.576538048684597,-1.55571302771568,-2.55190734192729,1.86390149593353
-0.514390220865607,0.56816591322422,0.567727081477642,-1.55792900919914,-2.518614243716,1.85106647014618
-0.509164404124022,0.559213250875473,0.549458727240562,-1.51945966482162,-2.50552769750357,1.83581984043121
-0.502810899168253,0.547665864229202,0.540149673819542,-1.49101701378822,-2.47671572118998,1.79497817158699
-0.500873520970345,0.542980551719666,0.534996181726456,-1.46965733170509,-2.47024494409561,1.7882259786129
-0.499281013384461,0.530903846025467,0.532385565340519,-1.43556675314903,-2.46330051496625,1.74985632300377
-0.496603388339281,0.527217283844948,0.509945824742317,-1.43091568350792,-2.46967450529337,1.73238801956177
-0.494082018733025,0.523473352193832,0.516521632671356,-1.40101489424706,-2.44797047972679,1.73982521891594
-0.491409100592136,0.519996851682663,0.512722253799439,-1.37685552239418,-2.43573234975338,1.7431255877018
-0.488915625959635,0.516480058431625,0.496542945504189,-1.37627363204956,-2.43695081025362,1.72260671854019
-0.486472200602293,0.513411536812782,0.484385535120964,-1.35940527915955,-2.43444766849279,1.72106394171715
-0.492407392710447,0.482441261410713,0.497734293341637,-1.33255442976952,-2.45671006292105,1.56209313869476
-0.492827456444502,0.479538664221764,0.500157371163368,-1.33776697516441,-2.45680736750364,1.53946501016617
-0.493505995720625,0.473887488245964,0.494146779179573,-1.3364414870739,-2.46688919514418,1.50688344240189
-0.484523124992847,0.459361642599106,0.451695799827576,-1.28243553638458,-2.45544295012951,1.47373431921005
-0.483359228819609,0.444960907101631,0.464551523327827,-1.24705131351948,-2.43560384958982,1.42271412909031
-0.483999621123076,0.439789310097694,0.459011569619179,-1.24608685076237,-2.44498615711927,1.3926490098238
-0.479258913546801,0.435050055384636,0.437863811850548,-1.22438396513462,-2.43768966943026,1.3859163671732
-0.476981215178966,0.432144001126289,0.445213153958321,-1.21181443333626,-2.41667413711548,1.38104957342148
-0.476720564067364,0.433299914002419,0.447034358978272,-1.2164721339941,-2.41328902542591,1.38332735002041
-0.472341824322939,0.426390200853348,0.436088740825653,-1.18228594958782,-2.39796220511198,1.37605525553226
-0.473962225019932,0.396908283233643,0.438540816307068,-1.13464365899563,-2.40523253381252,1.24680604040623
-0.471471175551415,0.395221427083015,0.434982165694237,-1.12137638032436,-2.39384488761425,1.24995218217373
-0.469277888536453,0.392490297555923,0.432690173387527,-1.10406695306301,-2.38297715783119,1.25087483227253
-0.467071242630482,0.389832198619843,0.412438362836838,-1.12003231048584,-2.38998909294605,1.21896088123322
-0.464896358549595,0.387230917811394,0.39868614077568,-1.11340422928333,-2.39069201052189,1.20998127758503
-0.464718617498875,0.388348147273064,0.393312364816666,-1.12167192995548,-2.39499934017658,1.2084169536829
-0.460874535143375,0.382196798920631,0.40014286339283,-1.08352573215961,-2.36510434746742,1.20965506136417
-0.461601756513119,0.348102673888206,0.401281356811523,-1.03563697636127,-2.36832918226719,1.05297906696796
-0.459818258881569,0.33997904509306,0.400280863046646,-1.01048545539379,-2.35862869024277,1.02938881516457
-0.459524467587471,0.342005036771297,0.392254620790482,-1.03687506914139,-2.36489218473434,1.0151551514864
-0.459704473614693,0.333253972232342,0.398720681667328,-1.02204117178917,-2.35950616002083,0.977482661604881
-0.459409192204475,0.335445336997509,0.390117287635803,-1.04000198841095,-2.36633786559105,0.972670033574104
-0.452009573578835,0.322711549699306,0.374379672110081,-0.97999095916748,-2.33767776936293,0.956278339028358
-0.450111500918865,0.320331811904907,0.367157831788063,-0.976070627570152,-2.33351117372513,0.945920243859291
-0.448191158473492,0.31793636828661,0.365806564688683,-0.960847392678261,-2.32334038615227,0.946770817041397
-0.446235954761505,0.315670616924763,0.364185370504856,-0.94630528986454,-2.31323035806417,0.947718411684036
-0.444354847073555,0.313379570841789,0.362752452492714,-0.931615635752678,-2.30337662994862,0.948661789298058
-0.442544922232628,0.311176136136055,0.361653104424477,-0.917341694235802,-2.29361642897129,0.949715122580528
-0.442452117800713,0.312160983681679,0.346384063363075,-0.946189023554325,-2.3083286434412,0.926776878535748
-0.438457801938057,0.271747753024101,0.342173345386982,-0.883948177099228,-2.28857346624136,0.74653834104538
-0.436788991093636,0.270683214068413,0.331954188644886,-0.882704265415669,-2.28877975791693,0.741395018994808
-0.435117326676846,0.268554098904133,0.338124193251133,-0.86603806167841,-2.27257976680994,0.745286531746388
-0.432577833533287,0.255695357918739,0.331380404531956,-0.852125041186809,-2.26408659666777,0.682047106325626
-0.430695690214634,0.2501828558743,0.327806241810322,-0.840444281697273,-2.25636789947748,0.660652853548527
-0.428935892879963,0.248178370296955,0.326786559075117,-0.82736399769783,-2.24682879820466,0.6617062240839
-0.427254796028137,0.246202401816845,0.32599675655365,-0.814553111791611,-2.23753201961517,0.662661299109459
-0.425405994057655,0.232904393225908,0.325297389179468,-0.787803217768669,-2.22713857516646,0.60962314158678
-0.423553638160229,0.231833145022392,0.307759527117014,-0.800667256116867,-2.23356230184436,0.590331614017487
-0.421766236424446,0.222406096756458,0.311190430540591,-0.78016247227788,-2.21940698800609,0.55427410826087
-0.41995795071125,0.221446894109249,0.309931111871265,-0.771616358309984,-2.20981659239624,0.557065006345511
-0.418379977345467,0.219701811671257,0.309498511254787,-0.759840060025454,-2.20078135281801,0.558370810002088
-0.415973365306854,0.208598494529724,0.29545971006155,-0.755177918821573,-2.20038048177958,0.496413048356772
-0.414568230509758,0.206863485276699,0.301283305510879,-0.741122160106897,-2.18612607754767,0.500058751553297
-0.4120192527771,0.198539141565561,0.289370780810714,-0.731773190200329,-2.18274473585188,0.459461659193039
-0.412106335163116,0.200253400951624,0.29902109503746,-0.73597913607955,-2.17361691594124,0.465541269630194
-0.409233801066875,0.195962157100439,0.29085798561573,-0.718672510236502,-2.16454482078552,0.457100432366133
-0.407903485000134,0.188419681042433,0.292846955358982,-0.713564833626151,-2.15457395464182,0.416953252628446
-0.40495590865612,0.184193965047598,0.284530900418758,-0.696463397704065,-2.14520455151796,0.408700392581522
-0.404929831624031,0.185014840215445,0.282411716878414,-0.702142354799434,-2.14716727286577,0.407946686493233
-0.400851994752884,0.172276150435209,0.280683267861605,-0.670466032577679,-2.1244287006557,0.363190870033577
-0.399046868085861,0.167820619419217,0.276027627289295,-0.665059047285467,-2.11825358122587,0.341864669229835
-0.397219210863113,0.163491224870086,0.275156654417515,-0.651868435088545,-2.10815861076117,0.329078914131969
-0.395871818065643,0.161974592134357,0.274988681077957,-0.641731085721403,-2.1002422273159,0.330116467084736
-0.394508481025696,0.160441929474473,0.274612262845039,-0.631645249668509,-2.09243862330914,0.331006327178329
-0.391894355416298,0.14994425419718,0.273124441504478,-0.610292925033718,-2.07824169099331,0.289372600149363
-0.390487864613533,0.149313519708812,0.258269116282463,-0.62546800263226,-2.08465807139873,0.270413115620613
-0.389161393046379,0.147808583220467,0.261235371232033,-0.617332653142512,-2.07373298704624,0.26951884618029
-0.387831017374992,0.146363294043113,0.254018560051918,-0.613688384415582,-2.07296754419804,0.264491379843093
-0.386559039354324,0.144934786017984,0.257293127477169,-0.605647778138518,-2.06206110864878,0.263960937969387
-0.382952094078064,0.130530599504709,0.254553392529488,-0.583213537931442,-2.0431591719389,0.199970059096813
-0.381707042455673,0.129130659159273,0.254363939166069,-0.574008202180266,-2.03587831556797,0.200775752775371
-0.380516201257706,0.12773610278964,0.244605824351311,-0.577551297843456,-2.03849138319492,0.188865318894386
-0.37924288213253,0.126351611688733,0.249468624591827,-0.566546842455864,-2.02598866820335,0.191562827676535
-0.37797549366951,0.125055484473705,0.246100023388863,-0.564718991518021,-2.0217529386282,0.185613915324211
-0.374245181679726,0.111369619145989,0.24182590842247,-0.547032739967108,-2.00364518165588,0.121184974908829
-0.373745068907738,0.109512308612466,0.244445949792862,-0.547393754124641,-1.99802446365356,0.109680097550154
-0.373425111174583,0.106885531917214,0.242890566587448,-0.546527519822121,-1.99766010046005,0.094785671681166
-0.369325622916222,0.099876765161753,0.235643893480301,-0.524099685251713,-1.98030984401703,0.075160905718803
-0.367793127894402,0.095526805147529,0.229569226503372,-0.51580498367548,-1.97718954086304,0.057355847209692
-0.366091921925545,0.092607256025076,0.23199026286602,-0.509385317564011,-1.96456126868725,0.046258218586445
-0.364882990717888,0.091427644714713,0.231745883822441,-0.501470692455769,-1.95755206048489,0.04709517583251
-0.364114418625832,0.08740452490747,0.232667878270149,-0.502465702593327,-1.95201863348484,0.021961446851492
-0.361862927675247,0.084365874528885,0.228043437004089,-0.487158104777336,-1.94313412904739,0.019037142395973
-0.360756486654282,0.083176948130131,0.227713033556938,-0.479281648993492,-1.93682588636875,0.019780039787293
-0.359232634305954,0.07727911323309,0.22659096121788,-0.481507800519466,-1.92880484461784,-0.01783312112093
-0.356973648071289,0.074383415281773,0.222012385725975,-0.466793678700924,-1.91982950270176,-0.020493187010288
-0.356014996767044,0.07071041315794,0.222970470786095,-0.46804641187191,-1.91311950981617,-0.043783932924271
-0.353900045156479,0.067814163863659,0.213264510035515,-0.458020716905594,-1.91013576090336,-0.051135733723641
-0.35309736430645,0.062180351465941,0.220994204282761,-0.44336311519146,-1.89758998155594,-0.070281006395817
-0.353046044707298,0.062105108052492,0.533958092331886,-1.27933344244957,-1.5843181759119,-0.906702794134617
-0.720706969499588,0.727673083543777,2.67256136238575,-2.6943054497242,-1.65168045461178,1.67173305153847
1.012286901474,1.20388233661652,-0.79861581325531,-3.03010654449463,5.27510559558868,4.19318747520447
1.01338243484497,1.20219576358795,-0.805897176265717,-3.0213919878006,5.27439743280411,4.19178259372711
1.01456660032272,1.19935339689255,-0.805109798908233,-3.00798940658569,5.28228980302811,4.18813097476959
1.02103920280933,1.18650853633881,-0.830809235572815,-2.96352982521057,5.29542598128319,4.15552139282227
1.02055338025093,1.17957764863968,-0.827488362789154,-2.91954374313354,5.29583191871643,4.15792214870453
1.01994961500168,1.17265737056732,-0.83775120973587,-2.89832043647766,5.2819464802742,4.13762378692627
1.03200232982636,1.1630197763443,-0.84658420085907,-2.86539030075073,5.34542977809906,4.11272835731506
1.02136066555977,1.16727948188782,-0.809170007705689,-2.87431657314301,5.31899398565292,4.1293603181839
1.02923749387264,1.14274698495865,-0.83539080619812,-2.74895560741425,5.34003415703774,4.10752630233765
1.04309923946857,1.11873281002045,-0.877253830432892,-2.70944225788116,5.38134160637856,4.00295460224152
1.03661808371544,1.11457091569901,-0.856748402118683,-2.68525618314743,5.36296010017395,4.0021693110466
1.03518764674664,1.10817039012909,-0.86810714006424,-2.66492915153503,5.34301874041557,3.9840931892395
1.03362889587879,1.1019047498703,-0.84447056055069,-2.60277557373047,5.35730281472206,4.00865292549133
1.03200374543667,1.09577548503876,-0.831921279430389,-2.5540896654129,5.36010119318962,4.02056324481964
1.0303373336792,1.08975172042847,-0.854389548301697,-2.55903053283691,5.3276344537735,3.97947978973389
1.03138381242752,1.04336100816727,-0.84734982252121,-2.51501947641373,5.34095305204392,3.74514657258987
1.0318608880043,1.02019765973091,-0.845652163028717,-2.42623156309128,5.3455131649971,3.69495439529419
1.03061872720718,1.01147308945656,-0.862189650535584,-2.42911958694458,5.32152271270752,3.63971894979477
1.02413582801819,0.989866197109222,-0.839763343334198,-2.35188925266266,5.30505162477493,3.58730792999268
1.022355645895,0.98442468047142,-0.826900064945221,-2.30932521820068,5.30723381042481,3.59722286462784
1.01371440291405,0.9637590944767,-0.860388696193695,-2.32504242658615,5.22189772129059,3.45751214027405
1.01013058423996,0.953099608421326,-0.839487433433533,-2.26876068115234,5.22129607200623,3.44983696937561
1.00831019878387,0.947909563779831,-0.826810657978058,-2.2284529209137,5.22305053472519,3.45900446176529
0.991790771484375,0.917610257863998,-0.840404450893402,-2.21800738573074,5.11034017801285,3.28765416145325
0.98830334842205,0.907556563615799,-0.819879174232483,-2.16526412963867,5.10994091629982,3.28007525205612
0.97803334146738,0.880522340536118,-0.811290353536606,-2.09674263000488,5.05690969526768,3.18639141321182
0.971284247934818,0.871249169111252,-0.834110826253891,-2.10634315013885,4.99359466135502,3.12115186452866
0.963702820241451,0.864518493413925,-0.799279481172562,-2.06786096096039,4.98293744027615,3.11924999952316
0.961942732334137,0.859893709421158,-0.810396075248718,-2.05369752645493,4.9612603187561,3.10566473007202
0.960114493966103,0.855363935232163,-0.804974615573883,-2.02395713329315,4.95571234822273,3.10822647809982
0.958348736166954,0.850928008556366,-0.81579053401947,-2.01026481389999,4.93430188298225,3.0953032374382
0.956680446863174,0.846513569355011,-0.800557792186737,-1.96856540441513,4.93952488899231,3.11051601171494
0.955012232065201,0.842218071222305,-0.814047455787659,-1.96272450685501,4.91602593660355,3.09058392047882
0.895629465579987,0.792555123567581,-0.753380060195923,-1.91952270269394,4.620396733284,2.83580803871155
0.895871467888355,0.781404048204422,-0.753517001867294,-1.86057037115097,4.62171180546284,2.82785391807556
0.894229501485825,0.777315616607666,-0.745862603187561,-1.83041024208069,4.61951440572739,2.83348345756531
0.892605990171433,0.773214280605316,-0.738435745239258,-1.80055862665176,4.61720019578934,2.83872705698013
0.862415164709091,0.745237350463867,-0.75542563199997,-1.81492066383362,4.41906535625458,2.65650343894958
0.859113037586212,0.737816154956818,-0.732542216777802,-1.76927500963211,4.42213600873947,2.6576219201088
0.845835335552692,0.717339634895325,-0.723178237676621,-1.7182269692421,4.35183377563953,2.58581084012985
0.840188309550285,0.703650444746017,-0.750026106834412,-1.71203202009201,4.2911037504673,2.50987064838409
0.83018596470356,0.712997019290924,-0.717658579349518,-1.7520871758461,4.26345720887184,2.52589493989944
0.830341346561909,0.703274548053741,-0.716444760560989,-1.70373624563217,4.26560331881046,2.51591104269028
0.82891745865345,0.699921756982803,-0.708036720752716,-1.6816987991333,4.26546803116798,2.51783174276352
0.827599324285984,0.696505904197693,-0.727504581212997,-1.69366702437401,4.23809136450291,2.48536840081215
0.826175011694431,0.693245321512222,-0.71846416592598,-1.67203906178474,4.23858590424061,2.48743286728859
0.783985771238804,0.652479916810989,-0.699921816587448,-1.64795815944672,4.00399281084538,2.26692134141922
0.781089924275875,0.646103501319885,-0.676503747701645,-1.61102324724197,4.01003579795361,2.26559776067734
0.779619544744492,0.643013834953308,-0.666780412197113,-1.58993846178055,4.01093685626984,2.2681445479393
0.778041198849678,0.639985054731369,-0.657266795635223,-1.56844693422318,4.01098039746285,2.27146339416504
0.750821068882942,0.614645153284073,-0.669897854328156,-1.57990109920502,3.8350285589695,2.10796982049942
0.740951865911484,0.602679371833801,-0.647187530994415,-1.54861044883728,3.79852366447449,2.06746578216553
0.733042426407337,0.593567699193955,-0.648320645093918,-1.53543248772621,3.74993391335011,2.02597370743752
0.726620562374592,0.587801545858383,-0.655059844255447,-1.53337597846985,3.7046635299921,1.99343329668045
0.720132954418659,0.58210900425911,-0.637010842561722,-1.5217157304287,3.68378688395023,1.97093829512596
0.713662631809711,0.576530486345291,-0.635223478078842,-1.51657956838608,3.64675231277943,1.94260334968567
0.707090124487877,0.565429240465164,-0.621311724185944,-1.47558093070984,3.62122902274132,1.91699451208115
0.704317286610603,0.567826807498932,-0.606087863445282,-1.48211848735809,3.61981585621834,1.9248423576355
0.70413513481617,0.559461757540703,-0.601314306259155,-1.43940657377243,3.62349650263786,1.91736397147179
0.702716082334518,0.556554168462753,-0.607135057449341,-1.43778330087662,3.60916143655777,1.9015417098999
0.701313570141792,0.553699463605881,-0.598050355911255,-1.41762524843216,3.6098310649395,1.90457153320313
0.699923530220985,0.550945833325386,-0.611997485160828,-1.41994795203209,3.58754369616508,1.88572704792023
0.655532076954842,0.513137474656105,-0.557045757770538,-1.36969712376595,3.37614670395851,1.70912772417068
0.649394109845161,0.507918491959572,-0.547984838485718,-1.355638474226,3.34837982058525,1.69187247753143
0.642651781439781,0.502805843949318,-0.536998301744461,-1.34171536564827,3.31891238689423,1.67511969804764
0.632187530398369,0.51165734231472,-0.520845741033554,-1.40426895022392,3.27227944135666,1.6656751036644
0.635320350527763,0.489755392074585,-0.536926835775375,-1.3171574473381,3.2749952673912,1.62137490510941
0.614352375268936,0.477271556854248,-0.511986523866653,-1.31176263093948,3.17412772774696,1.551866710186
0.614125717431307,0.4698226749897,-0.514531835913658,-1.28204888105392,3.17022246867418,1.53688716888428
0.612919088453054,0.467092931270599,-0.505901411175728,-1.26320225000381,3.1716131195426,1.53935533761978
0.595162138342857,0.450126871466637,-0.481355369091034,-1.23068732023239,3.08961746096611,1.47007390856743
0.590024843811989,0.445477291941643,-0.493401199579239,-1.24267122149467,3.04674786329269,1.43019253015518
0.587164007127285,0.440566077828407,-0.485601782798767,-1.22295618057251,3.03738225996494,1.42044028639793
0.574728228151798,0.42889167368412,-0.466244250535965,-1.19624471664429,2.98212511837482,1.37710532546043
0.568369209766388,0.422119155526161,-0.453831493854523,-1.17481672763824,2.9563837647438,1.35789820551872
0.562127839773893,0.415335550904274,-0.461323514580727,-1.17728628218174,2.91144352406263,1.3147270232439
0.555314734578133,0.408575400710106,-0.448686987161636,-1.1562382131815,2.88320142030716,1.29521419107914
0.548520717769861,0.40187530964613,-0.435759142041206,-1.1349206417799,2.85536516457796,1.27633121609688
0.547314386814833,0.399644635617733,-0.447345182299614,-1.14125019311905,2.83654113858938,1.25661762058735
0.538162671029568,0.387012258172035,-0.438296556472778,-1.10884460806847,2.79067946970463,1.21322894096375
0.529318682849407,0.38222523778677,-0.416884571313858,-1.09517246484756,2.75902752578259,1.19817896187305
0.528151087462902,0.380088746547699,-0.409883171319962,-1.07889178395271,2.75902335345745,1.20164069533348
0.527042899280787,0.377868294715881,-0.402832254767418,-1.06264510750771,2.7594251409173,1.20456466078758
0.526049230247736,0.37544035166502,-0.425129935145378,-1.08128798007965,2.73116544634104,1.17135412991047
0.525074061006308,0.373047359287739,-0.429462984204292,-1.07472255825996,2.72098138183355,1.16356159746647
0.5240100286901,0.370752952992916,-0.415959015488625,-1.05320826172829,2.72810115665197,1.17130945622921
0.490419369190931,0.346329919993877,-0.384967043995857,-1.0390689894557,2.55754917114973,1.03891053050756
0.489980034530163,0.340672209858894,-0.380956560373306,-1.00857331603765,2.55892364680767,1.03545994311571
0.48866418376565,0.33870592713356,-0.389994993805885,-1.00966731458902,2.54199010878801,1.02256824821234
0.476378936320543,0.32401692122221,-0.373139157891273,-0.974605686962604,2.48513446003199,0.969495840370655
0.473064050078392,0.323508635163307,-0.357928425073624,-0.965856529772282,2.48045587539673,0.975195281207562
0.471782274544239,0.321524173021317,-0.371654480695724,-0.972836546599865,2.45903916656971,0.956308491528034
0.457989327609539,0.308963730931282,-0.347812831401825,-0.943978242576122,2.40012313425541,0.90980414301157
0.451762370765209,0.306583002209663,-0.344303339719772,-0.9510508030653,2.36627088487148,0.88844721019268
0.447218786925077,0.29759531468153,-0.337148621678352,-0.919195428490639,2.34616409987211,0.866376459598541
0.446170274168253,0.295615833252668,-0.345641329884529,-0.919639319181442,2.33138031512499,0.854055680334568
0.444465015083551,0.296869289129972,-0.337023571133614,-0.921015836298466,2.32976651936769,0.860199898481369
0.430381465703249,0.288418214768171,-0.32072676718235,-0.915896810591221,2.26156202703714,0.814612478017807
0.430931534618139,0.280073564499617,-0.325962677598,-0.881953343749046,2.25962653011084,0.798488043248653
0.429995384067297,0.278071660548449,-0.32091312110424,-0.868259981274605,2.25905918329954,0.800169982016087
0.417138045653701,0.267174609005451,-0.31747805327177,-0.859886348247528,2.18535022065043,0.743161305785179
0.411393007263541,0.265286542475224,-0.305786095559597,-0.857923571020365,2.16257194802165,0.733795683830977
0.405641799792647,0.263446189463139,-0.293797336518764,-0.853162471204996,2.14005346223712,0.727514665573835
0.402190426364541,0.252714149653912,-0.290380872786045,-0.812793496996164,2.1227616854012,0.703491400927305
0.397402243688703,0.248070504516363,-0.295238561928272,-0.813023250550032,2.08917490020394,0.675399776548147
0.394231524318457,0.242438063025475,-0.300957456231117,-0.800861740484834,2.06443168967962,0.653766637668014
0.390363361686468,0.239909335970879,-0.303959026932716,-0.800777673721314,2.03822114318609,0.638678342103958
0.387758942320943,0.231609623879194,-0.301053382456303,-0.769583386689192,2.02550027146935,0.620074356585974
0.38397959060967,0.228845100849867,-0.304403580725193,-0.769142186734825,1.99947396293283,0.603928418364376
0.376309955492616,0.234541248530149,-0.273682750761509,-0.788698373362422,1.98417698219419,0.618549117818475
0.369616869837046,0.222614889964461,-0.275051429867744,-0.758133456110954,1.94264978915453,0.577555883675814
0.366710629314184,0.217391557991505,-0.270727977156639,-0.737418942153454,1.92953579872847,0.566930405795574
0.36287584528327,0.214827485382557,-0.274989947676659,-0.739566024392843,1.90226512402296,0.549398887902498
0.359090860933065,0.212318368256092,-0.278457090258598,-0.740229332819581,1.87608807533979,0.533680876716971
0.350961815565824,0.20637691533193,-0.258950755000114,-0.721514897421002,1.84682013839483,0.516746594570577
0.3501942679286,0.204903184363502,-0.256308555603027,-0.711749426729512,1.84485705196857,0.517669679451501
0.34936535730958,0.203512494219467,-0.261054560542107,-0.711318536661565,1.83513758331537,0.509756428655237
0.349915957078338,0.201033771969378,-0.263647489249706,-0.697204977273941,1.83584825322032,0.508997654542327
0.332177376374602,0.194545746780932,-0.245298944413662,-0.703165583312511,1.74776531383395,0.46410889737308
0.33194861933589,0.190848449245095,-0.244834944605827,-0.684319760650396,1.74685677140951,0.460770934820175
0.323764879256487,0.187911281362176,-0.240569427609444,-0.689721252769232,1.70201984792948,0.437746435403824
0.323587227612734,0.184122955426574,-0.240001037716866,-0.670446645468473,1.70152232795954,0.434291087090969
0.322904992848635,0.182677663862705,-0.247308179736137,-0.672132760286331,1.69012177735567,0.4239332228899
0.311127427965403,0.177433140575886,-0.23319137096405,-0.667092725634575,1.63357319682837,0.39750611782074
0.308819589205086,0.170743856579065,-0.234179604798555,-0.642582684755325,1.61873793043196,0.381880454719067
0.307007685303688,0.170487191528082,-0.227082937955856,-0.637599468231201,1.61496317386627,0.38532368093729
0.300950853154063,0.164245426654816,-0.222901992499828,-0.62055279314518,1.58280312642455,0.364919766783714
0.295620610937476,0.164379417896271,-0.227249659597874,-0.64165972918272,1.54647400602698,0.344616778194904
0.295477378182113,0.161014173179865,-0.224232729524374,-0.621297486126423,1.54863153956831,0.344787552952766
0.294331478886306,0.16204235330224,-0.226332124322653,-0.628889329731464,1.53965674899519,0.343364790081978
0.284703217446804,0.151823054999113,-0.22286032140255,-0.604738332331181,1.48535898327827,0.306199997663498
0.282654299400747,0.151969365775585,-0.214584719389677,-0.600294433534145,1.4813410770148,0.311521761119366
0.282000788487494,0.150893617421389,-0.217850554734468,-0.59863593429327,1.4741541761905,0.306725770235062
0.271512243896723,0.144073102623224,-0.20445054769516,-0.582928441464901,1.42462291568518,0.281510174274445
0.270912011153996,0.142865601927042,-0.201550427824259,-0.572993837296963,1.42392163909972,0.284199774265289
0.270345320925117,0.141659159213305,-0.198716677725315,-0.56303133815527,1.42335524782538,0.286923617124557
0.269307477399707,0.142409283667803,-0.206468977034092,-0.576127648353577,1.40937588736415,0.27832805365324
0.26838986389339,0.143117267638445,-0.206957764923573,-0.580248162150383,1.40338141843677,0.278455443680286
0.255564318969846,0.129709918051958,-0.194292269647121,-0.543066218495369,1.33909364417195,0.23519328981638
0.254211131483316,0.129191428422928,-0.193361222743988,-0.543861791491509,1.33190556615591,0.231286779046059
0.24811065196991,0.124208010733128,-0.190400287508965,-0.532146573066711,1.29826362431049,0.213101491332054
0.246543380431831,0.124192874878645,-0.18887260183692,-0.533410608768463,1.29038768075407,0.211746640503406
0.245882490184158,0.123403389006853,-0.186437448486686,-0.527152046561241,1.28885749261826,0.213268287479877
0.24525768077001,0.122513841837645,-0.186313485726714,-0.523359909653664,1.28523259889334,0.211723141372204
0.244637449737638,0.121547520160675,-0.186169987544417,-0.51943650841713,1.28165471088141,0.209848612546921
0.244121806696057,0.120540119707584,-0.186115257441998,-0.514950692653656,1.27861558273435,0.20829002559185
0.22662796266377,0.112869627773762,-0.170806370675564,-0.506623357534409,1.18896140530705,0.170594409108162
0.221927495673299,0.112857528030872,0.428834103047848,-1.33447578549385,1.76039907708764,-0.657330617308617
1.39658041298389,2.21934938430786,-1.07757830619812,-6.16449925303459,7.30190417170525,7.15159705281258
1.39658041298389,2.21934938430786,-1.08789819478989,-6.09829649329186,7.29158428311348,7.21779981255531
0.924313396215439,1.67314612865448,0.834350287914276,-3.84032008051872,6.38023066520691,6.19855669140816
0.923618882894516,1.67454260587692,1.80350226163864,-2.57254707813263,7.34521555900574,7.47470855712891
0.929671704769134,1.65487587451935,1.77853047847748,-2.47372925281525,7.35656070709229,7.45552599430084
0.964397370815277,1.578209400177,1.72174060344696,-2.40809857845306,7.50812482833862,7.06115782260895
0.968714520335197,1.54803943634033,1.69416254758835,-2.30579888820648,7.50644966959953,6.98243772983551
0.965324088931084,1.53447782993317,1.662049472332,-2.32431256771088,7.4539940059185,6.88255441188812
0.961535781621933,1.5137934088707,1.70042204856873,-2.19494485855103,7.46963673830032,6.88781559467316
0.941950559616089,1.47206276655197,1.71380198001862,-2.10352909564972,7.36550533771515,6.72884750366211
0.93094801902771,1.44662737846375,1.71902990341187,-2.02972412109375,7.30471801757813,6.65004014968872
0.924181342124939,1.44968920946121,1.68533372879028,-2.11039841175079,7.23042178153992,6.58773684501648
0.921805024147034,1.45142579078674,1.67688101530075,-2.11986041069031,7.20771116018295,6.58869433403015
0.922339618206024,1.42570263147354,1.64774852991104,-2.02606827020645,7.18178623914719,6.5281475186348
0.871146976947784,1.36647349596024,1.67167937755585,-1.97570693492889,6.89856123924255,6.22313404083252
0.868191167712212,1.35445088148117,1.68134379386902,-1.91513955593109,6.89049080014229,6.21156573295593
0.866241499781609,1.3581258058548,1.67037069797516,-1.93182247877121,6.86781969666481,6.21693235635757
0.865580901503563,1.34403440356255,1.67002815008163,-1.85943049192429,6.86351355910301,6.20477592945099
0.864045724272728,1.34845623373985,1.63287329673767,-1.9041006565094,6.81714764237404,6.18663674592972
0.862756982445717,1.35301539301872,1.61069881916046,-1.93127185106277,6.78724071383476,6.18682050704956
0.78403876721859,1.27784761786461,1.68994116783142,-1.8600634932518,6.39417377114296,5.80702221393585
0.772442668676376,1.22949624061584,1.67819261550903,-1.70755237340927,6.31284862756729,5.6694250702858
0.771230727434158,1.23071831464767,1.67968529462814,-1.69814532995224,6.30706965923309,5.68616455793381
0.770788133144379,1.23575454950333,1.67804259061813,-1.70441824197769,6.30277138948441,5.71010905504227
0.73387223482132,1.183867841959,1.70297545194626,-1.5944510102272,6.10620886087418,5.50875604152679
0.733878791332245,1.18614310026169,1.64620900154114,-1.65073770284653,6.04948174953461,5.4661208987236
0.734135583043098,1.1833054125309,1.64191102981567,-1.62615901231766,6.04672452807426,5.47367346286774
0.734611421823502,1.18053430318832,1.63643544912338,-1.60224550962448,6.04410398006439,5.48096030950546
0.735249549150467,1.17786106467247,1.63046187162399,-1.5788871049881,6.04195916652679,5.48827928304672
0.736056536436081,1.17529600858688,1.55680704116821,-1.62494522333145,5.9731462597847,5.42683082818985
0.6647909283638,1.11321133375168,1.61443912982941,-1.57668972015381,5.60318470001221,5.10257828235626
0.665800422430038,1.10300099849701,1.59956794977188,-1.52889204025269,5.59437048435211,5.08911395072937
0.644000351428986,1.08689111471176,1.5787318944931,-1.5510276556015,5.44273400306702,4.97031903266907
0.645369946956635,1.09195464849472,1.54881006479263,-1.57916343212128,5.42102974653244,4.97256445884705
0.646609351038933,1.07454645633698,1.56245845556259,-1.48326480388641,5.44211456179619,4.96401393413544
0.613713309168816,1.04448080062866,1.55767774581909,-1.47515654563904,5.23995760083199,4.79172825813293
0.616762965917587,1.03972390294075,1.52167189121246,-1.46389573812485,5.22224968671799,4.77444767951965
0.595257610082626,1.02010908722878,1.55425727367401,-1.42403966188431,5.12580293416977,4.69661486148834
0.598573461174965,1.01553457975388,1.51151561737061,-1.42232042551041,5.1029563844204,4.67088705301285
0.600332021713257,1.01332259178162,1.50117391347885,-1.40306061506271,5.10316604375839,4.67687493562698
0.571429312229157,0.989654958248138,1.49515494704247,-1.40943425893784,4.9237308204174,4.528495490551
0.56319722533226,0.984771370887756,1.48126626014709,-1.42111948132515,4.86044961214066,4.48750874400139
0.564777821302414,0.969046890735626,1.45932877063751,-1.36130729317665,4.847995698452,4.45297405123711
0.566718444228172,0.966796144843102,1.44827082753181,-1.34257474541664,4.84858149290085,4.45820212364197
0.568871036171913,0.971060678362846,1.41211774945259,-1.37525740265846,4.82534396648407,4.45110666751862
0.570683836936951,0.962476298213005,1.38329517841339,-1.34810829162598,4.8073982000351,4.42674949765205
0.572878956794739,0.966630503535271,1.37757533788681,-1.35133743286133,4.81484907865524,4.4484455883503
0.574703007936478,0.958060294389725,1.36709302663803,-1.30790632963181,4.8153110742569,4.44045543670654
0.576873868703842,0.962071508169174,1.31987345218658,-1.35128179192543,4.78111666440964,4.42114725708962
0.501398473978043,0.89496186375618,1.36770612001419,-1.30297353863716,4.37609696388245,4.06679764389992
0.494026690721512,0.889997035264969,1.34790301322937,-1.31614491343498,4.31206315755844,4.02383729815483
0.486807301640511,0.861485615372658,1.35930219292641,-1.20988014340401,4.28014600276947,3.95903354883194
0.478059485554695,0.853447809815407,1.36533549427986,-1.19319596886635,4.23369240760803,3.92749089002609
0.482241898775101,0.849221602082253,1.3456965982914,-1.16784504055977,4.239147990942,3.92748457193375
0.484581738710403,0.852963283658028,1.28939890861511,-1.21970796585083,4.19688934087753,3.89807173609734
0.460765168070793,0.821787714958191,1.30493241548538,-1.15720957517624,4.06952342391014,3.77351671457291
0.452284261584282,0.813958883285522,1.28344908356667,-1.16678494215012,3.99715465307236,3.71696835756302
0.444105073809624,0.806456804275513,1.27285778522491,-1.1655308008194,3.93748822808266,3.67321002483368
0.45101024210453,0.816969037055969,1.24325400590897,-1.20329716801643,3.94931545853615,3.69851705431938
0.434211701154709,0.780253559350967,1.25991743803024,-1.0926967561245,3.8651876449585,3.58882459998131
0.430627346038818,0.774357676506043,1.22737258672714,-1.1037537753582,3.81113666296005,3.54239228367805
0.432743161916733,0.772494815289974,1.20096716284752,-1.10222773253918,3.79742613434792,3.53274115920067
0.434803426265717,0.770598694682121,1.18555909395218,-1.09387412667274,3.79437965154648,3.52971804141998
0.436824679374695,0.768660247325897,1.17481154203415,-1.07868823409081,3.79575961828232,3.53327324986458
0.43896658718586,0.766827628016472,1.13929378986359,-1.0867817401886,3.77309331297874,3.51418402791023
0.44154579937458,0.769758626818657,1.12170094251633,-1.09798431396484,3.77097573876381,3.5205674469471
0.443758144974709,0.762812450528145,1.11024275422096,-1.06308710575104,3.77279162406921,3.51378759741783
0.401027381420136,0.713693171739578,1.11961427330971,-1.02308051288128,3.52577856183052,3.25907851755619
0.39589262008667,0.707380920648575,1.10814847052097,-1.02217265963554,3.48350419104099,3.22211286425591
0.400735884904862,0.703738167881966,1.07251383364201,-1.01285329461098,3.47692914307117,3.20957571268082
0.403327167034149,0.705720618367195,1.04606759548187,-1.02600963413715,3.46603059768677,3.20831407606602
0.405365407466888,0.697982385754585,1.05448953807354,-0.974973812699318,3.48668198287487,3.21292050182819
0.407687693834305,0.699743464589119,1.02499070763588,-0.992537975311279,3.47111687064171,3.20592281222343
0.409874618053436,0.701567247509956,1.0048581212759,-1.00132854282856,3.46410582959652,3.20807494223118
0.383457750082016,0.659096579998732,1.03060422837734,-0.910795152187347,3.33135072886944,3.04378432780504
0.387623026967049,0.65804734826088,0.990323275327682,-0.920060932636261,3.31606143712997,3.02822315692902
0.389645889401436,0.659809499979019,0.975485995411873,-0.925167731940746,3.31336133182049,3.03368926793337
0.391295149922371,0.653002511709929,0.958393931388855,-0.899227507412434,3.30616483092308,3.01878756284714
0.37711888551712,0.635514672845602,0.952470511198044,-0.87837178260088,3.21518382430077,2.93471625447273
0.3733229637146,0.63230949267745,0.949593469500542,-0.873780991882086,3.18953125178814,2.92007596418262
0.376695677638054,0.627015255391598,0.925086289644241,-0.85401776060462,3.18526035547256,2.90807377174497
0.378329426050186,0.62459852732718,0.916122287511826,-0.837591860443354,3.18609884381294,2.90999930351973
0.367976635694504,0.618937427178025,0.899575963616371,-0.849453307688236,3.10743577778339,2.86417125537992
0.365355774760246,0.610531028360128,0.899547189474106,-0.811964616179466,3.09168183803558,2.8512215539813
0.366752952337265,0.608136087656021,0.875918745994568,-0.811457110568881,3.07643646001816,2.83735941536725
0.360550984740257,0.601594740524888,0.867637515068054,-0.799203508533537,3.0309434235096,2.81036493461579
0.361840516328812,0.599342988803983,0.852582514286041,-0.791396234941203,3.02362561225891,2.80466169788269
0.355927079916,0.597215222194791,0.844664469361305,-0.795251187868416,2.98022694885731,2.78804014530033
0.353250935673714,0.589206689037383,0.841349795460701,-0.762890362180769,2.96085540950298,2.77234977204353
0.351012662053108,0.588646941818297,0.82203284651041,-0.775388156995177,2.92810881882906,2.7564934939146
0.35232175886631,0.582684323657304,0.81477190554142,-0.745575729757547,2.92870245873928,2.75053021218628
0.353641256690025,0.580446976236999,0.789719097316265,-0.747971687465906,2.91156663745642,2.73471016995609
0.3431106954813,0.573906389996409,0.797915488481522,-0.72638227045536,2.85657966136932,2.7170560695231
0.340421065688133,0.57430967502296,0.776702329516411,-0.742669247090817,2.81922872364521,2.70318880304694
0.341395229101181,0.568781074136496,0.766963772475719,-0.718346897512674,2.81533514708281,2.6943395473063
0.342417389154434,0.566777337342501,0.75344954431057,-0.711257390677929,2.80795387923717,2.68940663337708
0.330529898405075,0.563736621290445,0.759628154337406,-0.696565859019756,2.74280754476786,2.68585386872292
0.327180474996567,0.564981136471033,0.74103993922472,-0.712468773126602,2.70412278920412,2.6774180456996
0.327817410230637,0.559685610234737,0.726783223450184,-0.695235565304756,2.693687684834,2.66287809610367
0.320450335741043,0.560547493398189,0.727894630283117,-0.696021527051926,2.65059664472938,2.66726343333721
0.321202203631401,0.555386126041412,0.722830340266228,-0.669741630554199,2.65004356205463,2.66257512569427
0.321938529610634,0.553584925830364,0.70494619756937,-0.669778637588024,2.63657737523317,2.65173091739416
0.311157613992691,0.546937268227339,0.713980846107006,-0.647973664104939,2.58092653006315,2.63364994525909
0.312773108482361,0.546799164265394,0.692775867879391,-0.654426641762257,2.56941451877356,2.62636834383011
0.313527926802635,0.545150719583035,0.681704133749008,-0.648639515042305,2.56287169456482,2.6222648024559
0.304705858230591,0.53895939514041,0.677573664113879,-0.640916481614113,2.50580881349742,2.59283988922834
0.303008437156677,0.535176228731871,0.672120381146669,-0.630304947495461,2.49017100408673,2.58075242489576
0.301771014928818,0.530833996832371,0.663214035332203,-0.621830627322197,2.47384012490511,2.56317335367203
0.302476838231087,0.529116094112396,0.652395626530051,-0.615991160273552,2.46725665591657,2.55870540440083
0.303354263305664,0.52720819413662,0.640603418461978,-0.609725341200829,2.46072899829596,2.55352382361889
0.304294288158417,0.525230698287487,0.626644539181143,-0.605279564857483,2.45241026813164,2.54610462486744
0.305084317922592,0.523177295923233,0.622968486888567,-0.590961962938309,2.45347439442412,2.54810181260109
0.306063294410706,0.523991346359253,0.603435200639069,-0.60327123105526,2.4398149671033,2.54067684710026
0.302133172750473,0.50502622127533,0.594526924192905,-0.589891493320465,2.40732596069574,2.44026583433151
0.302492097020149,0.497243598103523,0.583278869278729,-0.562125220894814,2.39823145139962,2.42133636772633
0.303160429000854,0.495314083993435,0.576283371075988,-0.552314981818199,2.39524594508111,2.41956952214241
0.30045485496521,0.48661383241415,0.56401102617383,-0.552281200885773,2.36674015596509,2.36740179359913
0.302328109741211,0.488349102437496,0.558525495231152,-0.552440494298935,2.37249415367842,2.37765412032604
0.302796259522438,0.480893105268478,0.547267746180296,-0.525800570845604,2.36404530331492,2.35955806076527
0.303571656346321,0.478953741490841,0.544352557510138,-0.512895122170448,2.36578249558806,2.3608273267746
0.304233312606811,0.477128699421883,0.527384385466576,-0.513909488916397,2.35278426110744,2.3488627076149
0.304863080382347,0.475534304976463,0.515712602064014,-0.510619193315506,2.3448910843581,2.34258663654327
0.305264756083488,0.47412696480751,0.50513163022697,-0.508133247494698,2.3367201667279,2.33662854135036
0.305672228336334,0.472583629190922,0.494568940252066,-0.505013689398766,2.32860231027007,2.33048808574677
0.286250978708267,0.467323370277882,0.514207928441465,-0.496264234185219,2.23171380069107,2.30767598748207
0.282786369323731,0.462190046906471,0.51709561329335,-0.472272858023644,2.21381382923573,2.30086742341518
0.283883780241013,0.461743764579296,0.511175922118127,-0.466735258698463,2.2144786035642,2.30372732877731
0.284375488758087,0.462812058627605,0.491031026118435,-0.483710512518883,2.19728395866696,2.29316183924675
0.284615844488144,0.458958581089974,0.48594186315313,-0.467476934194565,2.19363693008199,2.28627455234528
0.284976035356522,0.457595624029636,0.482795006129891,-0.458302795886993,2.19265121826902,2.28727094829082
0.285253569483757,0.456321232020855,0.479872836265713,-0.449555695056915,2.19139425316825,2.28837169706821
0.285596027970314,0.455006659030914,0.476414857897908,-0.440528303384781,2.18999102571979,2.2895116508007
0.286144450306892,0.455858826637268,0.45378783531487,-0.459112465381622,2.17065453715622,2.27604049444199
0.286299630999565,0.452202349901199,0.45106933452189,-0.440988183021545,2.16886712051928,2.27222591638565
0.265301749110222,0.442794978618622,0.460060972720385,-0.432039976119995,2.05187146738172,2.22472989559174
0.266323521733284,0.44463175535202,0.44808979332447,-0.442179828882217,2.04603092372417,2.2256107032299
0.266459196805954,0.440919786691666,0.444637052714825,-0.425234466791153,2.04339223355055,2.22028425335884
0.266684681177139,0.434205412864685,0.434520862996578,-0.423124730587006,2.03462895005941,2.1821077466011
0.267118260264397,0.430337339639664,0.428353235125542,-0.407946527004242,2.03106279671192,2.17407751083374
0.267733037471771,0.428714632987976,0.424017570912838,-0.398840844631195,2.03041579574347,2.17344695329666
0.268287181854248,0.427131786942482,0.411679033190012,-0.398160427808762,2.0214021243155,2.16463029384613
0.268686801195145,0.425759211182594,0.404133975505829,-0.393858253955841,2.0162547826767,2.16069701313972
0.2691830098629,0.424358174204826,0.396506331861019,-0.389519274234772,2.01160439103842,2.15662977099419
0.269666701555252,0.422981232404709,0.387370362877846,-0.386557400226593,2.00537057220936,2.15132999420166
0.270142465829849,0.421606183052063,0.378345437347889,-0.383586823940277,1.99920023232698,2.1460502743721
0.270642161369324,0.420103132724762,0.374200582504272,-0.376568406820297,1.99805355072021,2.14405038952827
0.270092308521271,0.396892488002777,0.369314014911652,-0.354963481426239,1.98986786603928,2.02639144659042
0.27069365978241,0.394006177783012,0.359948068857193,-0.345873415470123,1.98411002755165,2.01816365122795
0.269771680235863,0.389296129345894,0.356251746416092,-0.337459474802017,1.97488182783127,1.99831730127335
0.270099937915802,0.388051897287369,0.348148375749588,-0.334888190031052,1.9687480032444,1.99342319369316
0.270440116524696,0.386762320995331,0.343511357903481,-0.329834759235382,1.96615205705166,1.9907391667366
0.270678609609604,0.385551199316978,0.335905477404594,-0.327356547117233,1.95997713506222,1.98595064878464
0.270741760730743,0.384441092610359,0.336200773715973,-0.319378644227982,1.96065133810043,1.98726791143417
0.270902156829834,0.385432675480843,0.334359899163246,-0.320467203855514,1.95977284014225,1.99212884902954
0.258499637246132,0.381060674786568,0.344955340027809,-0.303816765546799,1.8959531635046,1.98254728317261
0.25866237282753,0.381222277879715,0.330416634678841,-0.314460933208466,1.88239087164402,1.97287273406982
0.258529618382454,0.380516797304153,0.326230086386204,-0.312375485897064,1.87740779668093,1.97072529792786
0.258677884936333,0.381443411111832,0.320952445268631,-0.31686607003212,1.87301975488663,1.97179439663887
0.24922588467598,0.378942281007767,0.326518356800079,-0.307267755270004,1.82187366485596,1.9663859307766
0.249188527464867,0.378015860915184,0.321916103363037,-0.304434776306152,1.81704726815224,1.96366038918495
0.244927123188972,0.377011567354202,0.325196847319603,-0.298341691493988,1.79475958645344,1.96372771263123
0.244481608271599,0.37615567445755,0.319925844669342,-0.300236254930496,1.78681549429894,1.9566977918148
0.240844830870628,0.376337349414825,0.321674227714539,-0.302170634269714,1.76674321293831,1.95585346221924
0.240179255604744,0.373776867985725,0.32151335477829,-0.292287737131119,1.76258888840675,1.95037347078323
0.238712921738625,0.371884807944298,0.319242864847183,-0.293171256780624,1.75152039527893,1.93813759088516
0.239082470536232,0.372679516673088,0.313415333628654,-0.29804727435112,1.74791015684605,1.93802982568741
0.238078713417053,0.368443340063095,0.317321166396141,-0.277556329965591,1.74579344689846,1.93310371041298
0.238522678613663,0.368957072496414,0.309672296047211,-0.284180790185928,1.74080836772919,1.92956164479256
0.240136712789536,0.359775871038437,0.305910170078278,-0.274921894073486,1.74673044681549,1.88373333215714
0.23951044678688,0.355965286493301,0.305104106664658,-0.260323196649551,1.74216678738594,1.87546852231026
0.24065425992012,0.351252406835556,0.300666585564613,-0.256329417228699,1.74459214508533,1.85118502378464
0.240230351686478,0.345978066325188,0.299543380737305,-0.242953598499298,1.74092549085617,1.83291479945183
0.240989357233047,0.345893919467926,0.292214527726173,-0.24422761797905,1.73815067112446,1.83113589882851
0.240319818258286,0.343663930892944,0.288572207093239,-0.243553221225739,1.73049111664295,1.81843036413193
0.240065068006515,0.341823875904083,0.291303709149361,-0.23226261138916,1.73169411718845,1.81868064403534
0.239838823676109,0.340899541974068,0.285857230424881,-0.232358366250992,1.72489017248154,1.81303888559341
0.239580303430557,0.340024590492249,0.286322683095932,-0.225953489542007,1.72380450367928,1.81419405341148
0.239251911640167,0.339433580636978,0.281405940651894,-0.227226316928864,1.7169174104929,1.80937516689301
0.238742291927338,0.339914530515671,0.282956048846245,-0.226559519767761,1.71540980041027,1.81292766332626
0.238654851913452,0.340506315231323,0.278575226664543,-0.232155412435532,1.71050433814526,1.81088247895241
0.226507008075714,0.341752767562866,0.290337145328522,-0.23083558678627,1.64937919378281,1.81968101859093
0.224486947059631,0.342141211032867,0.291048169136047,-0.229516118764877,1.63796985149384,1.82333114743233
0.222020298242569,0.344106823205948,0.299668952822685,-0.235694974660873,1.6317907422781,1.82894596457481
0.221395447850227,0.344703122973442,0.3008883446455,-0.236432760953903,1.62926103174686,1.83178597688675
0.217060223221779,0.344050869345665,0.296169027686119,-0.244457364082336,1.59853036701679,1.81984785199165
0.216711550951004,0.345844909548759,0.296619147062302,-0.248829543590546,1.59688845276833,1.82623991370201
0.215176567435265,0.34595713019371,0.295256406068802,-0.25405877828598,1.58631581068039,1.82168400287628
0.215325579047203,0.34645488858223,0.292980805039406,-0.256505995988846,1.58493427932262,1.82222333550453
0.215939909219742,0.347724169492722,0.289996281266212,-0.258377701044083,1.58563573658466,1.82796731591225
0.216470465064049,0.34851898252964,0.286113739013672,-0.259990781545639,1.58493652939796,1.8311231136322
0.217514961957932,0.34423366189003,0.282241597771645,-0.259325921535492,1.58733136951923,1.80607604980469
0.218533247709274,0.342244893312454,0.279850035905838,-0.256945788860321,1.59104952216148,1.7965235710144
0.219813093543053,0.343573749065399,0.27339680492878,-0.261741876602173,1.5922753661871,1.79970061779022
0.220284998416901,0.343906104564667,0.269521296024322,-0.263280779123306,1.59123128652573,1.80015584826469
0.223082184791565,0.339226171374321,0.264512851834297,-0.259279519319534,1.60300596058369,1.77607750892639
0.22404158115387,0.337552890181541,0.261447757482529,-0.257993370294571,1.60569724440575,1.76732397079468
0.225627720355988,0.337922215461731,0.253150433301926,-0.25879642367363,1.60691675543785,1.76873686909676
0.226222023367882,0.338049605488777,0.248551487922668,-0.261292636394501,1.60588362812996,1.76700499653816
0.226703494787216,0.33841635286808,0.244590759277344,-0.263424634933472,1.60481172800064,1.76707348227501
0.227076560258865,0.338787198066711,0.245157361030579,-0.26302582025528,1.60761672258377,1.76969736814499
0.227347075939178,0.338886618614197,0.24165615439415,-0.265335291624069,1.60573861002922,1.76798442006111
0.227747172117233,0.339506760239601,0.239424973726273,-0.266745001077652,1.60590800642967,1.77029556035995
0.228003114461899,0.339858546853065,0.236028373241425,-0.269987165927887,1.60404706001282,1.76916411519051
0.228102564811707,0.340381741523743,0.23467355966568,-0.270847678184509,1.60328894853592,1.77144277095795
0.228234231472015,0.333811759948731,0.232769951224327,-0.266648203134537,1.60217534005642,1.73622235655785
0.227231502532959,0.335078418254852,0.229933515191078,-0.267350047826767,1.59332253038883,1.74312046170235
0.227507263422012,0.336442947387695,0.227900505065918,-0.277340650558472,1.59294408559799,1.7413170337677
0.224304899573326,0.338689431548119,1.40140390396118,-1.07886362075806,2.74723330140114,0.953272968530655
1.47328807413578,2.07294863462448,-4.35298797488213,-8.65674513578415,4.48674046993256,3.78094667196274
1.97922916710377,1.82474875450134,-3.43518936634064,-6.79532086849213,8.44018563628197,4.15317165851593
1.98137566447258,1.82029753923416,-3.43750011920929,-6.7810480594635,8.45075386762619,4.14073717594147
1.98521262407303,1.81321489810944,-3.45463383197784,-6.73807013034821,8.45664191246033,4.14121925830841
1.98915785551071,1.80662530660629,-3.46196466684341,-6.67417716979981,8.47298246622086,4.16557466983795
2.00131146609783,1.78751194477081,-3.50372892618179,-6.56064462661743,8.5041398704052,4.16442704200745
2.0216428488493,1.78270849585533,-3.54221683740616,-6.53531897068024,8.58764025568962,4.16093200445175
2.03021542727947,1.78242376446724,-3.57671773433685,-6.52880966663361,8.60457482933998,4.16573292016983
2.04599866271019,1.76119658350945,-3.6195467710495,-6.39086377620697,8.65644520521164,4.1763157248497
2.0553250014782,1.7586210668087,-3.65190327167511,-6.4017413854599,8.68004673719406,4.1499850153923
2.05923733115196,1.76288735866547,-3.6827329993248,-6.41650056838989,8.67269098758698,4.16082358360291
2.07077281177044,1.74568897485733,-3.74442303180695,-6.34549736976624,8.68021383881569,4.12863647937775
2.07006280124187,1.74933981895447,-3.70034664869308,-6.29305303096771,8.72003015875816,4.20298588275909
2.07935313880444,1.71597510576248,-3.72576403617859,-6.25729686021805,8.75035479664803,4.03855377435684
2.08180515468121,1.69365829229355,-3.7524670958519,-6.19674122333527,8.73836383223534,3.96520853042603
2.07838183641434,1.69048416614532,-3.70987915992737,-6.13685023784637,8.76041185855866,4.00605475902557
2.06928658485413,1.66376727819443,-3.68029606342316,-6.06892132759094,8.7354234457016,3.91368234157562
2.06539788842201,1.64366978406906,-3.67779350280762,-6.0004575252533,8.71459382772446,3.86156117916107
2.04963283240795,1.63960057497025,-3.65096920728683,-6.00711476802826,8.64682778716087,3.83048868179321
2.04232361912727,1.63290947675705,-3.59796035289764,-5.93878972530365,8.655981361866,3.85866713523865
2.01309540867805,1.59360921382904,-3.59524238109589,-5.90896666049957,8.48333007097244,3.65268862247467
2.00126817822456,1.58114713430405,-3.56981337070465,-5.86790764331818,8.43779569864273,3.6189751625061
1.97839149832726,1.55665904283524,-3.49460923671722,-5.76690661907196,8.37573975324631,3.57304763793945
1.97072751820087,1.54737144708633,-3.44099467992783,-5.6902916431427,8.38337042927742,3.59393703937531
1.96011056005955,1.54351776838303,-3.42428261041641,-5.6827437877655,8.33638074994087,3.57836282253265
1.95569511502981,1.52762508392334,-3.39389660954475,-5.5916850566864,8.34027408063412,3.57406544685364
1.94548948854208,1.52288228273392,-3.3550406396389,-5.55783605575562,8.31789629161358,3.57945764064789
1.94123102724552,1.50690278410912,-3.33032315969467,-5.46825385093689,8.31706300377846,3.5731628537178
1.84597376734018,1.42779579758644,-3.23624905943871,-5.34783330559731,7.83959354460239,3.21894147992134
1.82632718235254,1.41760903596878,-3.19226548075676,-5.32479044795036,7.7656976133585,3.18086376786232
1.8167497292161,1.4124590754509,-3.16955319046974,-5.30105045437813,7.73094518482685,3.17370399832726
1.76196388155222,1.38222941756248,-3.10203483700752,-5.25205916166306,7.46974845230579,3.04131734371185
1.74685803800821,1.37503561377525,-3.04894521832466,-5.19697177410126,7.43220300972462,3.05324190855026
1.73179117590189,1.3680057823658,-3.03582981228828,-5.17557072639465,7.35491724312305,3.03246396780014
1.72080309689045,1.32144492864609,-2.98477983474731,-4.96550887823105,7.34003874659538,2.96316069364548
1.69131447374821,1.30832234025002,-2.97910958528519,-4.95811900496483,7.16877725720406,2.89181503653526
1.67888965457678,1.28778895735741,-2.91886731982231,-4.85123756527901,7.15447060763836,2.87549617886543
1.64367438852787,1.26538774371147,-2.85896629095078,-4.77665251493454,7.00308004021645,2.81567394733429
1.62952853739262,1.25934138894081,-2.85576057434082,-4.76588845252991,6.92141065001488,2.79015988111496
1.6033381074667,1.2338927090168,-2.78732424974442,-4.660151720047,6.83270439505577,2.7432045340538
1.59753324091434,1.22443947196007,-2.77496409416199,-4.61772966384888,6.81023535132408,2.72890716791153
1.59177716821432,1.21504160761833,-2.75415441393852,-4.5669037103653,6.7965085953474,2.7233459353447
1.58610156923533,1.20575138926506,-2.74523082375526,-4.526546895504,6.77137859165669,2.70796144008636
1.52348385006189,1.17802911996841,-2.64972737431526,-4.46195557713509,6.4911757260561,2.6062191426754
1.5156678929925,1.17332714796066,-2.63193073868752,-4.43994417786598,6.46207661926746,2.60001870989799
1.51479667425156,1.15555420517921,-2.6417750120163,-4.36572048068047,6.44700503349304,2.56760475039482
1.46954341232777,1.13010376691818,-2.55240541696548,-4.27438533306122,6.26485505700111,2.50623726844788
1.46430152654648,1.12123453617096,-2.54149466753006,-4.23419451713562,6.24431449174881,2.49321269989014
1.44076749682426,1.10650038719177,-2.53739464282989,-4.20394003391266,6.10721033811569,2.43506228923798
1.43045044690371,1.09734800457954,-2.51707455515861,-4.15372768044472,6.06562812626362,2.43036034703255
1.4179782345891,1.09225144982338,-2.51451513171196,-4.14447131752968,5.99335427582264,2.4090373814106
1.4099927842617,1.07919186353683,-2.5210497379303,-4.09541362524033,5.93890696763992,2.37973755598068
1.37570447847247,1.05315321683884,-2.39620988070965,-3.98830968141556,5.85801699012518,2.33060961961746
1.35372646525502,1.03945133090019,-2.39246858656406,-3.95969289541245,5.72989020496607,2.27701508998871
1.34145279601216,1.02689492702484,-2.32500512897968,-3.88078355789185,5.7237116470933,2.2805860042572
1.3366343267262,1.01891461014748,-2.30039401352406,-3.83061903715134,5.71941194683313,2.28286862373352
1.30361411347985,1.00093197822571,-2.26808239519596,-3.78324890136719,5.55360228568316,2.22234296798706
1.29421816021204,0.992587625980377,-2.29037436842918,-3.77477157115936,5.47493459284306,2.1807541847229
1.27625900506973,0.976785987615585,-2.23003321886063,-3.70877468585968,5.42752081155777,2.15194123983383
1.27165236324072,0.96919310092926,-2.18768516182899,-3.64511007070541,5.44222901761532,2.17004853487015
1.267059661448,0.961699217557907,-2.17805257439613,-3.61107695102692,5.42430539429188,2.15911835432053
1.2626157514751,0.954291701316834,-2.15537510812283,-3.56451112031937,5.42031940072775,2.16123908758163
1.25823337957263,0.947057604789734,-2.15554188191891,-3.53952550888062,5.39385839551687,2.14282011985779
1.25388503819704,0.939833164215088,-2.12455809116364,-3.48667007684708,5.39875213801861,2.15232890844345
1.24960449337959,0.932716369628906,-2.10293239355087,-3.44209426641464,5.39469456672668,2.1542039513588
1.16204479336739,0.897431164979935,-2.03906542062759,-3.41692045331001,4.93320333957672,1.9676665365696
1.15123465657234,0.893087595701218,-2.02165302634239,-3.39561060070992,4.88575491309166,1.96291497349739
1.14568535611033,0.878774702548981,-2.02745528519154,-3.33578535914421,4.84665685147047,1.93686285614967
1.1237935423851,0.860951691865921,-1.95647373795509,-3.26828441023827,4.78628751635551,1.89742574095726
1.10417097806931,0.853109359741211,-1.94686314463615,-3.25784623622894,4.67816272377968,1.86080992221832
1.0958979614079,0.839578062295914,-1.89283944666386,-3.174436211586,4.68254832178354,1.86303216218948
1.07662038877606,0.831853359937668,-1.88931526243687,-3.17004203796387,4.57040707021952,1.82107812166214
1.06724988296628,0.828097507357597,-1.87330056726933,-3.15017749369144,4.53019873052835,1.81840755045414
1.05565393716097,0.808671608567238,-1.83653870224953,-3.07006357610226,4.49738492071629,1.78196607530117
1.0370310023427,0.801256686449051,-1.80603298544884,-3.04148143529892,4.41615302860737,1.76605868339539
1.02627760916948,0.7946637570858,-1.77033022046089,-3.01166954636574,4.38733543455601,1.75631299614906
1.02577937673777,0.782464802265167,-1.76432598754764,-2.94886639714241,4.390350272879,1.74592241644859
0.995231443084776,0.765649810433388,-1.7300265468657,-2.91061018407345,4.24136211164296,1.68328867852688
0.981279098428786,0.758998602628708,-1.70246544852853,-2.88614907860756,4.18520914204419,1.66784253716469
0.976263844408095,0.755979031324387,-1.68407357111573,-2.86580324172974,4.17350949533284,1.67007094621658
0.958701674826443,0.737419635057449,-1.66100226715207,-2.80096131563187,4.09120778180659,1.62355649471283
0.955279354937375,0.731642514467239,-1.66126613691449,-2.7808096408844,4.07040999270976,1.60904544591904
0.934689317829907,0.721073910593987,-1.63470663502812,-2.75921259820461,3.97342927195132,1.56723086535931
0.932845330331474,0.712721407413483,-1.60702385939658,-2.70984588563442,3.99004812259227,1.56648255884647
0.928108340594918,0.709813147783279,-1.60154014267027,-2.70106489956379,3.96710990089923,1.55781398713589
0.908622731571086,0.692894816398621,-1.57764606596902,-2.65348196029663,3.87409032345749,1.50388693809509
0.899362881784327,0.687222719192505,-1.55379926087335,-2.63358181715012,3.84237802983262,1.48975449800491
0.897552530746907,0.679237484931946,-1.53299100510776,-2.58552873134613,3.85232417937368,1.48989617824554
0.875501703005284,0.668134212493897,-1.52382270805538,-2.57705771923065,3.72918750997633,1.43174755573273
0.861949334852397,0.653915852308273,-1.48225389048457,-2.51842257380486,3.68944211862981,1.40507254004478
0.851551834493876,0.644932731986046,-1.46222583949566,-2.4857120513916,3.64708516746759,1.38388434052467
0.848483846988529,0.639785870909691,-1.45758161507547,-2.46321687102318,3.6333214668557,1.37549835443497
0.831356989219785,0.627310395240784,-1.43898860365152,-2.43378385901451,3.54915333166718,1.33007851243019
0.82841323595494,0.622409254312515,-1.43463919684291,-2.41233855485916,3.53584021888673,1.32211697101593
0.82420380692929,0.619830921292305,-1.39312558993697,-2.37474930286407,3.55209725163877,1.34423622488976
0.806187709793448,0.603869020938873,-1.37846002727747,-2.33507309854031,3.45866623148322,1.28814102709293
0.792314631864429,0.592853158712387,-1.33950727432966,-2.29235728085041,3.41438051685691,1.26476167142391
0.782920008525252,0.584250450134277,-1.31781461089849,-2.25984624028206,3.37970544025302,1.24565646052361
0.776269381865859,0.580599844455719,-1.30703949183226,-2.24679434299469,3.3505767993629,1.23680472373962
0.769574349746108,0.576954379677773,-1.31795286387205,-2.25449465215206,3.2994932346046,1.20723162591457
0.76140577159822,0.563187226653099,-1.28561677783728,-2.19451133906841,3.28281785175204,1.18461202085018
0.758745174854994,0.558645397424698,-1.27526839077473,-2.1717374175787,3.27720265835524,1.18013496696949
0.735892277210951,0.54561547935009,-1.24117501080036,-2.1469247341156,3.17417865246534,1.12676814198494
0.728520754724741,0.5355613976717,-1.23595045506954,-2.11553674936295,3.1351740732789,1.09783163666725
0.725949298590422,0.531229048967361,-1.21580003201962,-2.08700972795486,3.13989575952291,1.1003645658493
0.714049827307463,0.524375416338444,-1.20818829536438,-2.07914239913225,3.0761106684804,1.06711009889841
0.709045585244894,0.515857182443142,-1.19446396827698,-2.04347751289606,3.05980954319239,1.05166558176279
0.706555753946304,0.511644296348095,-1.19076125323772,-2.02509094029665,3.0485732704401,1.04477483779192
0.704100469127297,0.507476560771465,-1.16555357724428,-1.99421382695436,3.0590492375195,1.05064553767443
0.682320047169924,0.49287748336792,-1.14350262284279,-1.96583138406277,2.95041766017675,0.991433516144752
0.67648621276021,0.486739903688431,-1.11691054701805,-1.93330849707127,2.94200672954321,0.987130925059318
0.673128325492144,0.484677106142044,-1.11513605713844,-1.93105138838291,2.92363389581442,0.977011248469353
0.656697440892458,0.47504834830761,-1.10461691021919,-1.91999301314354,2.83556773513556,0.930297076702118
0.647726953029633,0.462180733680725,-1.07651611417532,-1.86744555830956,2.80984560400248,0.905638843774796
0.645458359271288,0.458322301506996,-1.07146598398685,-1.85112476348877,2.80128417164087,0.898809045553207
0.643216580152512,0.454479232430458,-1.05949887633324,-1.82781806588173,2.79980060458183,0.899057328701019
0.641049917787313,0.450787201523781,-1.05981726944447,-1.81491532921791,2.78648223727942,0.889807879924774
0.638901516795158,0.447066470980644,-1.04292127490044,-1.78961771726608,2.79048782587051,0.892781108617783
0.635833010077477,0.445174634456634,-1.03943115472794,-1.78388631343842,2.77556690573692,0.887161493301392
0.632784888148308,0.443292379379272,-1.03250896930695,-1.77494135499001,2.7642003595829,0.884812921285629
0.629812136292458,0.441431775689125,-1.02591925859451,-1.76615157723427,2.75295355916023,0.882439076900482
0.590534791350365,0.408012241125107,-0.970691554248333,-1.69160310924053,2.57251719385386,0.756470337510109
0.587582483887672,0.406192794442177,-0.967308960855007,-1.68614991009235,2.55818594247103,0.751006856560707
0.586480911821127,0.400987178087235,-0.955128416419029,-1.65571378171444,2.56375705450773,0.750209286808968
0.570162117481232,0.389049291610718,-0.941005855798721,-1.63545343279839,2.47996684908867,0.698842316865921
0.563620634377003,0.383154284209013,-0.923800710588694,-1.61340342089534,2.45792309567332,0.68552228435874
0.561677757650614,0.379799317568541,-0.913349412381649,-1.59340585395694,2.45671713352203,0.685390051454306
0.559762611985207,0.376533504575491,-0.9032092243433,-1.5738656334579,2.45536644756794,0.685335393995047
0.545041896402836,0.364896677434444,-0.889242861419916,-1.55440571159124,2.3810085169971,0.634974353015423
0.538873806595802,0.358961265534162,-0.877880901098251,-1.53514103218913,2.35536193847656,0.618626561015844
0.532820049673319,0.353022612631321,-0.866693202406168,-1.51606728881598,2.33022709563375,0.602068386971951
0.530252162367106,0.351432241499424,-0.85671978443861,-1.50614928454161,2.32479318976402,0.602444164454937
0.530347548425198,0.346940852701664,-0.854648694396019,-1.48203334957361,2.32743659615517,0.599611766636372
0.517567627131939,0.33628498762846,-0.843590145930648,-1.46120171993971,2.26181561686099,0.556508205831051
0.516904518008232,0.333278305828571,-0.841543072834611,-1.44558406621218,2.25988403521478,0.554085768759251
0.516079321503639,0.330422140657902,-0.839163225144148,-1.43062127381563,2.25731270387769,0.551911570131779
0.5152069889009,0.327608145773411,-0.836793227121234,-1.41591159254313,2.25444870628417,0.54973728209734
0.499531548470259,0.317745998501778,-0.82601329497993,-1.40480157732964,2.17117599584162,0.50167441368103
0.497772701084614,0.312341764569283,-0.812880881130695,-1.37560245394707,2.17375532537699,0.498448133468628
0.496910311281681,0.309691444039345,-0.807082953630015,-1.35974107682705,2.17437891406007,0.49840758740902
0.49539414793253,0.308375060558319,-0.808185679430608,-1.3561697602272,2.16417920816457,0.494080603122711
0.495166607201099,0.304491475224495,-0.808213616721332,-1.33773559331894,2.16278602648526,0.48921325802803
0.474254608154297,0.291084587574005,-0.785500829108059,-1.31409510970116,2.06002681981772,0.432412415742874
0.47349064424634,0.288696929812431,-0.783110342919827,-1.30159118771553,2.05783352255821,0.430590391159058
0.465397894382477,0.282109587453306,-0.773482682183385,-1.28442691173404,2.01890468411148,0.40823061298579
0.464857131242752,0.279752566479146,-0.775304766371846,-1.27358360495418,2.01383802108467,0.404931793920696
0.463476002216339,0.278662188909948,-0.766152743250132,-1.26456354465336,2.0147032700479,0.407409588806331
0.462061733007431,0.277625157497823,-0.764895144850015,-1.25926972832531,2.00747525319457,0.406481216661632
0.462599691003561,0.272971420548856,-0.761345274746418,-1.2336723646149,2.01425287127495,0.404156158678234
0.444424733519554,0.260198298143223,-0.73883842676878,-1.20929167722352,1.92770997434855,0.351898111635819
0.443536706268787,0.258180069969967,-0.741383824497461,-1.20246368204243,1.91983641311526,0.346616737777367
0.436799354851246,0.251452056225389,-0.732919175177813,-1.18515009945259,1.88787695392966,0.323562237899751
0.433459315448999,0.247333361767232,-0.727748658508062,-1.17093036230654,1.87300723418593,0.313069808296859
0.430333916097879,0.244180986657739,-0.722895056009293,-1.16062253899872,1.85910844057798,0.304463380947709
0.427937556058168,0.238785002380609,-0.720403179526329,-1.14031114056706,1.84722215682268,0.292398873716593
0.425052538514137,0.235751336440444,-0.715989429503679,-1.12955050729215,1.83432580158114,0.284957511350513
0.422134011983871,0.234026151709259,-0.71393621340394,-1.1275546727702,1.81886785849929,0.276602237485349
0.419161029160023,0.232046093791723,-0.705535493791103,-1.11955171450973,1.80943068116903,0.272724848240614
0.419825434684753,0.22483966127038,-0.706495627760887,-1.08811474964023,1.81245698034763,0.260923217982054
0.420003727078438,0.222821708768606,-0.705332979559898,-1.07645810768008,1.81468938291073,0.260472144931555
0.420053333044052,0.22091556712985,-0.706987753510475,-1.06673229858279,1.81333224475384,0.25876110419631
0.408486794680357,0.211534470319748,-0.697122875601053,-1.04994183778763,1.75379789248109,0.219264984130859
0.408384691923857,0.210786826908588,-0.688575383275747,-1.04028141498566,1.76173276826739,0.224439546465874
0.403034780174494,0.20442171394825,-0.682255517691374,-1.02137959003448,1.73595316335559,0.205150693655014
0.403127353638411,0.202686041593552,-0.680837545543909,-1.01192909479141,1.73792657628655,0.204187154769897
0.403119441121817,0.20106665790081,-0.681912157684565,-1.00293745100498,1.73680448904634,0.203462496399879
0.403097297996283,0.199463151395321,-0.676814276725054,-0.99135684967041,1.74176951125264,0.205422058701515
0.403083194047213,0.197911784052849,-0.678825367242098,-0.984947696328163,1.73967379704118,0.20252300798893
0.403047222644091,0.196423262357712,-0.674410331994295,-0.974915638566017,1.74387300387025,0.203623935580254
0.385367929935455,0.185464680194855,-0.655110865831375,-0.958371050655842,1.65709671378136,0.154417030513287
0.382086828351021,0.183602500706911,-0.649769119918346,-0.953920494765043,1.64275185018778,0.147694509476423
0.378646096214652,0.180049512535334,-0.644166870042682,-0.942479517310858,1.62770970724523,0.137817557901144
0.375346172600985,0.177809417247772,-0.638574782758951,-0.936090372502804,1.61350225284696,0.13076613098383
0.372470866888761,0.176331613212824,-0.634676318615675,-0.932398092001677,1.60014888271689,0.125591587275267
0.369473588652909,0.174787662923336,-0.629988935776055,-0.927478052675724,1.5868525961414,0.121247924864292
0.368259836919606,0.172977209091187,-0.623750765807927,-0.917201548814774,1.58580825570971,0.120661705732346
0.368167196400464,0.173100851476193,-0.623045121319592,-0.915315508842468,1.58595805708319,0.123289600014687
0.367899564094841,0.172761455178261,-0.623975944705308,-0.916388928890228,1.58342143986374,0.120179802179337
0.36750063020736,0.173008188605309,-0.623030942864716,-0.916640415787697,1.58197283837944,0.121408715844154
0.367527355439961,0.172506846487522,-0.623049070127308,-0.913153029978275,1.58211506251246,0.121888048946857
0.36154768243432,0.175105217844248,-0.617934618145227,-0.914915878325701,1.5513514764607,0.135715428739786
0.361037593334913,0.174113389104605,-0.614571202546358,-0.908945586532354,1.55165435746312,0.135734748095274
0.360056334640831,0.176182620227337,-0.613109284546226,-0.908949255943298,1.54722872329876,0.148146465420723
0.35969473561272,0.174977004528046,-0.610997454728931,-0.902357093989849,1.54717095894739,0.147504933178425
0.359710262622684,0.174125701189041,-0.613833801355213,-0.900855429470539,1.54442777438089,0.143898777663708
0.359491513576359,0.173337295651436,-0.61375288804993,-0.896395429968834,1.54319619340822,0.143628343939781
0.359398113097996,0.172460742294788,-0.611617492046207,-0.890840590000153,1.54477118654177,0.143923863768578
0.359878422226757,0.170496039092541,-0.612486468162388,-0.881192103028297,1.54678406519815,0.141784131526947
0.359696449246258,0.169629089534283,-0.61193618318066,-0.876825198531151,1.54624251229689,0.140949338674545
0.359726169612259,0.168123684823513,-0.611040541436523,-0.869267791509628,1.54731647623703,0.13947431743145
0.359693513717502,0.167001955211163,-0.610086367931217,-0.863257504999638,1.5480747143738,0.138754226267338
0.355844972888008,0.175211954861879,-0.607748067239299,-0.870737347751856,1.52732177008875,0.18053438141942
0.355063668685034,0.174370482563973,-0.606051928596571,-0.863866716623306,1.52433008351363,0.182356178760529
0.355439408915117,0.172909840941429,-0.606612778501585,-0.857162095606327,1.52602367498912,0.180296950042248
0.354571329196915,0.174722012132406,-0.604906374355778,-0.858271110802889,1.52252160082571,0.190060961991549
0.354312592884526,0.172768045216799,-0.60438903584145,-0.849767755717039,1.5214865214657,0.186840515583754
0.353309371974319,0.174696946516633,-0.601261490490288,-0.849852012470365,1.51859474135563,0.198329666629434
0.353110061492771,0.173982994630933,-0.601180815603584,-0.84622267074883,1.51747955335304,0.197675297036767
0.352967978920788,0.173828752711415,-0.600892925169319,-0.844959871843457,1.51691494835541,0.198012644425034
0.352489413227886,0.174205610528588,-0.596985781099647,-0.845911571756005,1.51795069826767,0.199322091415524
0.350429285434075,0.178394351154566,-0.59333866473753,-0.851608898490667,1.50923704786692,0.218757208436728
0.350496233790182,0.178533341735601,-0.595562518923543,-0.851300556212664,1.50741488381755,0.219899494200945
0.350498036830686,0.179584864526987,-0.596484692185186,-0.855110768228769,1.50650352879893,0.222398418933153
0.350632840185426,0.180423174053431,-0.598988087265752,-0.859807658940554,1.5048089538468,0.22273138538003
0.34906936250627,0.182488214224577,-0.597339732572436,-0.86567709222436,1.49707644246519,0.229252193123102
0.34939425997436,0.183145467191935,-0.599555118009448,-0.86792079731822,1.49681044183671,0.230952005833387
0.349324671551585,0.183820497244596,-0.600933937355876,-0.872044261544943,1.49501409195364,0.230878721922636
0.349209612235427,0.184588592499495,-0.601557178422809,-0.875646013766527,1.49370049498975,0.23188554123044
0.349643914029002,0.184279937297106,-0.604480383917689,-0.874842647463083,1.49338310025632,0.230836976319551
0.347771981731057,0.186464691534638,-0.606040308251977,-0.877751553431153,1.48059158213437,0.241036595776677
0.346374848857522,0.188259625807404,-0.603671440854669,-0.886367650702596,1.47457765229046,0.243190104141831
0.345569590106606,0.189093032851815,-0.602928454056382,-0.890186654403806,1.47048908658326,0.244371542707086
0.344879994168878,0.189898842945695,-0.600652212277055,-0.893960686400533,1.46862775273621,0.245432371273637
0.3436831953004,0.191937256604433,-0.598676447756588,-0.899292822927237,1.46342272404581,0.252330716699362
0.343120505101979,0.193041432648897,-0.596908275969327,-0.903971012681722,1.46181475464255,0.25427758321166
0.34245263505727,0.19403750821948,-0.595120777375996,-0.908253829926252,1.45959503296763,0.255971219390631
0.341873419471085,0.195001784712076,-0.593808655627072,-0.911980416625738,1.45743186119944,0.258030291646719
0.341643792577088,0.195374552160501,-0.594507788307965,-0.914738800376654,1.45535496715456,0.257508512586355
0.341326084919274,0.195945378392935,-0.593420092947781,-0.916758444160223,1.45453641656786,0.258913826197386
0.340711921453476,0.198890198022127,-0.593464128673077,-0.919038768857718,1.45080740004778,0.274302419275045
0.340114937163889,0.200238922610879,-0.591976338066161,-0.920486839488149,1.44871328491718,0.280946696177125
0.339942538179457,0.197867343202233,-0.590342842973769,-0.910330722108483,1.44931238610297,0.276873337104917
0.340092324651778,0.196797141805291,-0.591156252659857,-0.905104914680123,1.44939769525081,0.275677936151624
0.33981201145798,0.195838207378984,-0.589491018094122,-0.9006831292063,1.44938105065376,0.274346115067601
0.339711130596697,0.195371525362134,-0.590478100813925,-0.89766470529139,1.44778868276626,0.274564446881413
0.34020774345845,0.197140117175877,-0.591407257132232,-0.897000943310559,1.44983920361847,0.285839759744704
0.340350317768753,0.196183537133038,-0.592140424065292,-0.892023828811944,1.44996148254722,0.285077393986285
0.339908672962338,0.197411159984767,-0.589941015932709,-0.893386240117252,1.44951102184132,0.291080719791353
0.339888824615627,0.195742349140346,-0.590088194701821,-0.885784613899887,1.44924475299194,0.28866948094219
0.339808179531246,0.195096748881042,-0.590389525983483,-0.881847876124084,1.448459551204,0.288732617162168
0.338934861589223,0.197267930023372,-0.586095415521413,-0.886372248642147,1.44751375401393,0.297235331498086
0.338543855119497,0.196220654062927,-0.585557632613927,-0.88121313136071,1.44570549810305,0.296110793016851
0.338350276462734,0.197236041538417,-0.585730659775436,-0.880909065715969,1.44437099900097,0.302507183514535
0.338227431289852,0.196257154457271,-0.583893883042038,-0.876247140578926,1.44547070469707,0.301295786164701
0.338116091676056,0.196730823256075,-0.583320361562073,-0.875623405911028,1.44537618849427,0.304761533625424
0.338067126460373,0.196891934610903,-0.581840959377587,-0.875315868295729,1.44656179938465,0.30603573936969
0.337731671519577,0.197545022703707,-0.580147174187005,-0.876906939782202,1.44624285493046,0.308363196440041
0.337333070114255,0.198546045459807,-0.579946534708142,-0.876991727389395,1.44405188597739,0.314284545369446
0.337149884551764,0.198213771916926,-0.579293336719275,-0.876187977381051,1.44360597059131,0.313094654120505
0.337221720255911,0.19771381188184,-0.579805293120444,-0.875919391401112,1.44352502841502,0.310363479889929
0.336359961889684,0.203038700856268,-0.577415048144758,-0.896187142468989,1.44074472319335,0.322045062668622
0.335949822328985,0.204403468407691,-0.575692295096815,-0.901763477362692,1.44000663887709,0.324657333083451
0.335959083400667,0.205852256156504,-0.575612812303007,-0.908052892424166,1.44014168810099,0.327060644514859
0.335518992505968,0.207036436535418,-0.57388713862747,-0.91272418294102,1.43922681640834,0.329494436271489
0.335359922610223,0.20822570566088,-0.572951569221914,-0.917783320881426,1.43920796643943,0.331570913083851
0.334110933355987,0.208928057923913,-0.571855279617011,-0.921288246288896,1.43281032051891,0.332280101254582
0.333990837447345,0.210085922852159,-0.571950766257942,-0.925424931570888,1.43199425842613,0.335090605542064
0.334147240035236,0.211140336468816,-0.572871807031333,-0.928478891029954,1.43201163318008,0.338363127782941
0.33398627769202,0.211475925520062,-0.571469518356025,-0.93188607506454,1.43244814779609,0.336969478055835
0.333482612855732,0.208779160864651,-0.571148511953652,-0.928972669877112,1.42974716518074,0.323702295310795
0.334239398129284,0.208653499372303,-0.57429435569793,-0.928113137371838,1.43114203307778,0.323807858861983
0.334779326803982,0.207616706378758,-0.576042768545449,-0.921934795565903,1.43263319227844,0.323765442706645
0.334779326803982,0.207616706378758,-0.575644937343895,-0.918501359410584,1.43303102348,0.327198878861964
0.334779326803982,0.207616706378758,-0.575704959221184,-0.917915132828057,1.43297100160271,0.327785105444491
0.334254872053862,0.214126782957464,-0.579156193882227,-0.92146190488711,1.42637303844094,0.363298792857677
0.332364562898874,0.205327423755079,-0.565683085471392,-0.887968225870281,1.42850429192185,0.343996316660196
0.331932168453932,0.204241442028433,-0.564744774252176,-0.882736543659121,1.42684823647141,0.342712108511478
0.331830030307174,0.207154251169413,-0.564046440646052,-0.883930518757552,1.42693374119699,0.358994988258928
0.331591187044978,0.206929169828072,-0.561779206618667,-0.879916981095448,1.4277679156512,0.361658037872985
0.331288233399391,0.207952681696042,-0.560056574642658,-0.880073554581031,1.42767282575369,0.367642535595223
0.330048443749547,0.208317069904297,-0.553802432492375,-0.878116457359283,1.42648823000491,0.371785962066497
0.328857691958547,0.209252289132564,-0.547934817150235,-0.882111022816389,1.42521133460104,0.373402711978997
0.328282238915563,0.21034263689944,-0.545571880415082,-0.88680937011668,1.42412155307829,0.375246451279963
0.327724160626531,0.211482873753994,-0.544903995469213,-0.891371010438888,1.42144096828997,0.377526232085074
0.326711827889085,0.214071478694677,-0.543255837634206,-0.89226059615612,1.4170151297003,0.392168276011944
0.325740808621049,0.216440122574568,-0.539952846243977,-0.902626480907202,1.41449200548232,0.396014254540205
0.325267495587468,0.21730438247323,-0.539204167202115,-0.906266897916794,1.41240080632269,0.397559396922588
0.324709417298436,0.21848526969552,-0.537995265796781,-0.910727996379137,1.41026123799384,0.400183621793985
0.324190514162183,0.219273883849382,-0.53722214885056,-0.91347336396575,1.40792093612254,0.402169939130545
0.323611425235867,0.220248479396105,-0.536500217393041,-0.917583841830492,1.40516833402216,0.403907034546137
0.32344595529139,0.21983203664422,-0.536935867741704,-0.915466237813234,1.40373986400664,0.403525982052088
0.322151901200414,0.221773665398359,-0.533379437401891,-0.922671385109425,1.39953196980059,0.407970607280731
0.321542473509908,0.222584154456854,-0.53197848983109,-0.926891975104809,1.39727635122836,0.408612951636314
0.321127178147435,0.223120059818029,-0.53114521689713,-0.92867423966527,1.39561785198748,0.410046119242907
0.316699853166938,0.230771007016301,-0.527658572420478,-0.936017168685794,1.37254054658115,0.448608873412013
0.315097196027637,0.230156185105443,-0.522514006122947,-0.932992437854409,1.36806917004287,0.447944672778249
0.31364784669131,0.232801059260964,-0.525505813769996,-0.932184493169188,1.35638126637787,0.464621862396598
0.313652309589088,0.232764686457813,-0.526171470992267,-0.930969241075218,1.35574238654226,0.465618877671659
0.312935697846115,0.2308827964589,-0.523077155463398,-0.923314834944904,1.35453703161329,0.461981943808496
0.312694053165615,0.229409310035408,-0.523972655646503,-0.916300720535219,1.35219166334718,0.460155139677227
0.312700967304409,0.228377494029701,-0.523308332078159,-0.911752144806087,1.35289747174829,0.458512819372117
0.315441137179732,0.230742817744613,-0.527086338028312,-0.910064229741692,1.36556048505008,0.474392676725984
0.316057958640158,0.231456395238638,-0.528710776008666,-0.90988801792264,1.36763697583228,0.478850353509188
0.315264077857137,0.228862633928657,-0.520074853673577,-0.894573731347919,1.37150961346924,0.478602072224021
0.31560136936605,0.228604964911938,-0.52138058654964,-0.891298890113831,1.37222762964666,0.480330899357796
0.314783288165927,0.227022781968117,-0.517658634111285,-0.884200977161527,1.37104109488428,0.477935714647174
0.315612768754363,0.22838344797492,-0.521149700507522,-0.884981460869312,1.37252691201866,0.485319226980209
0.315012006089091,0.226568337529898,-0.518836399540305,-0.878440314903855,1.37123563699424,0.480969710275531
0.315918734297156,0.227046277374029,-0.51927493698895,-0.87785742431879,1.37623746879399,0.484420239925384
0.315640272572637,0.225071381777525,-0.520719351246953,-0.868132323026657,1.37312228418887,0.482295967638493
0.315570207312703,0.224354278296232,-0.521807523444295,-0.86462171934545,1.37161372043192,0.481503950431943
0.315509291365743,0.223658781498671,-0.522897871211171,-0.861470138654113,1.37015787698329,0.480482550337911
0.316929457243532,0.224597061052918,-0.521246538963169,-0.858541766181588,1.38033020449802,0.489040600135922
0.317005170509219,0.224957956001163,-0.522249998524785,-0.857144692912698,1.37978102453053,0.492603043094277
0.315980745479465,0.224342389032245,-0.5195281971246,-0.854426437988877,1.37635627575219,0.491627896204591
0.315533751621842,0.224444737657905,-0.518319116905332,-0.854702295735478,1.37488339282572,0.491966130211949
0.315088892355561,0.224719127640128,-0.518753783777356,-0.855816192924976,1.37177957035601,0.492498572915792
0.31521274195984,0.226619336754084,-0.517857999075204,-0.858317445963621,1.37341845268384,0.501398574560881
0.314642265904695,0.227559264749289,-0.517063051927835,-0.861886650323868,1.37079054350033,0.503468938171864
0.314327136147767,0.228582967072725,-0.517369658220559,-0.866889139637351,1.36859315866604,0.504608662799001
0.314556759549305,0.228762928396463,-0.518436697078869,-0.870022304356098,1.36890386021696,0.502555266022682
0.314077269984409,0.229671496897936,-0.518637028289959,-0.873902352526784,1.3658265916165,0.504126628860831
0.313543629599735,0.230661805719137,-0.51820093090646,-0.878142204135656,1.36306084669195,0.505828630179167
0.31408276129514,0.229734431952238,-0.52043663430959,-0.877110918983817,1.36405993346125,0.501295672729611
0.31305964756757,0.231534253805876,-0.51735379267484,-0.884202932938933,1.36100409273058,0.505002589896321
0.313271482475102,0.232647899538279,-0.51940539944917,-0.888559421524406,1.36022349540144,0.507327975705266
0.313237697817385,0.233666609972715,-0.519373347051442,-0.892653062939644,1.36005283985287,0.509346596896648
0.312981278635561,0.234345909208059,-0.519997243769467,-0.894774939864874,1.3578904280439,0.511300515383482
0.313274983549491,0.232116345316172,-0.520672880345956,-0.893135685473681,1.35897702095099,0.499562386423349
0.313488837564364,0.23244646564126,-0.522267189109698,-0.894857577979565,1.35866583627649,0.499821215867996
0.313727436121553,0.231970878317952,-0.523640868719667,-0.892560217529535,1.35872374800965,0.499265052378178
0.31386745069176,0.232185086235404,-0.524677039124072,-0.891586804762482,1.35852766502649,0.501523712649941
0.314322502352297,0.230429759249091,-0.527249560691416,-0.883598763495684,1.35868545342237,0.498979791998863
0.31407614890486,0.229266902431846,-0.527341769076884,-0.877827422693372,1.35711512435228,0.497773991897702
0.314145856536925,0.228374665603042,-0.528576568700373,-0.873241005465388,1.35629857052118,0.497006988152862
0.313645848073065,0.227221792563796,-0.526860521174967,-0.8681536372751,1.35501456726342,0.495177118107677
0.313691177405417,0.226327991113067,-0.528418795205653,-0.86288296803832,1.35372826922685,0.49508497864008
0.312997818924487,0.225232427939773,-0.526716158725321,-0.857563823461533,1.3512707548216,0.493830744177103
0.313060790766031,0.228340230882168,-0.52507782028988,-0.858628632500768,1.3532869243063,0.511412752792239
0.312494455138221,0.228873940184712,-0.523455625632778,-0.858122622594237,1.35151110519655,0.515121018514037
0.312598442891613,0.22957407310605,-0.524446053663269,-0.857728727161884,1.35114460368641,0.519715711474419
0.311672797659412,0.227258283644915,-0.521703256526962,-0.847496852278709,1.34833352942951,0.516052849590778
0.311256436863914,0.22655813768506,-0.519195435801521,-0.843817632645369,1.34834318538196,0.515531193464994
0.311133625451475,0.228750955313444,-0.520033540669829,-0.845095202326775,1.34676821203902,0.52741052955389
0.310572141315788,0.228919647634029,-0.517044187989086,-0.844172600656748,1.34638865990564,0.529345285147429
0.309928947594017,0.227981515228748,-0.515909524168819,-0.838913656771183,1.34366416139528,0.528975434601307
0.309047812130302,0.227910809218884,-0.513293565716594,-0.838269773870707,1.34099330706522,0.529195081442595
0.308306438382715,0.228132203221321,-0.511193261947483,-0.838999116793275,1.33864536834881,0.529794102534652
0.307750531937927,0.228989169001579,-0.509591387119144,-0.841751020401716,1.33691180450842,0.53218399360776
0.307743057142943,0.230178203433752,-0.509788210969418,-0.842791229486465,1.33667013188824,0.538277991116047
0.306988827884197,0.231766369193792,-0.507823798805475,-0.85089884698391,1.33410916849971,0.539699368178844
0.306791197508574,0.233567770570517,-0.508141089230776,-0.857708990573883,1.33260609582067,0.543697632849216
0.306955845328048,0.231636319309473,-0.509905596496537,-0.857152491807938,1.33182947547175,0.532665424048901
0.306296538095921,0.23365387506783,-0.507290303241462,-0.866863323375583,1.33048892533407,0.535059927031398
0.305780327878892,0.234703974798322,-0.505987892858684,-0.871220579370856,1.32869407441467,0.537003269419074
0.30546063836664,0.236074412241578,-0.504856060259044,-0.876702558249235,1.32790776994079,0.539743915200233
0.305245751980692,0.235314989462495,-0.505007995758206,-0.87568292953074,1.32646651612595,0.536207007244229
0.304690601769835,0.237636627629399,-0.502830518875271,-0.884940898045898,1.32531309174374,0.540878867730498
0.304632376879454,0.237147282809019,-0.503191217780113,-0.884310873225331,1.32460304349661,0.538572823628783
0.304169073700905,0.238529767841101,-0.501743331551552,-0.889203540980816,1.32327111065388,0.541975066065788
0.30438554380089,0.237225634977221,-0.503152013756335,-0.88602551445365,1.32316124904901,0.537328295409679
0.304258541204035,0.236691875383258,-0.503407747484744,-0.883233841508627,1.32214349973947,0.53691741079092
0.303877326427028,0.237304035574198,-0.501691038487479,-0.883038651198149,1.32157292007469,0.540785562247038
0.30395520478487,0.236114751547575,-0.503078699111939,-0.874506710097194,1.32065252959728,0.542181799188256
0.303764090873301,0.23579029738903,-0.503262379206717,-0.870953355915844,1.31932216603309,0.543788428418338
0.302944731898606,0.234536848962307,-0.500400968827307,-0.864701489917934,1.31726742256433,0.542519603855908
0.30269140098244,0.233531951904297,-0.500191801227629,-0.859502768144012,1.31595660466701,0.54168894328177
0.302534573711455,0.232707224786282,-0.499350749887526,-0.854354622773826,1.3158566923812,0.541888725943863
0.302006140816957,0.234144711866975,-0.498691779095679,-0.854008907452226,1.31334506580606,0.550859363749623
0.30185291916132,0.233344539999962,-0.498741332441568,-0.847564214840531,1.31237618252635,0.55250302515924
0.301640285179019,0.233350878581405,-0.498955795541406,-0.844865798950195,1.31088591553271,0.555239472538233
0.30076308734715,0.232331385836005,-0.495081121101975,-0.839941984042525,1.30949740298092,0.554046330973506
0.300397897139192,0.231637192890048,-0.493486711755395,-0.836339246481657,1.30890067107975,0.553483910858631
0.300542613957077,0.232765343040228,-0.495820528361946,-0.834716162644327,1.30743515538052,0.561875895597041
0.300068876240402,0.232140589505434,-0.494779831264168,-0.831208380870521,1.30563342617825,0.561635156162083
0.30020418134518,0.232569199055433,-0.49571127560921,-0.830553104169667,1.30551381246187,0.564862090162933
0.299765506060794,0.232562366873026,-0.494382807286456,-0.828578719869256,1.30421022907831,0.566795481368899
0.299713139887899,0.23250999301672,-0.49509567534551,-0.827451980672777,1.30318316398188,0.567607977427542
0.299658684525639,0.23259087651968,-0.494727341923863,-0.826559277251363,1.30322476522997,0.568985981866717
0.299670722801238,0.232318328693509,-0.496048104483634,-0.824041538871825,1.3019762323238,0.56986843328923
0.299605529755354,0.231996165588498,-0.496332224458456,-0.82305106613785,1.30130095407367,0.568925927393138
0.299485876457766,0.231302045285702,-0.496698050992563,-0.82218434009701,1.30021720775403,0.5656279316172
0.29953777231276,0.230649389326572,-0.497060904279351,-0.821574623696506,1.30016572959721,0.562321712262929
0.299650070490316,0.230605639517307,-0.499044073047116,-0.820253571961075,1.29885634989478,0.563380265142769
0.299751012353227,0.230406276881695,-0.500152661232278,-0.819450328592211,1.29835341288708,0.562987332697958
0.294046631781384,0.240004286170006,-0.477959885029122,-0.857408320531249,1.28631990565918,0.582617396488786
0.294098734389991,0.240428840741515,-0.477571315597743,-0.860038540326059,1.2870210907422,0.582534504123032
0.293578356038779,0.241300558671355,-0.476933307480067,-0.862124994862825,1.28453682875261,0.585678357165307
0.29308472154662,0.241773521527648,-0.475936553906649,-0.863041336182505,1.28257177537307,0.587599792983383
0.293057291768491,0.242083113640547,-0.474648668430746,-0.863471251912415,1.2836950821802,0.589027429930866
0.29235305916518,0.242251057177782,-0.473387747071683,-0.863104385323823,1.2807306079194,0.59040195774287
0.292472972068936,0.241544729098678,-0.47403514618054,-0.860649259760976,1.28080268623307,0.58861911483109
0.291690471116453,0.241017522290349,-0.472074145916849,-0.857944161398336,1.27806868078187,0.588160972343758
0.291357698384672,0.240197004750371,-0.471320579294115,-0.853361782385036,1.27682561101392,0.58782024611719
0.291264786152169,0.239800997078419,-0.472400239435956,-0.849180525168777,1.27518847747706,0.589625457301736
0.291163414716721,0.239320449531078,-0.472792498767376,-0.845189245883375,1.27418798953295,0.590733451303095
0.290167623665184,0.239290919154882,-0.469478575047106,-0.843758036149666,1.271527166944,0.591987478779629
0.289892959874123,0.239421900361776,-0.469187605660409,-0.842941721901298,1.27017015358433,0.593589680269361
0.289128321688622,0.237001333385706,-0.465894761960954,-0.832542495103553,1.26887516817078,0.589465505210683
0.289092248305678,0.237403236329555,-0.464925011619926,-0.832097111619078,1.26962847821414,0.592322306358255
0.288717752322555,0.235853232443333,-0.466131528839469,-0.824047035770491,1.26617498509586,0.591072358889505
0.288888062117621,0.236663933843374,-0.467319468734786,-0.824137022544164,1.26600890397094,0.595846580516081
0.287477223901078,0.234936382621527,-0.462813879130408,-0.816445249365643,1.26204946427606,0.593173046363518
0.287236450938508,0.234249573200941,-0.462966854451224,-0.812898699572543,1.26045185117982,0.592598739633104
0.287786596163642,0.235178742557764,-0.464701045944821,-0.812891199762816,1.26201853103703,0.598181255583768
0.288040153682232,0.235475789755583,-0.463812220841646,-0.812316402210854,1.26442870125175,0.600538336322643
0.285816166549921,0.233272019773722,-0.456995759159327,-0.801894825766794,1.2579012401402,0.597737292875536
0.285078294575214,0.232695575803518,-0.455269012600184,-0.798756672767922,1.2552007548511,0.597416782053188
0.285546298109693,0.233168793842196,-0.456801495485706,-0.798334080493078,1.25647629317245,0.600678682560101
0.284268735878868,0.232550410553813,-0.4514972185425,-0.794899818254635,1.25411519673071,0.600402645068243
0.284613646086655,0.233077634125948,-0.453519999500713,-0.794242649339139,1.25416187701921,0.604223155416548
0.283243681755266,0.233758959919214,-0.44807971965929,-0.796321091242135,1.25138237087231,0.606232668273151
0.282467327531776,0.234569530934095,-0.445774122592411,-0.798906981479377,1.24902984259825,0.608510204125196
0.281769975539646,0.235712621361017,-0.443638339158497,-0.803230523597449,1.24698151407938,0.611045204568654
0.282230062875897,0.235354825854301,-0.44346127519384,-0.802867285907269,1.24991910206154,0.60926166921854
0.282531700329855,0.235105371102691,-0.447371973888949,-0.800947750685737,1.24781822809018,0.609684475930407
0.282712375512347,0.23461739718914,-0.448266623308882,-0.80003827624023,1.2480076297652,0.607666106894612
0.283026157878339,0.234397074207664,-0.450728914700449,-0.798586117103696,1.24742803256959,0.607796328142285
0.281123637221754,0.239362327381968,-0.443711346946657,-0.817937294952571,1.24303047638386,0.61823666933924
0.280001985840499,0.240902541205287,-0.439807525835931,-0.823703350033611,1.24020438920707,0.621711897198111
0.281085803639144,0.239399624988437,-0.443177166860551,-0.820606264285743,1.24333765497431,0.615791485644877
0.281189219560474,0.239153055474162,-0.444054578896612,-0.819769399706274,1.24308073846623,0.615148933138698
0.279701066669077,0.241591027006507,-0.438825582619756,-0.828933380544185,1.2393808173947,0.620612781494856
0.278860630001873,0.241678340360522,-0.43624280905351,-0.82855302002281,1.23692097095773,0.621517022140324
0.27795767551288,0.241415334865451,-0.43464851891622,-0.826819682959467,1.23309753416106,0.621672326233238
0.277100195642561,0.241032576188445,-0.431442146655172,-0.824985508807004,1.23115902720019,0.621209948323667
0.276839335914701,0.240436976775527,-0.432816495653242,-0.821700617205352,1.22821951983497,0.62092124344781
0.278009756933898,0.240532642230391,-0.43505711806938,-0.820962883066386,1.23300142353401,0.622232970315963
0.277745773084462,0.239466492086649,-0.435068969614804,-0.814475459046662,1.23140566889197,0.622323493473232
0.277559672482312,0.23874494805932,-0.434451033361256,-0.811041475273669,1.23090700153261,0.621428213082254
0.277311255224049,0.238049257546663,-0.435079385526478,-0.806960668414831,1.22878814581782,0.621334876865148
0.275247362442315,0.236491654068232,-0.428052713163197,-0.799943206831813,1.22343146149069,0.619006717577577
0.274638433940709,0.23571502789855,-0.426844705827534,-0.795952868647873,1.22098589781672,0.618337298743427
0.274303828366101,0.235089655965567,-0.426721503026783,-0.792590737342835,1.21910146716982,0.617947198450565
0.273357545025647,0.234110411256552,-0.422706206329167,-0.787679886445403,1.21743906382471,0.616982581093907
0.274359936825931,0.234930263832211,-0.42231700848788,-0.785766737535596,1.22384261246771,0.623814845457673
0.274381007067859,0.234936479479074,-0.424363213591278,-0.783458148129284,1.22192282881588,0.626160728745163
0.273808400146663,0.233824905008078,-0.423307943157852,-0.777686853893101,1.21954245772213,0.625262576155365
0.273981412407011,0.233593577519059,-0.42311000591144,-0.775686183944345,1.22077846853063,0.625875281170011
0.274170734919608,0.233405504375696,-0.423143819905818,-0.774523243308067,1.22188058961183,0.62590978294611
0.27275884244591,0.231809560209513,-0.417688042856753,-0.767545544542372,1.21886501181871,0.623311816714704
0.272844221442938,0.232008330523968,-0.416971240192652,-0.766714244149625,1.22009408846498,0.625335738994181
0.271868415176868,0.231546863913536,-0.417005840688944,-0.762462577782571,1.21420465037227,0.626818605698645
0.271348632872105,0.231307901442051,-0.416691515594721,-0.75958847720176,1.21140028163791,0.628258931450546
0.272675655782223,0.230342011898756,-0.419122401624918,-0.757363775745034,1.21693153306842,0.624688295647502
0.272011108696461,0.229846816509962,-0.418124098330736,-0.753399359062314,1.21394255384803,0.625681539997458
0.270906813442707,0.229933615773916,-0.41426058486104,-0.752901614643633,1.2111802957952,0.626700079999864
0.270217262208462,0.230234559625387,-0.41191877797246,-0.753661531955004,1.20938479527831,0.627745825797319
0.269773997366428,0.231046695262194,-0.413156915456057,-0.755435264669359,1.20548706874251,0.630844906903803
0.271836959756911,0.230363314971328,-0.416356910951436,-0.754493411630392,1.21466484759003,0.627686478197575
0.271743508055806,0.229816673323512,-0.415584182366729,-0.75328345131129,1.21487686596811,0.625616588629782
0.270877020433545,0.232972970232368,-0.414649641141295,-0.764612954109907,1.21061248145998,0.633224867284298
0.270266501232982,0.234880169853568,-0.41389617882669,-0.771393038332462,1.2077028285712,0.637887980788946
0.2701256852597,0.235974064096808,-0.414144342765212,-0.775316201150417,1.20660976879299,0.640528183430433
0.269480450078845,0.237491456791759,-0.414292892441153,-0.780133828520775,1.20258980803192,0.644814912229776
0.273471029475331,0.233389936387539,-0.418997770175338,-0.776063719764352,1.22182840667665,0.624275898560882
0.274132248014212,0.232974972575903,-0.420772913843393,-0.775190632790327,1.22402057424188,0.622659202665091
0.273095864802599,0.235522206872702,-0.419275153428316,-0.783572228625417,1.21930003538728,0.629561012610793
0.272862378507853,0.235636841505766,-0.420329112559557,-0.782936539500952,1.21684515848756,0.630884509533644
0.272119343280792,0.235492583364248,-0.418686453253031,-0.781682366505265,1.21402960643172,0.631273133680224
0.275281593203545,0.233138646930456,-0.423557478934526,-0.775425294414163,1.22813208028674,0.623406587168574
0.274498326703906,0.232440520077944,-0.421672444790602,-0.771690726280212,1.22531751543283,0.62295239418745
0.274017065763473,0.231832351535559,-0.421594027429819,-0.767950428649783,1.22250836715102,0.623043680563569
0.273481771349907,0.23117920383811,-0.420803491026163,-0.764451075345278,1.22008713707328,0.622624147683382
0.272812847048044,0.230537112802267,-0.420953813940287,-0.76007928699255,1.21592326834798,0.623143389821053
0.276966637000442,0.229273671284318,-0.426370924338698,-0.757904712110758,1.23542889766395,0.61773731559515
0.276147436350584,0.228357905521989,-0.425940630957484,-0.751345401629806,1.23094398714602,0.618802031502128
0.278083289042115,0.226682066917419,-0.429138045758009,-0.748378286138177,1.23936168849468,0.61171411536634
0.276857683435082,0.225882090628147,-0.426436971873045,-0.743391061201692,1.23470912873745,0.611901482567191
0.276706809177995,0.225144110620022,-0.428270932286978,-0.738414021208882,1.23196992278099,0.612450642511249
0.276242906227708,0.225044287741184,-0.427876140922308,-0.735799718648195,1.22958129644394,0.61446600779891
0.276196025311947,0.224963128566742,-0.428710971027613,-0.732616577297449,1.22846518084407,0.617162194103002
0.28013514354825,0.220431831665337,-0.434331640601158,-0.725645716302097,1.24647922068834,0.596945273689926
0.281172407791018,0.21961966343224,-0.436597788706422,-0.72359986230731,1.25043665803969,0.594118118286133
0.281361009925604,0.217191921547055,-0.437456525862217,-0.713704416528344,1.25070953369141,0.589447112753987
0.279952498152852,0.218018801882863,-0.43321980535984,-0.715662270784378,1.24649518355727,0.5924505405128
0.281680794432759,0.216911014169455,-0.43741948902607,-0.712596617639065,1.25266527757049,0.588869467377663
0.280634807422757,0.21629037335515,-0.435178130865097,-0.709065625444055,1.24863071367145,0.588676614686847
0.280003907158971,0.216368924826384,-0.434245824813843,-0.708639873191714,1.24577761813998,0.589573675766587
0.280499393120408,0.21857806481421,-0.434202663600445,-0.711091106757522,1.248793695122,0.600377282127738
0.278104320168495,0.218990037217736,-0.425875276327133,-0.711902316659689,1.24275064468384,0.602037906646729
0.277295952662826,0.219946751371026,-0.423322506248951,-0.714965341612697,1.240453209728,0.60471516661346
0.278474872931838,0.220359183847904,-0.426903657615185,-0.714531477540731,1.24394557997584,0.607623625546694
0.277175607159734,0.222313493490219,-0.422978587448597,-0.721844440326095,1.24007505550981,0.61203652061522
0.276710083708167,0.223556138575077,-0.422358579933643,-0.726007994264364,1.23790192231536,0.615328837186098
0.278356170281768,0.222771788947284,-0.42521982640028,-0.724327518604696,1.24491719529033,0.61230321507901
0.277627300471067,0.225501890294254,-0.42298036813736,-0.735050377435982,1.24278343468905,0.617960964329541
0.278846744447947,0.225130652077496,-0.427001558244228,-0.736750544048846,1.24607890844345,0.61403336841613
0.27945738658309,0.224103334359825,-0.429131135344505,-0.73512766789645,1.24761318415403,0.609492338262498
0.279786454513669,0.224075774662197,-0.429487776011229,-0.737480654381216,1.24923095107079,0.606973993591964
0.28066529519856,0.223411517217755,-0.431299354881048,-0.735947189852595,1.25269241631031,0.604521913453937
0.281307993456721,0.22286160942167,-0.432724334299564,-0.734205826185644,1.25512362644076,0.602963830344379
0.281912436708808,0.222515570931137,-0.435917340219021,-0.730947530828416,1.25555728003383,0.604145894758403
0.281676793470979,0.222653793636709,-0.434318952262402,-0.732371477875858,1.25574180856347,0.603551283944398
0.282184597104788,0.222097993362695,-0.436116553843021,-0.729999490547925,1.25699102878571,0.602588469628245
0.281822085380554,0.221678943838924,-0.433996144682169,-0.730731302406639,1.25693636760116,0.599342360626906
0.281217889860272,0.221948707010597,-0.432651024311781,-0.730278534349054,1.25465631484985,0.601413707714528
0.282855095341802,0.219005797524005,-0.436590518802404,-0.722347449976951,1.26054005324841,0.59168733516708
0.282142819836736,0.218958635348827,-0.434970762580633,-0.721215498168021,1.25788615643978,0.592536313924938
0.281488053500652,0.218500394839793,-0.434097889810801,-0.718161713797599,1.25483043119311,0.592840655241162
0.28264300711453,0.217975525185466,-0.434930078685284,-0.716289224103093,1.26092796400189,0.591563927009702
0.281130891293287,0.217027915641665,-0.428793698549271,-0.711929334327578,1.25799164921045,0.590238159522414
0.280137939378619,0.21657876484096,-0.428577311336994,-0.708189019933343,1.25225032493472,0.59128356911242
0.279110081493854,0.216621210798621,-0.425464786589146,-0.70740588568151,1.24919570237398,0.592321379110217
0.278885494917631,0.219158633612096,-0.422576487064362,-0.709359205327928,1.25073648244143,0.60559259634465
0.277831377461553,0.219256340526044,-0.418144784867763,-0.709316573105753,1.24884347990155,0.606221470050514
0.276802379637957,0.219599298201501,-0.413795344531536,-0.71037423517555,1.2470189332962,0.607221554033458
0.276271212846041,0.220467782579362,-0.416234254837036,-0.711807019077241,1.24139302223921,0.610999676398933
0.275734513998032,0.223824374377727,-0.413932014256716,-0.715837247669697,1.24047506973147,0.627108998596668
0.274878902360797,0.224311113357544,-0.412045519798994,-0.717176061123609,1.23722789436579,0.628690619021654
0.275421814993024,0.225365193560719,-0.412641018629074,-0.719301788136363,1.23988987132907,0.632889373227954
0.273899355903268,0.225716406479478,-0.408890284597874,-0.719664545729756,1.23450585082173,0.634633893147111
0.274121562018991,0.227480569854379,-0.408857218921184,-0.722421566024423,1.23587215319276,0.64246185310185
0.273038022220135,0.227812731638551,-0.405154757201672,-0.722876785323024,1.23307337611914,0.643999604508281
0.272597663104534,0.228101382032037,-0.405585505068302,-0.722569705918431,1.2300004735589,0.646038586273789
0.272085301578045,0.228060433641076,-0.405164949595928,-0.721459893509746,1.22734685987234,0.646902708336711
0.271475903689861,0.227746928110719,-0.404343850910664,-0.719157496467233,1.2245115712285,0.64732407219708
0.273387107998133,0.228923855349421,-0.407766882330179,-0.719134787097573,1.23255576565862,0.654408344998956
0.270834067836404,0.227797533385456,-0.398253571242094,-0.712942260317504,1.22675083577633,0.653842939995229
0.270034624263644,0.227592202834785,-0.396024320274591,-0.709015226922929,1.22418342530727,0.656537990085781
0.269049558788538,0.227403487078845,-0.393838178366423,-0.706746804527938,1.22045917436481,0.657674117945135
0.268145011737943,0.227516110055149,-0.391810957342386,-0.705781823955476,1.21705911308527,0.659314836375415
0.267613770440221,0.227530832402408,-0.39133894816041,-0.704655497334898,1.21434367448092,0.660529497079551
0.270107204094529,0.228975085541606,-0.395492669194937,-0.70533542893827,1.22515055537224,0.668515084311366
0.267760180868208,0.228905951604247,-0.38689548522234,-0.703695138916373,1.21966559998691,0.669740570709109
0.266982437111437,0.229145718738437,-0.384696178138256,-0.703981360420585,1.21719844453037,0.670892952010036
0.266501134261489,0.229409461840987,-0.386416550725699,-0.703062346205115,1.21259025484324,0.673394424840808
0.268652988597751,0.228084225207567,-0.389202300459146,-0.69837162643671,1.22271563112736,0.670133724808693
0.269053339958191,0.227850052528083,-0.389410685747862,-0.697688884101808,1.22490935400128,0.669411431066692
0.26811202056706,0.226925718598068,-0.38647710159421,-0.69255633931607,1.22219502180815,0.668997972272337
0.267400132492185,0.226686398498714,-0.385090041905642,-0.689374874345958,1.21931075304747,0.670743516646326
0.266960388049483,0.226508933119476,-0.384540941566229,-0.687595742754638,1.21722138673067,0.671457855962217
0.266566230915487,0.226390059106052,-0.384888365864754,-0.684588639996946,1.21450901962817,0.673751714639366
0.271178121678531,0.22165463026613,-0.391478199511766,-0.675927224569023,1.23559053055942,0.654000557027757
0.270493821240962,0.222022398374975,-0.390348497778177,-0.675393740646541,1.23261442966759,0.656740649603307
0.272411713376641,0.220493364147842,-0.392909020185471,-0.672645679675043,1.24156126007438,0.650314505212009
0.272143660113215,0.219595809932798,-0.390430867671967,-0.668641360010952,1.24243109300733,0.648933499585837
0.271323123015463,0.219529246445745,-0.388832557946444,-0.666255419608206,1.23910618014634,0.650920059066266
0.270483067259192,0.219419439788908,-0.386909529566765,-0.664673124905676,1.23598887398839,0.651843513827771
0.270824402570724,0.219467406161129,-0.385840333998203,-0.663057603873313,1.23910608142614,0.653746833093464
0.269923690706492,0.219293688423932,-0.383910186588764,-0.660814770497382,1.23563195765018,0.654947360046208
0.270177104976028,0.219589746091515,-0.384780695661902,-0.660011766944081,1.23628193419427,0.657526709605008
0.268645578529686,0.219230993185192,-0.380502736195922,-0.657218831125647,1.23137073498219,0.658167127985507
0.268956374377012,0.219428785610944,-0.381269536912441,-0.656636730302125,1.23246870934963,0.659935983363539
0.2693523876369,0.219652098603547,-0.382958747446537,-0.656050109304488,1.23315557837486,0.661862482316792
0.266911269165575,0.218947713263333,-0.373678412288427,-0.652314999140799,1.22778920270503,0.661371280439198
0.267057188786566,0.220304968301207,-0.376229781657457,-0.652876461390406,1.22611335106194,0.668953348416835
0.265804448164999,0.220274376217276,-0.372313868254423,-0.652691858354956,1.22251282073557,0.668954398948699
0.2636937238276,0.219681965652853,-0.364509016275406,-0.649627956096083,1.2176533266902,0.668463837821037
0.262789117638022,0.219628701452166,-0.363602438941598,-0.647955818567425,1.21313226688653,0.66981639014557
0.261931555811316,0.219580876175314,-0.361548403277993,-0.646696640644223,1.2100409315899,0.670788616407663
0.263843099121004,0.220668339170516,-0.36507180519402,-0.646960669197142,1.21798678953201,0.677049365825951
0.261873457115144,0.220600427128375,-0.359023971483111,-0.6444022776559,1.21221677120775,0.679200285114348
0.260735919116996,0.220500559546053,-0.357532841619104,-0.64258308056742,1.20688267308287,0.680420276708901
0.262521063326858,0.221046237275004,-0.361217719968408,-0.642206026241183,1.21390865999274,0.684071397408843
0.26067669672193,0.221184777095914,-0.354204363422468,-0.640764096751809,1.20985581690911,0.686344565823674
0.259609403903596,0.2213393766433,-0.351750719826668,-0.640688629820943,1.20590570359491,0.687347630038857
0.258723721701244,0.221719378605485,-0.349804352415958,-0.64151412434876,1.20253797779151,0.68880214728415
0.258346066671947,0.222130367532372,-0.349768470419804,-0.64239607937634,1.20030792961188,0.690386125817895
0.257938311297039,0.222609991207719,-0.349579508794704,-0.643428655341268,1.19805035898753,0.692231291905046
0.259758137864992,0.222766465507448,-0.350350598804653,-0.642337976954877,1.2081982283853,0.694260816089809
0.258871950907633,0.223987332545221,-0.349830175749958,-0.645500949583948,1.20340152969584,0.698423045687377
0.259384341072291,0.22402729280293,-0.348723446950316,-0.645033920183778,1.20758259948343,0.699129836633801
0.2579320599325,0.224901417270303,-0.3439129460603,-0.64765134640038,1.2036794135347,0.701757157221437
0.259450003970414,0.224770861212164,-0.349771479144692,-0.645487981382757,1.20692854467779,0.703137185890228
0.259365958627313,0.224802921526134,-0.348140506073833,-0.645113977603614,1.20805524569005,0.70370355155319
0.260081415530294,0.224705696105957,-0.352100757881999,-0.643075130879879,1.20838773529977,0.705159045755863
0.256895677186549,0.224589020013809,-0.34043863043189,-0.641688942909241,1.2009354326874,0.705845177173615
0.255962275899947,0.224444106221199,-0.337638702243567,-0.640247963368893,1.19813495315611,0.706416673958301
0.257810496725142,0.224107319954783,-0.343410361558199,-0.63729207450524,1.20345261879265,0.707351845223457
0.256735944189131,0.223664755467325,-0.340973783284426,-0.633567722979933,1.19944188185036,0.70842080982402
0.255329094827175,0.223953465465456,-0.336840629577637,-0.633035080973059,1.19513393938541,0.710685711819678
0.255786287598312,0.223441872745752,-0.334519978612661,-0.631647940725088,1.20019774697721,0.709003295749426
0.254738909658045,0.22357814386487,-0.333388989791274,-0.630569811910391,1.19504446815699,0.71089905127883
0.255634360015392,0.223451148718595,-0.335767291486263,-0.629051465541124,1.19803886860609,0.711655426770449
0.254401999060065,0.224265743046999,-0.331304522231221,-0.63182519748807,1.19510747212917,0.713769260793924
0.25353272492066,0.224821213632822,-0.32924116589129,-0.632622119039297,1.19195518363267,0.716305162757635
0.255251074675471,0.224154225550592,-0.334300683811307,-0.629186197184026,1.19720576424152,0.715739156119525
0.255401506088674,0.223905826918781,-0.334411535412073,-0.628762478940189,1.19799750111997,0.714672482572496
0.254325488582253,0.226360562257469,-0.332721240818501,-0.636477026157081,1.19323169067502,0.721686347387731
0.253971483558416,0.227387103252113,-0.332090422511101,-0.639534289948642,1.1917384788394,0.724788329564035
0.256544524803758,0.22643388225697,-0.336415231227875,-0.640369454165921,1.20285191759467,0.718233839375898
0.256086984649301,0.227464983006939,-0.335858762264252,-0.643592433771119,1.20066314563155,0.721197464270517
0.25748944375664,0.226915188482963,-0.338091943413019,-0.642815858474933,1.20684471912682,0.718675272422843
0.258458488620818,0.226042429276276,-0.339943613857031,-0.6403678379138,1.21080731786788,0.715886737743858
0.257512981072068,0.227905864187051,-0.338999584317207,-0.645291010208894,1.2060783021152,0.72214417491341
0.256959051825106,0.228339204855729,-0.338497545570135,-0.645807588764001,1.2032567653805,0.724227640370373
0.257903353311121,0.227116617577849,-0.339080978184938,-0.643345582502661,1.20833914168179,0.719354122964432
0.256991367787123,0.227696664456744,-0.337419793009758,-0.642574131314177,1.20452841371298,0.723605855426285
0.255274119786918,0.22735025716247,-0.331108909100294,-0.640439428214449,1.20053580962121,0.723662114760373
0.25406754668802,0.227236032311339,-0.327280875295401,-0.638965591613669,1.19712440483272,0.724450602254365
0.253104098141193,0.227269165043253,-0.324858099222183,-0.638199060980696,1.19376648962498,0.725415929278825
0.250651093199849,0.231781554408371,-0.319552130997181,-0.642473091371357,1.18435442820191,0.748216235078871
0.249312636442482,0.232838460244238,-0.315967295318842,-0.643060469068587,1.17990852333605,0.753970292396843
0.24878382217139,0.233188953250647,-0.315702546387911,-0.642288412898779,1.17700038664043,0.756845306605101
0.248999084345996,0.233198647852987,-0.317435067147016,-0.641128127928823,1.17655943892896,0.758063759189099
0.247268376871943,0.233822690788656,-0.310758739709854,-0.642071033362299,1.17285152152181,0.76086511136964
0.246998464688659,0.234161149710417,-0.310514487326145,-0.641676019877195,1.17147630080581,0.763290878385305
0.24556221999228,0.23396148905158,-0.306589104235172,-0.640045654028654,1.16678421571851,0.763723280280829
0.244436061009765,0.234025973826647,-0.303988851606846,-0.639226574450731,1.16262751445174,0.76492926850915
0.244400596246123,0.235208938829601,-0.303744919598103,-0.639559942297637,1.16265865787864,0.771693690679967
0.24309619795531,0.235175455920398,-0.300200071185827,-0.638481694273651,1.15837711654603,0.772571041248739
0.242941009812057,0.235615331679583,-0.300168816000223,-0.63749335333705,1.15747724287212,0.776198636740446
0.241602532565594,0.235712509602308,-0.295693181455135,-0.637299712747335,1.15392201393843,0.776975344866514
0.240863092243671,0.235854741185904,-0.295928977429867,-0.636205907911062,1.14924957603216,0.778922539204359
0.239574078470468,0.235542435199022,-0.292042329907417,-0.634400639683008,1.14540214091539,0.778853971511126
0.239781673997641,0.23672803491354,-0.291966781020164,-0.634681597352028,1.14672326296568,0.785686612129211
0.238182904198766,0.236752443015575,-0.287516079843044,-0.633346490561962,1.14158134534955,0.78716816753149
0.237428100779653,0.238013810478151,-0.28618535399437,-0.63438633736223,1.13838325068355,0.793696525506675
0.236004317179322,0.23831829149276,-0.282238692045212,-0.633503568358719,1.13378721103072,0.796406180597842
0.235775439068675,0.238680940121412,-0.28280621021986,-0.632459226995707,1.13184642419219,0.799626413732767
0.234445823356509,0.239495787769556,-0.279059328138828,-0.633762422949076,1.12761561200023,0.803212303668261
0.232846084982157,0.239585902541876,-0.275106512010097,-0.633009362965822,1.12196999788284,0.804506052285433
0.232559066265821,0.239852615632117,-0.273940116167068,-0.632314973510802,1.12141428142786,0.806800720281899
0.231651471927762,0.239967891015112,-0.271307609975338,-0.632111803628504,1.11860122159123,0.80769554246217
0.232601257041097,0.238994795829058,-0.272994287312031,-0.628726277500391,1.12261325493455,0.805242497473955
0.232408177107573,0.238931585103273,-0.271923862397671,-0.629428934305906,1.12252520024776,0.804160576313734
0.231722880154848,0.23952292278409,-0.27213142812252,-0.629192996770144,1.11820585280657,0.807944539934397
0.232896659523249,0.23848117981106,-0.274739399552345,-0.626132906414568,1.12264055758715,0.804754172451794
0.233357209712267,0.238058594986796,-0.276410661637783,-0.624210638925433,1.12373259663582,0.804140930995345
0.231881992891431,0.240405732765794,-0.27118381857872,-0.632212216034532,1.12010813876987,0.810222180560231
0.231109732761979,0.241200784221292,-0.268567770719528,-0.634434351697564,1.11809062585235,0.812770353630185
0.230201415717602,0.241693736985326,-0.265457645058632,-0.635996097698808,1.11575084924698,0.814166324213147
0.229190658777952,0.242022009566426,-0.261897869408131,-0.637268261983991,1.11324608325958,0.814863795414567
0.229672579094768,0.243152307346463,-0.261791326105595,-0.637824723497033,1.11624414846301,0.821089120581746
0.228098450228572,0.244072342291474,-0.262781284749508,-0.638700092211366,1.10580941662192,0.82573396153748
0.227368328720331,0.244569422677159,-0.261321015655994,-0.639791438356042,1.10288895666599,0.827625097706914
0.227701913565397,0.244321430101991,-0.262125499546528,-0.638872990384698,1.10408598184586,0.827055590227246
0.22681362554431,0.244941705837846,-0.261222027242184,-0.639117883518338,1.09965972602367,0.830532351508737
0.225641909986734,0.24565933085978,-0.257111616432667,-0.641761289909482,1.09673984348774,0.8321946952492
0.226002024486661,0.246135952882469,-0.257974795997143,-0.642381156794727,1.09803735092282,0.834434560500085
0.22540096566081,0.246649603359401,-0.257258094847202,-0.643127257935703,1.09514769911766,0.836770362220705
0.226253014057875,0.24566242704168,-0.257807165384293,-0.642599789891392,1.09971091896296,0.831374772358686
0.225717265158892,0.246032080147415,-0.258609421551228,-0.642137600574642,1.09569416940212,0.83405488030985
0.225173640996218,0.246464884374291,-0.257472217082977,-0.643113723490387,1.09356962889433,0.835675582755357
0.224717361852527,0.246977596078068,-0.256966888904572,-0.644214345607907,1.09133728221059,0.837651230860502
0.227092863991857,0.244757474865764,-0.260036736726761,-0.642170259263366,1.10252044722438,0.82637458993122
0.226606294512749,0.245303699281067,-0.259027950465679,-0.643130743410438,1.10060981661081,0.828691452275962
0.226864501833916,0.245020446367562,-0.260871201753616,-0.64085300732404,1.10031580924988,0.829269670881331
0.225610382854938,0.245328498072922,-0.25647346675396,-0.641789120621979,1.09718883037567,0.830181867815554
0.224480839446187,0.245775629766285,-0.255369961261749,-0.642875996418297,1.09151507541537,0.831777782179415
0.223454561084509,0.246238653548062,-0.25327505916357,-0.64384260494262,1.08745230734348,0.833589316345751
0.225587870925665,0.246652972884476,-0.257178753614426,-0.643624749965966,1.09634847193956,0.836293087340891
0.22368492372334,0.247226354666054,-0.252719819545746,-0.644001734443009,1.08938972279429,0.839356393553317
0.224663216620684,0.247103227302432,-0.254591286182404,-0.643582811579108,1.0933880135417,0.839036552235484
0.224181611090898,0.247424839064479,-0.254890769720078,-0.643790161237121,1.09019889682531,0.840758873149753
0.222825452685356,0.247947221621871,-0.250195980072021,-0.64546605758369,1.08675673604012,0.842217272147536
0.221920197829604,0.248430823907256,-0.250831462442875,-0.645101090893149,1.08068972453475,0.845483852550387
0.221255168318748,0.248891582712531,-0.249459512531757,-0.645844450220466,1.07807149738073,0.847505046054721
0.220524281263351,0.249200684949756,-0.249454341828823,-0.645332602784038,1.07369134575129,0.849871506914496
0.224546480923891,0.247421402018517,-0.253322593867779,-0.643462825100869,1.09395629167557,0.841065587010235
0.223860507830977,0.247786808293313,-0.252326883375645,-0.643748487811536,1.09083616361022,0.842972361948341
0.224601153284311,0.247277830494568,-0.253028780221939,-0.642374125076458,1.09457813948393,0.841292857890949
0.224842676892877,0.247166652465239,-0.253955587744713,-0.640215892577544,1.09510047361255,0.842784022213891
0.224229669198394,0.247528238571249,-0.253871060907841,-0.639885342097841,1.09150695428252,0.845284089329653
0.222309589385986,0.249098277068697,-0.247648231685162,-0.645461304462515,1.08620930463076,0.849128357949667
0.222330406308174,0.250248451018706,-0.247805498540401,-0.646279406035319,1.08617693930864,0.855211300076917
0.222090493887663,0.250168033409864,-0.24849946051836,-0.644677855540067,1.08404350280762,0.856330344919115
0.220250084996223,0.251213394571096,-0.242509268224239,-0.648289494682103,1.0789912417531,0.858990872744471
0.219474740326405,0.25154308276251,-0.242815963923931,-0.64814803795889,1.0740324780345,0.861110458616167
0.221397265791893,0.250606634304859,-0.244149304926395,-0.647348717437126,1.08423428982496,0.856291088392027
0.220937758684158,0.250879221246578,-0.243253774940968,-0.647806078777649,1.08237277716398,0.857469248701818
0.220737621188164,0.251030244515277,-0.243249200284481,-0.647520721540786,1.0811765268445,0.858660745550878
0.220737621188164,0.251030244515277,-0.246049262583256,-0.645509638474323,1.07837646454573,0.860671828617342
0.214559856802225,0.25333888141904,-0.229678351432085,-0.653003283427097,1.05768078938127,0.867030005087145
0.213785961270332,0.253702037618495,-0.22809823974967,-0.653677665279247,1.05461752787232,0.868534560431726
0.213060528039932,0.254032306955196,-0.22661180049181,-0.654291689977981,1.05175136774778,0.869902151753195
0.212427489459515,0.254297979758121,-0.229307405650616,-0.651048355386592,1.04525753110647,0.874739523162134
0.21207232773304,0.254509948776104,-0.228925477713346,-0.650823392556049,1.04350848868489,0.876236300100572
0.216538839042187,0.254400230594911,-0.232274424284697,-0.650790653773584,1.06695860996842,0.875610729795881
0.215938717126846,0.25466158951167,-0.230013344436884,-0.651308953412809,1.06561895832419,0.876660583657213
0.215591698884964,0.255825088126585,-0.23221829906106,-0.652152404887602,1.06133189424872,0.882798123871908
0.214480489492416,0.256697104079649,-0.229692790657282,-0.65535629610531,1.05719014629722,0.884826328372583
0.214046850800514,0.257654927205294,-0.230019137263298,-0.655679396819323,1.05426196753979,0.890250166412443
0.214508071541786,0.257691080449149,-0.231456331908703,-0.655057127354667,1.05559209734201,0.891089355340228
0.21109627187252,0.258179816184565,-0.219356298446655,-0.656355718849227,1.04722133278847,0.892723178258166
0.210783064365387,0.25825101393275,-0.221627868711948,-0.655184062896296,1.04307051748037,0.894322020700201
0.210766442120075,0.258173393784091,-0.222038067877293,-0.653745571849868,1.04256058484316,0.895294790854678
0.214261628687382,0.254976548778359,-0.228228982537985,-0.64784687809879,1.05734078958631,0.882012414571364
0.213650889694691,0.256022431480233,-0.226062316447496,-0.651337527262513,1.05584302172065,0.884797061618883
0.215148314833641,0.254322757013142,-0.229142360389233,-0.646370281465352,1.06174752861261,0.879566260613501
0.215329632163048,0.254244287498295,-0.229934513568878,-0.643742580898106,1.06204327940941,0.881723144091666
0.215277828276157,0.25520355720073,-0.229965820908546,-0.645777371712029,1.0617011487484,0.88544397149235
0.215321741998196,0.255348009057343,-0.229983046650887,-0.644673538394272,1.06194740533829,0.887414515949786
0.215264543890953,0.255472001619637,-0.229977786540985,-0.644151722081006,1.06160947680473,0.888680287636817
0.21726356446743,0.251870930194855,-0.232685424387455,-0.639073833823204,1.07089596241713,0.872151747345924
0.217389822006226,0.252108277287334,-0.233353525400162,-0.638947011437267,1.07098540663719,0.873702652286738
0.215505912899971,0.253585138823837,-0.226228594779968,-0.64435508986935,1.06680688261986,0.877155743073672
0.215196296572685,0.254082315135747,-0.229127436876297,-0.643964156974107,1.06205034255981,0.880529733840376
0.214216955006123,0.254712485242635,-0.226837702095509,-0.645700976718217,1.05846402794123,0.882573934737593
0.212523374706507,0.254880711901933,-0.221715781837702,-0.645979136694223,1.05342446640134,0.883305134717375
0.212002981454134,0.254969075787812,-0.220541205257177,-0.64685381250456,1.05147668346763,0.882960642222315
0.211567912250757,0.255130708683282,-0.220356281846762,-0.647027798462659,1.04905119165778,0.883756453637034
0.210665497928858,0.257820305763744,-0.220636017620563,-0.649181140004657,1.04335696995258,0.897740694577806
0.208721615374088,0.25786818319466,-0.213630754500628,-0.64886975788977,1.0386989377439,0.898339341278188
0.207888122648001,0.257852663635276,-0.209954600781202,-0.648019274114631,1.0373741351068,0.899096707697026
0.207053441554308,0.25765387469437,-0.206412959843874,-0.647110266028903,1.03590768948197,0.898812982137315
0.206664051860571,0.257812363444827,-0.207719635218382,-0.648089920519851,1.03226467594504,0.898784260149114
0.205983128398657,0.257684951066039,-0.204850878566504,-0.647209656774066,1.03104789182544,0.898900049622171
0.205643828958273,0.257926886319183,-0.205305013805628,-0.647643332718872,1.02855795994401,0.899917985196225
0.204789765179157,0.258210917352699,-0.203185483813286,-0.648318489431404,1.02555310726166,0.900947014684789
0.203740023076534,0.260812695487402,-0.202207036316395,-0.649966362281702,1.02023310214281,0.914909810642712
0.202634014189243,0.261003810330294,-0.200377427041531,-0.650302606984042,1.01542665809393,0.915720254997723
0.201853580772877,0.261186804040335,-0.198756460100412,-0.650833542807959,1.01236502453685,0.916287281434052
0.20183140784502,0.26211699959822,-0.199097894132137,-0.652032875688747,1.01189055293798,0.920669121900573
0.201409056782722,0.262338520260528,-0.198738757520914,-0.652555474312976,1.00971558317542,0.92147564725019
0.199943013489246,0.262170986505225,-0.194272767752409,-0.652014405699447,1.00538531318307,0.921011513331905
0.199006583541632,0.263282500673085,-0.192337144166231,-0.652655333746225,1.00170235708356,0.927039670292288
0.197988070547581,0.263533235061914,-0.190443003550172,-0.653069675434381,0.997485419735312,0.928129734937102
0.197401959449053,0.26362118171528,-0.189393127337098,-0.652992114890367,0.995018629357219,0.928734975401312
0.19682515412569,0.263619527686387,-0.187992120161653,-0.651863009203225,0.99295880459249,0.929854156915098
0.196623895317316,0.263971088454127,-0.187989395111799,-0.651791227981448,0.991753976792097,0.932035302743316
0.195575062185526,0.263493789359927,-0.185243735089898,-0.650120807811618,0.988206638023257,0.930841928347945
0.194969590753317,0.263047574087977,-0.183435058221221,-0.647948799654841,0.98638248629868,0.930336644873023
0.194719709455967,0.262518232688308,-0.18313036300242,-0.645806198939681,0.985187893733382,0.929303197190166
0.194237254559994,0.264073020778596,-0.183387150987983,-0.647343522869051,0.98203637637198,0.937094601802528
0.19380222260952,0.263229361735284,-0.182597335428,-0.643790795467794,0.98021600022912,0.935585374943912
0.193999260663986,0.263951918575913,-0.183533309027553,-0.644286191556603,0.980462254956365,0.939425319898874
0.193821936845779,0.263106694910675,-0.183631177991629,-0.640898233745247,0.979300443083048,0.937741935718805
0.192401301115751,0.262266932521015,-0.178901221603155,-0.636654107365757,0.975506585091352,0.936947487760335
0.192096058279276,0.261972589883953,-0.179139859974384,-0.634779116604477,0.973436489701271,0.937056422699243
0.191842023283243,0.261871709022671,-0.178759675472975,-0.633620454464108,0.972292464226484,0.937609799671918
0.191479094326496,0.262070617172867,-0.178219813853502,-0.632881096098572,0.970654752105474,0.93954260693863
0.191561602056026,0.261770179960877,-0.177772056311369,-0.630161619279534,0.97159755602479,0.940459460485727
0.195549748837948,0.258047752315179,-0.182973822578788,-0.623373002046719,0.990324670448899,0.924913511844352
0.196534618735313,0.257605210645124,-0.184586940333247,-0.623183340532705,0.994620772078633,0.922447923338041
0.196319900453091,0.257554263575003,-0.184802379459143,-0.621181481285021,0.993117023259401,0.924144100164995
0.197852443903685,0.255836890064529,-0.185828937217593,-0.618033112012199,1.00128572620451,0.916988228374976
0.198200237005949,0.255027310922742,-0.185313053429127,-0.615838335826993,1.00388836860657,0.914325529709458
0.198668833822012,0.254474333603866,-0.187659984454513,-0.611258632619865,1.00435301847756,0.915587369003333
0.199180271476507,0.254387744818814,-0.188595188781619,-0.610458129202016,1.00648644007742,0.915868339710869
0.199194546788931,0.254705180879682,-0.189344432204962,-0.609397520776838,1.00582284852862,0.918833564501256
0.936755612492561,0.143604961689562,-1.11282892525196,-0.961529289837927,4.50770474970341,-0.099899519700557
0.758000444620848,1.94898694753647,-2.23423598334193,-3.93875598907471,2.31376668438315,7.7551656961441
0.757037352770567,1.94776391983032,-2.2313608340919,-3.92947125434875,2.3108632825315,7.75711226463318
0.745112590491772,1.94364434480667,-2.21061059087515,-3.93629431724548,2.26006495207548,7.72557175159454
0.7357362434268,1.94641709327698,-2.18247350305319,-3.94239675998688,2.23194395750761,7.73610579967499
0.740361265838146,1.92344450950623,-2.1942383274436,-3.8231246471405,2.24792926758528,7.71754240989685
0.736557446420193,1.91593211889267,-2.1707636937499,-3.7655633687973,2.24858098477125,7.73002934455872
0.697967581450939,1.88400220870972,-2.16979927569628,-3.73469066619873,2.01800621300936,7.56932258605957
0.669449478387832,1.88249444961548,-2.08676086366177,-3.74191427230835,1.92993600666523,7.55305242538452
0.660105302929878,1.85697191953659,-2.07979972660542,-3.65844118595123,1.88083209097385,7.48339033126831
0.656250059604645,1.84969502687454,-2.05306793749332,-3.60481703281403,1.88443242013454,7.49335312843323
0.641053006052971,1.82083696126938,-2.04048216342926,-3.52349317073822,1.80583587288857,7.40152859687805
0.628470629453659,1.8162921667099,-2.02213871479034,-3.5489793419838,1.74868506193161,7.3487736582756
0.624562174081802,1.80931225419045,-1.98792588710785,-3.50463610887527,1.75944715738297,7.3512374162674
0.60203617811203,1.76784315705299,-1.96673205494881,-3.41361838579178,1.64548501372337,7.19344055652618
0.589879110455513,1.76337873935699,-1.92333534359932,-3.40984308719635,1.61593931913376,7.17042934894562
0.569982171058655,1.73355683684349,-1.90441192686558,-3.36658531427383,1.51548109948635,7.03475570678711
0.558824822306633,1.7150162756443,-1.86145134270191,-3.31512844562531,1.49149759113789,6.97496920824051
0.555154025554657,1.70836687088013,-1.83400769531727,-3.26917088031769,1.49691645801067,6.98103034496307
0.551515132188797,1.70179972052574,-1.84002549946308,-3.26640254259109,1.4690652936697,6.94439578056335
0.531394183635712,1.665422052145,-1.79913644492626,-3.21932709217072,1.38922865688801,6.77320522069931
0.524244569242001,1.65250316262245,-1.75793679058552,-3.14979124069214,1.38753062486649,6.76522773504257
0.520653396844864,1.64610481262207,-1.74718080461025,-3.13881182670593,1.37673957645893,6.73781704902649
0.517167925834656,1.63976660370827,-1.74509970843792,-3.12016236782074,1.35790784657002,6.71843725442886
0.490931488573551,1.58430728316307,-1.6802463978529,-3.02167391777039,1.26534253358841,6.48416978120804
0.487528249621391,1.57814893126488,-1.6698986440897,-3.01181030273437,1.25527085363865,6.45708328485489
0.480368718504906,1.5801665186882,-1.6370412260294,-3.01925528049469,1.24517108500004,6.46174383163452
0.480830609798431,1.56601470708847,-1.63437648117542,-2.96202552318573,1.25060717761517,6.43406271934509
0.458706438541412,1.51103043556213,-1.59818844497204,-2.88828206062317,1.15405018627644,6.17790055274963
0.458127103745937,1.49097406864166,-1.6044285595417,-2.84447890520096,1.14433406293392,6.10136550664902
0.447965167462826,1.48710206151009,-1.55236658453941,-2.81423634290695,1.13542442023754,6.10837602615356
0.4447360932827,1.48140352964401,-1.55740141868591,-2.81194388866425,1.11101514101028,6.07647728919983
0.4334437251091,1.44602626562119,-1.55695912241936,-2.78257828950882,1.04370322823524,5.89357930421829
0.427197068929672,1.4347727894783,-1.54266574978828,-2.74349844455719,1.02051666378975,5.86513829231262
0.424091339111328,1.42919433116913,-1.54077425599098,-2.72698086500168,1.00377377867699,5.84818512201309
0.417620718479157,1.43101313710213,-1.45006129145622,-2.70995289087296,1.05566301941872,5.87612593173981
0.411221563816071,1.43281623721123,-1.41989693045616,-2.71706396341324,1.04743245244026,5.87983345985413
0.404852509498596,1.35374203324318,-1.43362060189247,-2.55975151062012,0.995494455099106,5.56270068883896
0.392613299190998,1.33855068683624,-1.38370513916016,-2.52061599493027,0.971974655985832,5.51068812608719
0.389711264520884,1.3333420753479,-1.36184768378735,-2.48713916540146,0.976419903337956,5.51291328668594
0.386868432164192,1.32820385694504,-1.37993249297142,-2.51181745529175,0.941278100013733,5.45740568637848
0.378632411360741,1.295638859272,-1.35431206226349,-2.47478359937668,0.917482405900955,5.29904955625534
0.373092155903578,1.28555658459663,-1.3282486051321,-2.4347773194313,0.910304330289364,5.2785621881485
0.370350640267134,1.28056862950325,-1.30752365291119,-2.40285933017731,0.914580188691616,5.28055244684219
0.367666851729155,1.2756769657135,-1.28722880780697,-2.37141668796539,0.918772302567959,5.28264510631561
0.361992787569761,1.2772843837738,-1.26802907884121,-2.37096309661865,0.903927646577358,5.29274320602417
0.356391798704863,1.27886945009232,-1.2727694362402,-2.41944554448128,0.865581355988979,5.25377115607262
0.350845765322447,1.28043773770332,-1.21549890935421,-2.4047364294529,0.889575682580471,5.27788999676704
0.33369730040431,1.20717599987984,-1.18905158340931,-2.32011213898659,0.813132219016552,4.92294386029244
0.3313621096313,1.19677367806435,-1.17771466076374,-2.29865255951881,0.810457997024059,4.88198950886726
0.315036159008741,1.20139542222023,-1.12640328705311,-2.35307720303535,0.76381366699934,4.85529533028603
0.309612791985273,1.20291522145271,-1.10148586332798,-2.3597509264946,0.75619088858366,4.85774040222168
0.328247996047139,1.15370458364487,-1.16749212890863,-2.15226846933365,0.801995847374201,4.76995903253555
0.319966765120625,1.11507147550583,-1.15071377903223,-2.1030301451683,0.769086811691523,4.58739870786667
0.309683056548238,1.11798697710037,-1.12862715870142,-2.14129477739334,0.729471180588007,4.56662708520889
0.304610284045339,1.11943143606186,-1.09361336380243,-2.14341795444489,0.734048340469599,4.57317066192627
0.299030544236302,1.09174317121506,-1.09631068259478,-2.12024396657944,0.697872582823038,4.43021506071091
0.287352414801717,1.08539098501205,-1.06317166239023,-2.12675321102142,0.660942826420069,4.3855926990509
0.299025993794203,1.05195347964764,-1.08397455513477,-1.98511335253716,0.710181407630444,4.32660752534866
0.296878355555236,1.04766511917114,-1.07210756465793,-1.9683124423027,0.709162568673492,4.31767827272415
0.294697947800159,1.04367139935493,-1.05539518594742,-1.9428870677948,0.712792500853539,4.31914132833481
0.285809348337352,1.00504624843597,-1.03224612399936,-1.88294637203217,0.682609966024756,4.14733111858368
0.283703129738569,1.00115360319614,-1.03075297176838,-1.88789308071136,0.671465806663036,4.1190285384655
0.278407666832209,0.980455860495567,-1.02685309946537,-1.86011269688606,0.643592901527882,4.02262246608734
0.27637997455895,0.976684659719467,-1.00545848160982,-1.84167417883873,0.652821365743876,4.01843377947807
0.271323792636394,0.95680558681488,-1.00165563821793,-1.81477332115173,0.626287117600441,3.92606019973755
0.269307259470224,0.953124701976776,-0.980502769351006,-1.79678300023079,0.635340787470341,3.92196521162987
0.262048576027155,0.938532084226608,-0.957446441054344,-1.78634005784988,0.614845015108585,3.84485244750977
0.262394417077303,0.930137008428574,-0.951734438538551,-1.74416744709015,0.622632063925266,3.83665460348129
0.258168745785952,0.931346833705902,-0.927699789404869,-1.74052822589874,0.621312685310841,3.84755277633667
0.25391461327672,0.908280432224274,-0.916560247540474,-1.70897483825684,0.606927432119846,3.74070775508881
0.244256991893053,0.90299117565155,-0.892641589045525,-1.73844939470291,0.572900362312794,3.67949765920639
0.251921374350786,0.876636162400246,-0.92064405977726,-1.64717626571655,0.590884186327457,3.61264070868492
0.250593114644289,0.8692257553339,-0.912675485014915,-1.63161927461624,0.590883202850819,3.58373525738716
0.249311406165361,0.86200787127018,-0.926519230008125,-1.64558020234108,0.569349206984043,3.52646702528
0.233157534152269,0.866639688611031,-0.868592992424965,-1.6678611189127,0.530352212488651,3.53197701275349
0.230652470141649,0.852442935109139,-0.872579410672188,-1.65720361471176,0.511335410177708,3.45745399594307
0.221520114690065,0.847765937447548,-0.846093043684959,-1.66283595561981,0.483027644455433,3.42375966906548
0.230556529015303,0.822004921734333,-0.839203760027885,-1.53926226496696,0.544135414063931,3.39276726543903
0.22889194637537,0.818661868572235,-0.842686206102371,-1.5372106730938,0.530665472149849,3.37476053833961
0.227249272167683,0.815582349896431,-0.842418938875198,-1.52836291491985,0.521076694130898,3.36513118445873
0.223600693047047,0.816636249423027,-0.833976000547409,-1.53608959913254,0.507628157734871,3.36372789740562
0.217931527644396,0.775521188974381,-0.797189056873322,-1.45718216896057,0.510400108993053,3.19594496488571
0.2167635448277,0.768820315599442,-0.805720597505569,-1.46155782043934,0.494860671460629,3.15136407315731
0.213536821305752,0.762917160987854,-0.778526335954666,-1.42792446911335,0.502694591879845,3.14957849681377
0.213241375982761,0.746326576918364,-0.778102889657021,-1.39239782094955,0.501345366239548,3.08556164056063
0.208179295063019,0.74445291236043,-0.752195134758949,-1.37803468108177,0.496880635619164,3.08868279308081
0.206086337566376,0.731952149420977,-0.744499638676643,-1.3587432205677,0.492018386721611,3.03296967595816
0.202953107655048,0.726336132735014,-0.72650770843029,-1.32956743240356,0.4912109375,3.02844936400652
0.201402202248573,0.723549801856279,-0.743854179978371,-1.35872062295675,0.464559033513069,2.98257818818092
0.199898570775986,0.72083155810833,-0.728220194578171,-1.34586773067713,0.471171230077744,2.97912161797285
0.195862829685211,0.696602985262871,-0.729552984237671,-1.32462971284986,0.445623993873596,2.85498819872737
0.192911200225353,0.691230159252882,-0.708267346024513,-1.30101240053773,0.449199855327606,2.84636855497956
0.191446051001549,0.688567958772182,-0.697086319327354,-1.28402690961957,0.451589986681938,2.84738084301352
0.190022274851799,0.685969552025199,-0.692609772086144,-1.28065973334014,0.447523877024651,2.83515757881105
0.18471471965313,0.660351783037186,-0.688285544514656,-1.25025643780828,0.420002773404121,2.71185426041484
0.183336302638054,0.657811906188726,-0.670788154006004,-1.23159838095307,0.429229661822319,2.71527305617928
0.181960463523865,0.655346283689141,-0.673345848917961,-1.23105636518449,0.418416932225227,2.70102133695036
0.179016560316086,0.656195411458612,-0.666568741202354,-1.23728002107237,0.40753062069416,2.6998924476793
0.178655497729778,0.627662761136889,-0.68059353530407,-1.19149028230459,0.3913394510746,2.57448628451675
0.174460031092167,0.626067949458957,-0.668678864836693,-1.18780054338276,0.378081321716309,2.56860715337098
0.169820971786976,0.616381330415607,-0.660145297646523,-1.18327453359962,0.358780533075333,2.51501344889402
0.1720160394907,0.604973057983443,-0.632419854402542,-1.13517643418163,0.399676382541656,2.49466191371903
0.171170487999916,0.599928240058944,-0.639075070619583,-1.13885699305683,0.387947857379913,2.46071244729683
0.173355095088482,0.588683091104031,-0.638976253569126,-1.10098675452173,0.401154316961765,2.43111179210246
0.163601510226727,0.588793180882931,-0.607340551912785,-1.10981457680464,0.374268509447575,2.42294450849295
0.160845421254635,0.589580856263638,-0.600856997072697,-1.11551127210259,0.364215530455112,2.42197386547923
0.161052756011486,0.584343180060387,-0.606157757341862,-1.0970426723361,0.360158778727055,2.40901640802622
0.159281030297279,0.561988208442926,-0.613071329891682,-1.06819296255708,0.342614851891994,2.30373628810048
0.155481889843941,0.560579143464565,-0.571355242282152,-1.05429022014141,0.361536096781492,2.30918464064598
0.152900353074074,0.561323277652264,-0.559161268174648,-1.05753300338984,0.358240850269794,2.31040666252375
0.150789454579353,0.542362745851278,-0.556069631129503,-1.0238134264946,0.348667096346617,2.23036304861307
0.148904398083687,0.535633862018585,-0.549241477623582,-1.01109067350626,0.344184910878539,2.20271249860525
0.147770889103413,0.53356796875596,-0.548729026690125,-1.0052053630352,0.33789630793035,2.19620244950056
0.146672114729881,0.531565103679895,-0.53707879781723,-0.995602875947952,0.342953890562057,2.19378774613142
0.145816221833229,0.51546748355031,-0.536140004172921,-0.966568499803543,0.338757326826453,2.12623640149832
0.142406195402145,0.514150325208902,-0.518617807887495,-0.956613928079605,0.335819364525378,2.12828802317381
0.141303308308125,0.512207336723805,-0.510451318419655,-0.944230422377586,0.337368531429092,2.12901359796524
0.138999648392201,0.512866087257862,-0.512396158374031,-0.96435084939003,0.321601731979172,2.11284567415714
0.139222055673599,0.508373126387596,-0.503936303779483,-0.939661622047424,0.331396030262113,2.11057713627815
0.137978553771973,0.489017710089684,-0.508598370477557,-0.926910243928432,0.319272952154279,2.00719601660967
0.135963939130306,0.485223066061735,-0.493721768260002,-0.909800790250301,0.322061866521835,2.00153760612011
0.134981468319893,0.483343433588743,-0.488049039617181,-0.902011409401894,0.321839770302176,1.99804919213057
0.133961364626884,0.481522776186466,-0.479941409081221,-0.890078365802765,0.323826778680086,1.99905829131603
0.13652715086937,0.46709505468607,-0.481921751052141,-0.863628208637237,0.337241154164076,1.93894211947918
0.137903720140457,0.461501248180866,-0.489381019026041,-0.859916642308235,0.338041301816702,1.90909084677696
0.132678985595703,0.460993781685829,-0.464577812701464,-0.853317365050316,0.331496100872755,1.91264532506466
0.13285106420517,0.454965010285378,-0.469761211425066,-0.853380635380745,0.327345173805952,1.87640942633152
0.13094474375248,0.451532796025276,-0.455637712031603,-0.837802261114121,0.330030750483274,1.87139451503754
0.128742828965187,0.446358427405357,-0.450295496731997,-0.835734516382217,0.322161477059126,1.84241604804993
0.12893483042717,0.442373983561993,-0.44271631538868,-0.813676536083221,0.330892667174339,1.84056736528873
0.128641396760941,0.436439745128155,-0.447407975792885,-0.81324814260006,0.324440404772758,1.80539032816887
0.126828521490097,0.433166183531284,-0.431908927857876,-0.794134184718132,0.329062201082706,1.80486291646957
0.124885618686676,0.433732695877552,-0.424382068216801,-0.800452753901482,0.324931643903255,1.80194342136383
0.125068128108978,0.429963625967503,-0.42155185341835,-0.781125530600548,0.328856915235519,1.79865622520447
0.124277204275131,0.428373754024506,-0.414866402745247,-0.770567432045937,0.33079682290554,1.7996750921011
0.12333607673645,0.413219295442104,-0.410572715103626,-0.747726902365685,0.329443745315075,1.73158887028694
0.122205168008804,0.413949064910412,-0.410781167447567,-0.763182118535042,0.322449840605259,1.72051227092743
0.121106714010239,0.409600012004375,-0.405225649476051,-0.761133298277855,0.321414634585381,1.6964667737484
0.123380079865456,0.402135498821735,-0.411984965205193,-0.737788200378418,0.328295513987541,1.67502479255199
0.124175727367401,0.39895261824131,-0.411228239536285,-0.731171220541,0.333826124668121,1.66254448890686
0.12323534488678,0.39970438182354,-0.406024470925331,-0.734441980719566,0.333387598395348,1.66378431022167
0.126618161797524,0.392037853598595,-0.413542605936527,-0.715417265892029,0.346166364848614,1.63680985569954
0.124832049012184,0.393615558743477,-0.405035555362701,-0.722699880599976,0.343956738710403,1.63899347186089
0.126236066222191,0.39074395596981,-0.408845350146294,-0.712551712989807,0.348571047186851,1.63191202282906
0.126792818307877,0.389937058091164,-0.409210488200188,-0.710289627313614,0.351546421647072,1.62933272123337
0.130755215883255,0.382551468908787,-0.41105954349041,-0.698225736618042,0.37347175180912,1.59708307683468
0.130148857831955,0.383356906473637,-0.409034132957459,-0.706259608268738,0.371859014034271,1.59388183057308
0.131415829062462,0.380485877394676,-0.41611897945404,-0.697841197252274,0.372375994920731,1.58507406711578
0.134696140885353,0.376364096999168,-0.421352475881576,-0.696552559733391,0.386824369430542,1.56163202226162
0.135666534304619,0.373169951140881,-0.413312271237373,-0.68733312189579,0.40068693459034,1.55168658494949
0.13589783012867,0.372671209275722,-0.409961313009262,-0.690782070159912,0.405425667762756,1.54524518549442
0.134627312421799,0.370642080903053,-0.406027585268021,-0.684900850057602,0.401736289262772,1.53895163536072
0.13394245505333,0.370166406035423,-0.397501945495606,-0.682888507843018,0.406152784824371,1.53810992836952
0.133270934224129,0.369687087833881,-0.392629131674767,-0.681724786758423,0.406996473670006,1.53639774024487
0.136172607541084,0.363981671631336,-0.393666371703148,-0.677343457937241,0.423369273543358,1.50654657185078
0.136589586734772,0.359911233186722,-0.389553353190422,-0.663552403450012,0.429984167218208,1.49591499567032
0.135115846991539,0.360815986990929,-0.380551069974899,-0.665539145469666,0.430144011974335,1.49935677647591
0.136586204171181,0.356743514537811,-0.384861558675766,-0.665958404541016,0.434655666351318,1.47450268268585
0.135442823171616,0.356881819665432,-0.375827640295029,-0.666102766990662,0.436829298734665,1.47518815100193
0.136341333389282,0.355241499841213,-0.378143653273582,-0.664016395807266,0.439904347062111,1.46743260324001
0.137182205915451,0.354495011270046,-0.38076014816761,-0.665954798460007,0.442333087325096,1.46101526916027
0.138006210327148,0.35043454170227,-0.382044225931168,-0.650134205818176,0.445993036031723,1.45247304439545
0.135978728532791,0.352863013744354,-0.375733762979507,-0.662575721740723,0.440138608217239,1.4546023607254
0.137303560972214,0.349860846996307,-0.376285165548325,-0.653692603111267,0.447536200284958,1.44547247886658
0.137949287891388,0.34928622841835,-0.374666273593903,-0.656385064125061,0.453029453754425,1.43933230638504
0.13764426112175,0.347660437226296,-0.372832968831062,-0.651847630739212,0.453032597899437,1.43411499261856
0.138905107975006,0.346386477351189,-0.37215419113636,-0.654031693935394,0.461276456713676,1.42428717017174
0.139633983373642,0.343309015035629,-0.374786660075188,-0.64754655957222,0.463017240166664,1.41230753064156
0.139240816235542,0.343531802296638,-0.374030217528343,-0.651296854019165,0.461414679884911,1.40989395976067
0.139791712164879,0.341832593083382,-0.369787275791168,-0.648901700973511,0.468962997198105,1.40209385752678
0.139220848679543,0.343306496739388,-0.36669060587883,-0.655951082706451,0.468634486198425,1.40388789772987
0.139230325818062,0.341706588864326,-0.365577891469002,-0.655881106853485,0.469804063439369,1.39435842633247
0.139200568199158,0.339111819863319,-0.365135818719864,-0.647157490253449,0.470067590475082,1.38751342892647
0.14102777838707,0.337307944893837,-0.368193626403809,-0.648309737443924,0.47797304391861,1.3755379319191
0.141586810350418,0.336302414536476,-0.369689106941223,-0.650180488824844,0.479831755161285,1.36763399839401
0.141329571604729,0.335213750600815,-0.369661688804626,-0.648460984230042,0.478315740823746,1.36282151937485
0.141446396708488,0.334913596510887,-0.360733956098557,-0.645106792449951,0.487944424152374,1.36437478661537
0.141586810350418,0.334568545222282,-0.361079916357994,-0.648261338472366,0.488440945744514,1.35914993286133
0.141781955957413,0.334250673651695,-0.361115977168083,-0.648262798786163,0.489575758576393,1.35724124312401
0.143787667155266,0.329751342535019,-0.364584907889366,-0.645217955112457,0.498141095042229,1.33329010009766
0.143015578389168,0.329537779092789,-0.360638976097107,-0.645565122365952,0.4974544942379,1.33166155219078
0.144611582159996,0.329757750034332,-0.364342451095581,-0.645003527402878,0.503327041864395,1.33354297280312
0.143558084964752,0.329337939620018,-0.364414393901825,-0.643004804849625,0.496934115886688,1.33302283287048
0.143897011876106,0.329090237617493,-0.369823858141899,-0.647690623998642,0.493558213114738,1.32685080170631
0.144349113106728,0.328729704022408,-0.371551126241684,-0.645381778478622,0.494543552398682,1.32699644565582
0.145436733961105,0.328452154994011,-0.377918571233749,-0.647877126932144,0.494701832532883,1.32283580303192
0.145940989255905,0.328086316585541,-0.377322345972061,-0.645974308252335,0.49832358956337,1.32254359126091
0.143683165311813,0.328330278396606,-0.372215762734413,-0.647558122873306,0.489883229136467,1.32242354750633
0.14308874309063,0.327181220054626,-0.368738725781441,-0.643671274185181,0.489793732762337,1.31941604614258
0.141402155160904,0.326213747262955,-0.362707495689392,-0.638888657093048,0.485705435276032,1.31839382648468
0.140128165483475,0.326040953397751,-0.35883492231369,-0.639228105545044,0.481934070587158,1.31701761484146
0.140578210353851,0.326779916882515,-0.358430802822113,-0.642063945531845,0.485038459300995,1.31861555576324
0.137553721666336,0.326783731579781,-0.35384938120842,-0.643048286437988,0.471472948789597,1.3176541030407
0.137463688850403,0.326900690793991,-0.34535539150238,-0.641441583633423,0.479426741600037,1.31996256113052
0.137494921684265,0.327728152275085,-0.344007611274719,-0.645944893360138,0.480961918830872,1.32042402029037
0.137247815728188,0.326488256454468,-0.338490813970566,-0.639458119869232,0.48499608039856,1.31947141885757
0.137169912457466,0.32777801156044,-0.335177093744278,-0.64557820558548,0.487842381000519,1.32108986377716
0.137066453695297,0.32816156744957,-0.333777278661728,-0.647492051124573,0.488621443510056,1.32147735357285
0.129177212715149,0.327965587377548,-0.321732386946678,-0.646961033344269,0.453330889344215,1.32083249092102
0.128091514110565,0.328149765729904,-0.318846389651298,-0.649083912372589,0.449702695012093,1.31981468200684
0.127074539661408,0.328466564416885,-0.316434964537621,-0.649872660636902,0.446012273430824,1.32092672586441
0.126482740044594,0.327081263065338,-0.313051342964172,-0.643232762813568,0.445845097303391,1.31925481557846
0.125609382987022,0.326950058341026,-0.308983907103539,-0.642788112163544,0.444672390818596,1.31891223788261
0.126094922423363,0.329643875360489,-0.308677613735199,-0.654216259717941,0.447891920804977,1.32364699244499
0.12678924202919,0.328824415802956,-0.310583710670471,-0.651950210332871,0.450151741504669,1.32099628448486
0.127273947000504,0.328447550535202,-0.309748589992523,-0.650940179824829,0.453895092010498,1.31974512338638
0.125532269477844,0.32973238825798,-0.306086927652359,-0.65245920419693,0.447106689214706,1.32593512535095
0.128060430288315,0.328013181686401,-0.314026564359665,-0.645550668239594,0.454336017370224,1.32252842187881
0.127803564071655,0.328122824430466,-0.31441205739975,-0.643993556499481,0.452409327030182,1.32474339008331
0.128537997603416,0.327164337038994,-0.316652953624725,-0.641388833522797,0.454575031995773,1.32159718871117
0.129317462444305,0.326193511486053,-0.318488210439682,-0.63765960931778,0.457416564226151,1.31950145959854
0.130371510982513,0.326205343008041,-0.31793138384819,-0.637649685144424,0.46429768204689,1.31958237290382
0.131706386804581,0.324966728687286,-0.32171830534935,-0.633930772542954,0.468520015478134,1.31586959958076
0.13255175948143,0.324057251214981,-0.324150294065475,-0.631564259529114,0.471160262823105,1.31277924776077
0.13298824429512,0.324732571840286,-0.323946267366409,-0.633488476276398,0.473983198404312,1.31490695476532
0.134597316384316,0.323251932859421,-0.327651381492615,-0.626946985721588,0.479932516813278,1.31256461143494
0.135407686233521,0.322895437479019,-0.32786750793457,-0.626695483922958,0.484578609466553,1.31067714095116
0.136193454265594,0.322297811508179,-0.329006850719452,-0.625195115804672,0.488153874874115,1.3085917532444
0.134475499391556,0.323503494262695,-0.328265488147736,-0.624458760023117,0.478587508201599,1.31656220555305
0.134455770254135,0.324050545692444,-0.327738285064697,-0.626421481370926,0.478996336460113,1.31788179278374
0.135396659374237,0.323793455958366,0.015725940465927,-1.44786685705185,0.82810589671135,0.494893878698349
0.135396659374237,0.323793455958366,0.015727609395981,-1.44786947965622,0.828107565641403,0.494891256093979
-0.67426186054945,2.10127919912338,3.95870739221573,-7.04834979772568,-0.086863771080971,5.55932539701462
-0.672982573509216,2.10118627548218,2.45208922028542,-7.71335250139236,-1.58580622076988,4.8937651515007
-0.671309366822243,2.1009516119957,2.44339290261269,-7.70227938890457,-1.58446329832077,4.90343028306961
-0.67297026515007,2.09920233488083,2.4399599134922,-7.68972200155258,-1.59786167740822,4.90549200773239
-0.67660453915596,2.09345597028732,2.45106557011604,-7.65819495916367,-1.60856166481972,4.90254086256027
-2.08516882359982,1.18405635654926,3.85257208347321,-6.64206571877003,-8.65844085812569,0.462272420525551
-2.08982773125172,1.17768456041813,3.86086374521255,-6.61401517689228,-8.67810264229775,0.452092185616493
-2.08763179183006,1.15895070135593,3.85446059703827,-6.50018222630024,-8.67133015394211,0.453521981835365
-2.0739651620388,1.14842368662357,3.82862877845764,-6.47722442448139,-8.61516219377518,0.413317695260048
-2.07627437263727,1.12894560396671,3.82389208674431,-6.39304073154926,-8.63375414907932,0.380632892251015
-2.07732728123665,1.12049426138401,3.83444905281067,-6.31084199249744,-8.62951463460922,0.412123575806618
-2.02887001633644,1.11115425825119,3.78370279073715,-6.27472615242004,-8.38951730728149,0.392199397087097
-2.03064449876547,1.09582877159119,3.77640786767006,-6.20698881149292,-8.40745912492275,0.367983818054199
-2.0307053476572,1.08962053060532,3.76228827238083,-6.17559683322907,-8.42194381356239,0.362126350402832
-2.03073540329933,1.08370369672775,3.79760599136353,-6.07699000835419,-8.38680642843246,0.425232172012329
-1.96246692538261,1.07189348340034,3.73566055297852,-6.0143715441227,-8.03914099931717,0.416989356279373
-1.94421572983265,1.06606775522232,3.72219198942184,-5.96020829677582,-7.94310238957405,0.436198234558106
-1.92749960720539,1.06485012173653,3.68247038125992,-5.96875688433647,-7.88252726197243,0.420343846082687
-1.91289468109608,1.0672849714756,3.67392855882645,-5.9587342441082,-7.80343952775002,0.444975584745407
-1.90288090705872,1.05278638005257,3.64402151107788,-5.86788150668144,-7.77326393127441,0.448836773633957
-1.87075234949589,1.05289104580879,3.60367506742477,-5.86219367384911,-7.62083902955055,0.455152601003647
-1.85350516438484,1.05386543273926,3.59169918298721,-5.83698964118958,-7.52933180332184,0.486202955245972
-1.84137386083603,1.03992706537247,3.52070093154907,-5.78399950265884,-7.5275422334671,0.455562889575958
-1.83513098955154,1.03639462590218,3.52188640832901,-5.72399520874023,-7.48889952898026,0.494372546672821
-1.83151023089886,1.03757283091545,3.50077664852142,-5.71661269664764,-7.48828473687172,0.508824288845062
-1.82099463045597,1.02854907512665,3.46888297796249,-5.65019458532333,-7.45708480477333,0.521099865436554
-1.81638183444738,1.0287978053093,3.42831936478615,-5.65302300453186,-7.46997164189816,0.519763827323914
-1.71925298124552,1.0142052769661,3.33753344416618,-5.56656941771507,-6.97798444330692,0.518662244081497
-1.70910260826349,1.01319241523743,3.27539244294167,-5.56386402249336,-6.97922320663929,0.515290468931198
-1.67928669601679,1.01150196790695,3.23215356469154,-5.55498126149178,-6.84356661140919,0.514030545949936
-1.66858832538128,1.00859874486923,3.17600136995316,-5.53628739714623,-6.83552858233452,0.515305072069168
-1.64065258204937,1.00691291689873,3.19483321905136,-5.47376906871796,-6.64908227324486,0.567708432674408
-1.61431378126144,0.979967683553696,3.0991142988205,-5.33781564235687,-6.58676838874817,0.541990458965302
-1.6057538241148,0.972536712884903,3.07451194524765,-5.28014725446701,-6.56001099944115,0.555073022842407
-1.59737982600927,0.964900523424149,3.05014750361443,-5.22225326299667,-6.53413145244122,0.567149877548218
-1.59213306009769,0.961086422204971,3.00688713788986,-5.21054226160049,-6.5459112226963,0.555976271629334
-1.5811156257987,0.9488205909729,2.97172710299492,-5.13481569290161,-6.51496665179729,0.558107852935791
-1.57323194295168,0.940437436103821,2.93352296948433,-5.0894957780838,-6.50586868822575,0.553128838539124
-1.4771124124527,0.93075031042099,2.81638586521149,-5.06099924445152,-6.0462886095047,0.523502618074417
-1.46406590938568,0.929891869425774,2.81806498765945,-5.02908791601658,-5.96633046865463,0.550263300538063
-1.45104503631592,0.929027646780014,2.79312509298325,-5.02130854129791,-5.91314512491226,0.552857339382172
-1.43888926506042,0.928128242492676,2.76912522315979,-5.01357826590538,-5.86421036720276,0.555191189050674
-1.41606527194381,0.903657615184784,2.66616867482662,-4.90881785750389,-5.83022295683622,0.513127833604813
-1.41193480417132,0.898530423641205,2.638073310256,-4.88139435648918,-5.83353551477194,0.509788185358048
-1.37640829011798,0.896021425724029,2.59108535945415,-4.87213030457497,-5.66736438125372,0.503998249769211
-1.36474091932178,0.895142793655396,2.65260253846645,-4.78871884942055,-5.5358429774642,0.582137912511826
-1.3530686609447,0.894246101379395,2.62270133197308,-4.78750291466713,-5.49571063369513,0.577973693609238
-1.34171302244067,0.893359780311585,2.63268350064754,-4.75098434090614,-5.41759463399649,0.609174340963364
-1.32361639570445,0.866554856300354,2.54236207529902,-4.64330127835274,-5.39933629892767,0.556027859449387
-1.28937519993633,0.820793569087982,2.42515271529555,-4.42630049586296,-5.31109848432243,0.498460918664932
-1.28339526802301,0.811753123998642,2.40883067250252,-4.36742898821831,-5.29154093563557,0.503089755773544
-1.27764716860838,0.802805125713348,2.39331818092614,-4.30906888842583,-5.27256483072415,0.507761865854263
-1.22070512291975,0.795334354043007,2.33601266611367,-4.27014108002186,-4.98821807140484,0.501865044236183
-1.21512944111601,0.784462347626686,2.27677633799613,-4.24306590855122,-5.01400030869991,0.4637081772089
-1.20741989137605,0.772834494709969,2.24208177812397,-4.1852355748415,-5.00243757013232,0.451771393418312
-1.1736315889284,0.764782518148422,2.21670244261622,-4.13023307919502,-4.82508709095418,0.458462029695511
-1.16616343893111,0.753510922193527,2.17684487253427,-4.07914718985558,-4.82013576105237,0.441918343305588
-1.16124391369522,0.745331197977066,2.147266022861,-4.04057887196541,-4.82019745931029,0.431408315896988
-1.12910904549062,0.739779412746429,2.1365105137229,-3.98594078421593,-4.63814375922084,0.45273569226265
-1.12195302918553,0.726523101329803,2.11486817896366,-3.91267043352127,-4.61684999614954,0.44646817445755
-1.10040904954076,0.719711452722549,2.07521136105061,-3.88519534468651,-4.52724293619394,0.433073371648788
-1.08885385096073,0.713768780231476,2.05759835243225,-3.84903132915497,-4.47552475333214,0.433581352233887
-1.07051494903862,0.699575036764145,2.01853481680155,-3.77530536055565,-4.4045548774302,0.422144860029221
-1.06606877036393,0.691911041736603,1.98572418838739,-3.74392440915108,-4.41068843379617,0.407541841268539
-1.06397096067667,0.686994791030884,1.96830666065216,-3.71871080994606,-4.41551910340786,0.403257936239243
-1.05739984102547,0.676758021116257,1.96239361912012,-3.64587017893791,-4.38200542703271,0.414677947759628
-1.05318131297827,0.669339925050736,1.93671298027039,-3.61082443594933,-4.38237489759922,0.405215114355087
-1.0066413320601,0.660516068339348,1.87556813657284,-3.58235953748226,-4.16427985578775,0.380736872553825
-1.00036577880383,0.650662735104561,1.84730157256126,-3.53331653773785,-4.15489310026169,0.370659872889519
-0.998474396765232,0.645970240235329,1.86374872922897,-3.47936941683292,-4.12709765136242,0.396452024579048
-0.968256353400647,0.638579830527306,1.81766011938453,-3.4475948959589,-3.99187800101936,0.383884087204933
-0.957861033268273,0.635378688573837,1.80581619217992,-3.41971749067307,-3.94135000742972,0.392554640769958
-0.949605849571526,0.634623169898987,1.80341710522771,-3.40171951055527,-3.89421799220145,0.406019508838654
-0.941692140884697,0.633936449885368,1.79108249023557,-3.39220418035984,-3.85907035507262,0.41141451895237
-0.926622041501105,0.604093983769417,1.73650208488107,-3.25609092414379,-3.82323016412556,0.36847297847271
-0.922897478099912,0.597289189696312,1.72730459831655,-3.21224324405193,-3.81008027028292,0.371491894125938
-0.919190760236234,0.590518280863762,1.7180836033076,-3.16873724758625,-3.7970609581098,0.374372437596321
-0.917575209867209,0.586238756775856,1.68898242525756,-3.15893496572971,-3.81646883394569,0.358497574925423
-0.91212751576677,0.577575907111168,1.68090208806098,-3.10080559551716,-3.79186300653964,0.364649847149849
-0.908603417687118,0.571159318089485,1.67228923365474,-3.05934531986713,-3.77933127246797,0.367610588669777
-0.854610132984817,0.566146373748779,1.62380645796657,-3.03877845406532,-3.50385433994234,0.358099788427353
-0.847763289697468,0.553525507450104,1.60175167396665,-2.97290572524071,-3.48482806421816,0.348247319459915
-0.829356702044606,0.545907467603684,1.57867456227541,-2.93159484863281,-3.39746564999223,0.343849956989288
-0.826080974191427,0.539824455976486,1.5708137601614,-2.89221167564392,-3.38567208498716,0.346735060214996
-0.824644349515438,0.535904616117477,1.52941271662712,-2.89471751451492,-3.41845338046551,0.320710182189941
-0.823234520852566,0.532034605741501,1.53186318278313,-2.86131966114044,-3.40754394233227,0.330887973308563
-0.816508304327726,0.522109389305115,1.51005454361439,-2.80724474787712,-3.38899528235197,0.325411587953567
-0.782203268259764,0.518864899873734,1.47184579074383,-2.79669982194901,-3.22137381881475,0.316489577293396
-0.779468756169081,0.511329978704453,1.46167041361332,-2.75573854148388,-3.21514212340116,0.312241330742836
-0.772900300100446,0.501730978488922,1.43600133806467,-2.70669655501842,-3.201400462538,0.303689315915108
-0.769874852150679,0.496131628751755,1.4215756803751,-2.6769233494997,-3.19767343252897,0.299866423010826
-0.768588285893202,0.492527455091476,1.40590567886829,-2.66170583665371,-3.20562403649092,0.293458893895149
-0.732424080371857,0.48555152118206,1.37847450375557,-2.61755886673927,-3.01606997847557,0.295750260353088
-0.726021707057953,0.484923899173737,1.3617784678936,-2.61616168916225,-2.99435177445412,0.293381705880165
-0.718990705907345,0.470692008733749,1.34138880670071,-2.54304331541061,-2.97255542874336,0.281108736991882
-0.70495230704546,0.467711433768272,1.32708066701889,-2.5218703597784,-2.90263317525387,0.28439824283123
-0.700939886271954,0.459006771445274,1.31554174423218,-2.47424712777138,-2.89009757339954,0.279793500900269
-0.698210928589106,0.453899368643761,1.30905516445637,-2.44115416705608,-2.88021040707827,0.28224204480648
-0.697042215615511,0.450549319386482,1.2933913320303,-2.4273049980402,-2.88886196166277,0.275990918278694
-0.695898596197367,0.447269961237907,1.28292904794216,-2.41059966385365,-2.89246252924204,0.273020103573799
-0.690267812460661,0.438995316624641,1.27101577818394,-2.35967876017094,-2.87059109658003,0.274293139576912
-0.653695609420538,0.43403297662735,1.23414027690887,-2.33785091340542,-2.68803337961435,0.266346946358681
-0.649988032877445,0.42598694562912,1.21259039640427,-2.30214455723763,-2.6873378008604,0.253777116537094
-0.6474749147892,0.421252399682999,1.20665147900581,-2.27151745557785,-2.67819800972939,0.255996942520142
-0.64501379057765,0.416536062955856,1.19375985860825,-2.24667140841484,-2.67632288485765,0.252544969320297
-0.642539087682962,0.411877244710922,1.1844187527895,-2.21936149895191,-2.67081577330828,0.251901969313622
-0.640102222561836,0.407320708036423,1.16937652230263,-2.19782288372517,-2.67123681306839,0.24610136449337
-0.607184186577797,0.404104918241501,1.131222397089,-2.19121868908405,-2.51188272237778,0.233410820364952
-0.599061604589224,0.400580704212189,1.10977147519588,-2.17538161575794,-2.48459815233946,0.22810260951519
-0.594681162387132,0.390294671058655,1.11339348554611,-2.10793867707252,-2.45469348877668,0.233829349279404
-0.593682389706373,0.387369424104691,1.10671010613441,-2.09055150300264,-2.45538423210382,0.2336650416255
-0.590048342943192,0.381567776203156,1.09042699635029,-2.06173049658537,-2.44986306130886,0.227676160633564
-0.5878079906106,0.377334892749786,1.07328556478024,-2.04420376569033,-2.45356237888336,0.219805590808392
-0.585579168051481,0.37314735352993,1.07906509190798,-2.00726769119501,-2.43440991640091,0.23161642998457
-0.583389848470688,0.369007930159569,1.07398836314678,-1.98058976233006,-2.42635072767735,0.233457818627357
-0.581243425607681,0.364943206310272,1.06912682950497,-1.95413418859243,-2.41833372414112,0.235525049269199
-0.541466146707535,0.361120954155922,1.01534555852413,-1.95440947264433,-2.23345132172108,0.212316252291203
-0.537189945578575,0.353033319115639,1.0068663880229,-1.90762899816036,-2.21627328544855,0.21057091653347
-0.535111330449581,0.349075108766556,0.990559838712215,-1.89027747511864,-2.22010814398527,0.204173177480698
-0.522771157324314,0.348067700862884,0.980453781783581,-1.86342726647854,-2.1561731621623,0.224978938698769
-0.521919429302216,0.345602780580521,0.973920553922653,-1.8473963290453,-2.15759602189064,0.226220354437828
-0.51650083065033,0.34743070602417,0.96870432049036,-1.84141997992992,-2.13030066341162,0.243164256215096
-0.511351622641087,0.338588431477547,0.951321966946125,-1.79687710106373,-2.11678776890039,0.234653487801552
-0.505559898912907,0.339355483651161,0.942754831165075,-1.7923092469573,-2.09060456231236,0.243823654949665
-0.503920830786228,0.334470614790916,0.93647775053978,-1.76584958657622,-2.08704723417759,0.240974102169275
-0.493937380611897,0.33065290749073,0.919447507709265,-1.74192061275244,-2.04417677596211,0.241996832191944
-0.491237483918667,0.324670553207397,0.911687318235636,-1.70923880115151,-2.03573758527637,0.238784518092871
-0.489336602389813,0.321507573127747,0.898888686671853,-1.69392458721995,-2.03713092766702,0.235120851546526
-0.477851115167141,0.318057268857956,0.881678411737084,-1.67489232495427,-1.98542827926576,0.233451288193464
-0.475986741483212,0.315344348549843,0.877245515584946,-1.65565739944577,-1.97867493331432,0.236408691853285
-0.474039390683174,0.312676161527634,0.8722979510203,-1.63657715916634,-1.97193839307874,0.239479809999466
-0.460799805819988,0.307176023721695,0.848411742597818,-1.62100913003087,-1.91638709232211,0.222047012299299
-0.456995360553265,0.306133136153221,0.845113625051454,-1.61378886178136,-1.89685853826813,0.223009955137968
-0.451729081571102,0.302583947777748,0.838297522306675,-1.59463775157928,-1.87207696711994,0.220865935087204
-0.447503335773945,0.300286889076233,0.834829099476337,-1.58065478689969,-1.85019091516733,0.221066547557712
-0.443376012146473,0.293493807315826,0.821106950752437,-1.54556928947568,-1.8391491221264,0.215393554419279
-0.44188729673624,0.290829002857208,0.817884780466556,-1.52714023925364,-1.83343899995089,0.217833777889609
-0.441027618944645,0.28946790099144,0.805155750364065,-1.52291672863066,-1.8410099633038,0.213890677317977
-0.438610777258873,0.285499736666679,0.798159223049879,-1.49945636186749,-1.83350544050336,0.213542058132589
-0.423247694969177,0.284150332212448,0.782945349812508,-1.48688718816265,-1.75654082000256,0.218014805112034
-0.420954346656799,0.280390426516533,0.769362207502127,-1.46840325885569,-1.75636387243867,0.21393930024351
-0.414595015347004,0.278305485844612,0.759256381541491,-1.45237536914647,-1.72831371054053,0.217457545921206
-0.412117071449757,0.278419330716133,0.75318281725049,-1.44989800266922,-1.71951961144805,0.220617981627583
-0.409867413341999,0.278474003076553,0.754890982061625,-1.44074917305261,-1.70431349799037,0.230094845406711
-0.406201489269733,0.270501390099525,0.740432731807232,-1.40318068303168,-1.69677620381117,0.219827657565474
-0.400322623550892,0.267729431390762,0.727295659482479,-1.38995673507452,-1.67464008182287,0.216419853270054
-0.399822995066643,0.266415506601334,0.721623323857784,-1.38202716037631,-1.67731464654207,0.216465879231691
-0.398228280246258,0.262482583522797,0.724733412265778,-1.35308144986629,-1.66463626921177,0.221814051270485
-0.397186897695064,0.259883925318718,0.722997635602951,-1.33592376485467,-1.66012375056744,0.223379787057638
-0.396732717752457,0.258652284741402,0.713003277778626,-1.33073378261179,-1.66739302873611,0.221179925836623
-0.396260917186737,0.257460370659828,0.707894504070282,-1.32352944742888,-1.66967099905014,0.221232776530087
-0.380477696657181,0.253110826015472,0.695097669959068,-1.29528650874272,-1.58776850998402,0.223378447350115
-0.378603309392929,0.253289878368378,0.691852010786533,-1.28976355604755,-1.57976784557104,0.22997571416272
-0.377312079071999,0.249898225069046,0.68735559284687,-1.26973965694197,-1.57651688158512,0.229649693472311
-0.375392571091652,0.245206579566002,0.676919266581535,-1.24777612928301,-1.57543615996838,0.223463348113
-0.374719738960266,0.242860674858093,0.679699070751667,-1.22936380002648,-1.56861936300993,0.227800249122083
-0.37399310618639,0.240554139018059,0.675651170313358,-1.21570232417434,-1.56830746680498,0.227622509934008
-0.364447511732578,0.243995115160942,0.665648229420185,-1.21060609817505,-1.52103684097528,0.253364592790604
-0.363428898155689,0.240699395537376,0.663695201277733,-1.19144763611257,-1.5168781876564,0.252748737111688
-0.362430185079575,0.238629326224327,0.655291512608528,-1.18146792426705,-1.51928959786892,0.250308033078909
-0.35617434233427,0.239909872412682,0.643708810210228,-1.17345512472093,-1.4933372437954,0.266004109755158
-0.354135014116764,0.239814296364784,0.647002473473549,-1.15951532870531,-1.47780761122704,0.279370449483395
-0.353907354176044,0.238840147852898,0.647285774350166,-1.15047751367092,-1.4761583507061,0.282563373446465
-0.352713316679001,0.235104605555534,0.64412622153759,-1.13027085363865,-1.47215367853642,0.280356779694557
-0.352360859513283,0.233379527926445,0.642760664224625,-1.12017440423369,-1.47140449285507,0.280102763324976
-0.351956114172935,0.231757685542107,0.64161305129528,-1.11008520051837,-1.47012363374233,0.28046091273427
-0.346203476190567,0.23537278175354,0.63597047328949,-1.10750877857208,-1.44125038385391,0.304727911949158
-0.345077805221081,0.232905730605125,0.635200157761574,-1.09321738407016,-1.43526667356491,0.304216999560595
-0.343833319842815,0.23268224298954,0.630320444703102,-1.08873648196459,-1.43267947435379,0.307356975972652
-0.342620357871056,0.231359049677849,0.63144539296627,-1.0757459551096,-1.42427675426006,0.312408342957497
-0.341661974787712,0.23168583214283,0.628209933638573,-1.07461480796337,-1.4217619150877,0.315500184893608
-0.341954350471497,0.227661579847336,0.62779675424099,-1.05760468915105,-1.42392934858799,0.308364789932966
-0.342355355620384,0.226321280002594,0.627828404307365,-1.05125106871128,-1.42630372941494,0.306676611304283
-0.340250000357628,0.227619186043739,0.634356245398521,-1.0421753898263,-1.40714375674725,0.323539726436138
-0.341562747955322,0.226692244410515,0.637229636311531,-1.03436448797584,-1.4121468514204,0.325788978487253
-0.340043485164642,0.227029412984848,0.634248211979866,-1.03289826959372,-1.40601269900799,0.329278208315372
-0.33922404050827,0.227115675806999,0.635550782084465,-1.02409695833921,-1.39979346096516,0.338597096502781
-0.341265738010406,0.225915834307671,0.643080234527588,-1.01637889817357,-1.40451419353485,0.339116107672453
-0.339672684669495,0.225633963942528,0.639829754829407,-1.01275000721216,-1.39820635318756,0.341053776443005
-0.335675284266472,0.220827400684357,0.625762909650803,-0.988668944686651,-1.38828879594803,0.336295459419489
-0.336746513843536,0.219143554568291,0.630648165941238,-0.97786395996809,-1.38983091711998,0.336997367441654
-0.336347699165344,0.2171401232481,0.628301247954369,-0.966949217021465,-1.3897849470377,0.335891522467136
-0.336511753499508,0.216541483998299,0.627318382263184,-0.958879929035902,-1.39175213873386,0.34036897495389
-0.336049303412437,0.214603677392006,0.624827668070793,-0.948251437395811,-1.39146815240383,0.339370626956224
-0.335840605199337,0.213448271155357,0.623826757073402,-0.940948724746704,-1.39121687412262,0.33974090218544
-0.335859879851341,0.212867721915245,0.621753260493279,-0.93323614820838,-1.39340601861477,0.343970183283091
-0.330564424395561,0.210802167654037,0.616519659757614,-0.928332414478064,-1.36686688661575,0.336480591446161
-0.329781629145145,0.20784518122673,0.612897634506226,-0.912064857780933,-1.36579214036465,0.335006229579449
-0.329640485346317,0.206578388810158,0.612191319465637,-0.9055285602808,-1.36565159261227,0.333941772580147
-0.326557911932468,0.206022277474403,0.607816815376282,-0.90184024348855,-1.35153065621853,0.33429342135787
-0.32525135576725,0.204272255301476,0.604496330022812,-0.893492989242077,-1.34701180458069,0.332140542566776
-0.32465773075819,0.20120657980442,0.607588410377502,-0.873992085456848,-1.34035797417164,0.333247393369675
-0.32269924134016,0.200132310390472,0.605649828910828,-0.868205055594444,-1.33054561913013,0.33258880674839
-0.320784568786621,0.198232054710388,0.601697310805321,-0.859734922647476,-1.32301010191441,0.329657405614853
-0.319473542273045,0.195802271366119,0.596047148108482,-0.846722856163979,-1.32079410552979,0.328090772032738
-0.318708345293999,0.194624334573746,0.595591127872467,-0.841018944978714,-1.31665894389153,0.32672706246376
-0.127545230090618,1.56069698929787,0.334161192178726,-4.37939369678497,-0.431110188364983,4.98478823900223
-0.106237798929214,2.09842711687088,0.248930811882019,-6.53032052516937,-0.388495981693268,6.06024217605591
-0.108089357614517,2.09981971979141,0.253116726875305,-6.53550899028778,-0.395419418811798,6.06340932846069
-0.108379483222961,2.10150247812271,0.244636714458466,-6.54095530509949,-0.405640184879303,6.06805956363678
-0.107178837060928,2.10244709253311,0.227991759777069,-6.54461908340454,-0.415081262588501,6.07006347179413
-0.095516934990883,2.08374264836311,0.207581698894501,-6.40208530426025,-0.365519911050796,6.10037058591843
-0.09191532433033,2.0770061314106,0.200626730918884,-6.34088003635407,-0.350865215063095,6.12115675210953
-0.088994488120079,2.07052075862885,0.196963548660278,-6.28138470649719,-0.337003380060196,6.14173984527588
-0.086474761366844,2.06421712040901,0.147678256034851,-6.30504727363586,-0.371170312166214,6.08025544881821
-0.084453910589218,2.05806815624237,0.125758469104767,-6.28044831752777,-0.380964994430542,6.06796061992645
-0.082766711711884,2.05200293660164,0.105080485343933,-6.25577366352081,-0.391519784927368,6.05624395608902
-0.081502690911293,2.04597645998001,0.149580359458923,-6.15245628356934,-0.339435786008835,6.12340247631073
-0.080597013235092,2.03991734981537,0.155575931072235,-6.09829604625702,-0.328006148338318,6.14120805263519
-0.07997077703476,2.03380557894707,0.162946581840515,-6.04506397247314,-0.316878080368042,6.15776950120926
-0.151108950376511,1.94300144910812,0.216448545455933,-5.98785042762756,-0.690205156803131,5.67015826702118
-0.151060983538628,1.92034712433815,0.20662647485733,-5.91035532951355,-0.699739426374435,5.61172741651535
-0.154807254672051,1.92110505700111,0.222585558891296,-5.89944839477539,-0.706257969141007,5.62718194723129
-0.158670797944069,1.92160865664482,0.239096522331238,-5.88767915964127,-0.712928265333176,5.64197278022766
-0.15827664732933,1.86849159002304,0.205693304538727,-5.76981401443481,-0.743966579437256,5.44113552570343
-0.156337350606918,1.85054451227188,0.17900550365448,-5.72957694530487,-0.75901859998703,5.37369012832642
-0.164932101964951,1.8502833545208,0.245098114013672,-5.69113093614578,-0.744494497776032,5.410569190979
-0.16930091381073,1.84982860088348,0.248395502567291,-5.68816035985947,-0.767409980297089,5.41081124544144
-0.163648217916489,1.82898330688477,0.25098991394043,-5.56822973489761,-0.730899393558502,5.40567010641098
-0.167642623186111,1.78642147779465,0.232243597507477,-5.53641653060913,-0.773612141609192,5.18211233615875
-0.176693439483643,1.78423136472702,0.293045938014984,-5.49262595176697,-0.767114698886871,5.21276223659515
-0.171236217021942,1.76344653964043,0.280790209770203,-5.38580107688904,-0.74662709236145,5.19487816095352
-0.172809541225433,1.7319777905941,0.25126975774765,-5.37643349170685,-0.78558748960495,5.01543325185776
-0.166662588715553,1.70922029018402,0.24970206618309,-5.28303360939026,-0.75027346611023,4.97228813171387
-0.176755905151367,1.69779169559479,0.299333423376083,-5.21460223197937,-0.76120200753212,4.97214794158936
-0.181082218885422,1.69575548171997,0.286334246397018,-5.22761994600296,-0.800159066915512,4.94691294431686
-0.179121464490891,1.68171706795692,0.301719039678574,-5.13954043388367,-0.773009747266769,4.95076197385788
-0.179241001605988,1.64187005162239,0.280376315116882,-5.10929548740387,-0.795069694519043,4.74192482233048
-0.181433998048305,1.62540671229363,0.311831563711166,-5.01232385635376,-0.776772424578667,4.74011641740799
-0.182409562170506,1.61714550852776,0.324454575777054,-4.95805549621582,-0.770002797245979,4.74481755495071
-0.18340327590704,1.60887366533279,0.33683630824089,-4.90419059991837,-0.763583347201347,4.7490513920784
-0.18436473608017,1.60062557458878,0.335718870162964,-4.8598113656044,-0.770469546318054,4.74394208192825
-0.188133239746094,1.59774848818779,0.332971513271332,-4.87014788389206,-0.795827925205231,4.71634304523468
-0.186300039291382,1.54019209742546,0.339459836483002,-4.79242998361588,-0.778340399265289,4.44872260093689
-0.184911742806435,1.51823297142982,0.313643991947174,-4.71355158090591,-0.795826464891434,4.39584624767303
-0.187413528561592,1.49669200181961,0.314602881669998,-4.68138992786408,-0.809878289699554,4.29876208305359
-0.186737909913063,1.48789864778519,0.340285986661911,-4.64494740962982,-0.780141472816467,4.2824444770813
-0.193659886717796,1.48159602284431,0.356081932783127,-4.61833596229553,-0.805877387523651,4.27124017477036
-0.196982160210609,1.47841900587082,0.357626646757126,-4.60418736934662,-0.824266314506531,4.2663266658783
-0.200203284621239,1.47522479295731,0.39606049656868,-4.56468683481216,-0.805159211158752,4.28666192293167
-0.186399511992931,1.44138219952583,0.348541080951691,-4.4107004404068,-0.769855991005898,4.2375927567482
-0.182814888656139,1.39804682135582,0.326530277729034,-4.37482416629791,-0.770359054207802,4.01345676183701
-0.188897304236889,1.39156851172447,0.339527666568756,-4.34769201278687,-0.793856158852577,4.00171905755997
-0.187271319329739,1.37491157650948,0.368596941232681,-4.29712837934494,-0.75503097474575,3.95234107971191
-0.193103991448879,1.36836197972298,0.374175101518631,-4.27797776460648,-0.784448847174645,3.93219411373138
-0.178151607513428,1.32854270935059,0.337825447320938,-4.14152091741562,-0.731084197759628,3.8297353386879
-0.177275002002716,1.32058733701706,0.319515079259872,-4.14050680398941,-0.744134932756424,3.78301721811295
-0.184577643871307,1.30308973789215,0.362930297851562,-4.07718366384506,-0.744535565376282,3.74135476350784
-0.18635156750679,1.29213261604309,0.373134225606918,-4.04743808507919,-0.744975179433823,3.70535761117935
-0.175408929586411,1.26666611433029,0.321738809347153,-3.9669234752655,-0.73071476817131,3.63307321071625
-0.180411398410797,1.26023715734482,0.331460028886795,-3.93980199098587,-0.751008361577988,3.62162095308304
-0.178063414990902,1.24844565987587,0.349829137325287,-3.86185973882675,-0.718551352620125,3.62881422042847
-0.180461190640926,1.2452121078968,0.353643476963043,-3.84807801246643,-0.729123666882515,3.6231946349144
-0.178111724555492,1.2337621152401,0.334179222583771,-3.80109542608261,-0.734491124749184,3.60147726535797
-0.178088717162609,1.22650361061096,0.350467085838318,-3.74962574243546,-0.718065217137337,3.60939592123032
-0.180343918502331,1.22332236170769,0.353679597377777,-3.73614728450775,-0.728383913636208,3.60378688573837
-0.178033653646708,1.21222516894341,0.344519659876823,-3.68391048908234,-0.723682262003422,3.58944052457809
-0.170224385336041,1.1465969234705,0.342179752886295,-3.58219921588898,-0.679166559129953,3.29738232493401
-0.17015603557229,1.13959741592407,0.326731249690056,-3.56012216210365,-0.694204963743687,3.27746233344078
-0.172195885330439,1.13652808964252,0.325503811240196,-3.54664528369904,-0.707671500742435,3.27252325415611
-0.169199649244547,1.11600865423679,0.31329782307148,-3.52492931485176,-0.701900072395801,3.171122610569
-0.166790246963501,1.09865218400955,0.332579761743546,-3.42838808894157,-0.66816172003746,3.16352501511574
-0.166623522527516,1.09189034998417,0.32288496568799,-3.40030366182327,-0.676856169477105,3.15103843808174
-0.163733770139515,1.0724945217371,0.330313641577959,-3.36702990531921,-0.652088979259133,3.06793722510338
-0.167738814838231,1.0665016323328,0.347719360142946,-3.33550751209259,-0.658713528886437,3.06350228190422
-0.16359749622643,1.05285160243511,0.336502619087696,-3.26735490560532,-0.645082358270884,3.04975470900536
-0.163486553821713,1.0464186668396,0.333216989412904,-3.24014404416084,-0.647702333517373,3.03836795687675
-0.163380620069802,1.04009726643562,0.333992172032595,-3.20741802453995,-0.646291548386216,3.03316557407379
-0.163340812781826,1.033790320158,0.340052925981581,-3.16943681240082,-0.639991950709373,3.03330510854721
-0.156024372437969,0.99653086066246,0.322442644275725,-3.13672095537186,-0.613703590352088,2.84246420860291
-0.155922039761208,0.984191045165062,0.336568532045931,-3.06952697038651,-0.598963706521317,2.83561930060387
-0.155841467436403,0.978185370564461,0.326063385233283,-3.04980570077896,-0.608985419385135,2.8193065226078
-0.1575219607912,0.975488260388374,0.343084981665015,-3.02672824263573,-0.602046783082187,2.82620131969452
-0.151386169251055,0.951701894402504,0.330937763676047,-3.00184458494186,-0.57737925183028,2.70836678147316
-0.14758129697293,0.930880561470985,0.330712359398603,-2.92419821023941,-0.554775422438979,2.6610851585865
-0.14736741501838,0.924943223595619,0.332107324153185,-2.89427044987679,-0.552097165957093,2.65538889169693
-0.14888430852443,0.922169104218483,0.332488317042589,-2.88240593671799,-0.56081753410399,2.65060868859291
-0.146915948018432,0.913342982530594,0.322927229106426,-2.84164118766785,-0.558568459004164,2.63841670751572
-0.146717850118876,0.907662376761436,0.343238815665245,-2.79804584383965,-0.537068285048008,2.64792841672897
-0.13850474730134,0.87961445748806,0.321324095129967,-2.77801263332367,-0.509704388678074,2.49967411160469
-0.14159170165658,0.874455749988556,0.327604219317436,-2.75671538710594,-0.521945990622044,2.49001911282539
-0.138520929962397,0.863635033369064,0.318741127848625,-2.74508756399155,-0.512384451925754,2.43672263622284
-0.141618225723505,0.858627662062645,0.325395092368126,-2.72419756650925,-0.524314261972904,2.42756840586662
-0.138786498457193,0.8482436388731,0.353735104203224,-2.68771189451218,-0.478983886539936,2.40174993872643
-0.131804460659623,0.825849920511246,0.324112333357334,-2.59346204996109,-0.466714430600405,2.36163747310638
-0.12738030590117,0.81271567940712,0.304860778152943,-2.57478404045105,-0.459421057254076,2.30151003599167
-0.130353027954698,0.807795032858849,0.310851342976093,-2.55459201335907,-0.471266824752092,2.29217818379402
-0.12874354980886,0.800020307302475,0.326624505221844,-2.50371906161308,-0.445836793631315,2.29640278220177
-0.128621898591518,0.794867217540741,0.320189714431763,-2.48265939950943,-0.451541677117348,2.28654390573502
-0.123105175793171,0.770581439137459,0.309074699878693,-2.44351744651794,-0.429556354880333,2.17997118830681
-0.123164974153042,0.765843644738197,0.324076220393181,-2.41031759977341,-0.41491362452507,2.18474426865578
-0.12314061447978,0.761160656809807,0.319197714328766,-2.39132568240166,-0.419645972549915,2.17563825845718
-0.123210776597261,0.756593778729439,0.330547511577606,-2.36039164662361,-0.408717148005962,2.17917102575302
-0.123216483741999,0.752095758914948,0.329066351056099,-2.3406226336956,-0.410232551395893,2.17195191979408
-0.116680715233088,0.729385048151016,0.323684841394424,-2.31322702765465,-0.376399450004101,2.06308326125145
-0.116786785423756,0.720231592655182,0.328118160367012,-2.26882582902908,-0.372602552175522,2.05256372690201
-0.116862032562494,0.715708926320076,0.332826763391495,-2.24321588873863,-0.368345431983471,2.05103766918182
-0.113128755241632,0.703411504626274,0.324480682611465,-2.23255714774132,-0.354291848838329,1.98791188001633
-0.113359577953815,0.695032343268395,0.329067647457123,-2.19167283177376,-0.35108982026577,1.97852122783661
-0.110575594007969,0.686607703566551,0.324141219258308,-2.18169987201691,-0.339312344789505,1.9379463493824
-0.113374479115009,0.682973489165306,0.330374494194984,-2.16676923632622,-0.349872380495071,1.93107169866562
-0.110844537615776,0.674298658967018,0.326807126402855,-2.12382841110229,-0.338260099291801,1.92196354269981
-0.110929898917675,0.67038768529892,0.327672809362411,-2.10375839471817,-0.337906584143639,1.91856771707535
-0.110982645303011,0.666475266218185,0.331293776631355,-2.0813330411911,-0.33460209518671,1.91751855611801
-0.104724388569593,0.642644852399826,0.322992205619812,-2.04415401816368,-0.305354125797749,1.81171509623528
-0.104699764400721,0.638754814863205,0.32663682103157,-2.02194300293922,-0.301561765372753,1.81058588624001
-0.102436505258083,0.62834170460701,0.317972466349602,-2.00246328115463,-0.296646565198898,1.76758694648743
-0.102415721863508,0.624467015266418,0.327022597193718,-1.97712111473084,-0.287471733987331,1.76968097686768
-0.102305896580219,0.620796263217926,0.325626239180565,-1.96077793836594,-0.288209140300751,1.76399964094162
-0.10229979082942,0.617197006940842,0.326462090015411,-1.94232305884361,-0.287336654961109,1.76085898280144
-0.098580699414015,0.603226035833359,0.323603726923466,-1.92430740594864,-0.267880469560623,1.69504880905151
-0.097824078053236,0.599442332983017,0.318560816347599,-1.92002469301224,-0.268383651971817,1.67662930488586
-0.097582764923573,0.588910475373268,0.323290780186653,-1.87067380547524,-0.262205809354782,1.66278904676437
-0.095051474869251,0.582386508584023,0.321802869439125,-1.86038255691528,-0.248505979776382,1.63393649458885
-0.094762921333313,0.575672052800655,0.321381852030754,-1.82988357543945,-0.247195675969124,1.62414874136448
-0.093759953975678,0.56687355786562,0.3189687281847,-1.81669133901596,-0.243590995669365,1.58455000817776
-0.0941231995821,0.562338501214981,0.327802047133446,-1.78985276818275,-0.236937150359154,1.58417823910713
-0.093166247010231,0.554292693734169,0.324799582362175,-1.77938207983971,-0.234197899699211,1.54637408256531
-0.094036497175694,0.552843861281872,0.33556941896677,-1.76512363553047,-0.228649564087391,1.55193953216076
-0.096399113535881,0.548444405198097,0.34634517505765,-1.74567002058029,-0.232049506157637,1.54499641060829
-0.097990728914738,0.545955121517181,0.355256639420986,-1.73035997152329,-0.23268773406744,1.5453707575798
-0.099673315882683,0.543413311243057,0.364326111972332,-1.71495068073273,-0.233713783323765,1.54552918672562
-0.101106189191341,0.54083625972271,0.372429765760899,-1.69953513145447,-0.23420736938715,1.54548242688179
-0.102512512356043,0.538307495415211,0.376875668764114,-1.69058418273926,-0.238199405372143,1.53926078975201
-0.103996630758047,0.535909943282604,0.385195579379797,-1.67586174607277,-0.238784205168486,1.53959791362286
-0.104924891144037,0.533432610332966,0.391020063310862,-1.66090106964111,-0.238529283553362,1.53969459235668
-0.105141911655664,0.532556995749474,0.38811469450593,-1.6597618162632,-0.242736775428057,1.53558015823364
-0.105454955250025,0.531848199665546,0.386589173227549,-1.65597407519817,-0.2461405582726,1.53511512279511
-0.105643603950739,0.531055741012096,0.397067796438932,-1.64319781959057,-0.236793827265501,1.54313662648201
-0.108279727399349,0.523043632507324,0.409366674721241,-1.60735584795475,-0.240311689674854,1.5309059470892
-0.108459256589413,0.522141195833683,0.407440640032291,-1.60272881388664,-0.243314899504185,1.53011836111546
-0.109158519655466,0.517297387123108,0.415864757727832,-1.5760310292244,-0.239086360204965,1.52775329351425
-0.109670583158731,0.514718167483807,0.418559397381614,-1.56270341575146,-0.239464101570775,1.52560558915138
-0.096189234405756,0.463173322379589,0.402414078635047,-1.50964419543743,-0.174721327799489,1.2693957388401
-0.09599706158042,0.459386847913265,0.407224989496172,-1.48720560967922,-0.168757379986346,1.26911547780037
-0.096841093152762,0.457422308623791,0.407680309377611,-1.47900269925594,-0.173366249538958,1.2655311524868
-0.096852608025074,0.452873937785626,0.413379806093872,-1.45377875864506,-0.167735842056572,1.2634648680687
-0.095367267727852,0.438928619027138,0.413610415533185,-1.42950566112995,-0.158593190833926,1.20406605303288
-0.095778353512287,0.432411074638367,0.41426395624876,-1.40979932248592,-0.160406164824963,1.18466712534428
-0.095484741032124,0.429820947349072,0.413623388856649,-1.39561305940151,-0.159285057336092,1.18331262469292
-0.09486898034811,0.426909007132053,0.408051367849112,-1.3828232884407,-0.16116251423955,1.17863075435162
-0.094346784055233,0.418298430740833,0.410688258707523,-1.36839456856251,-0.155392445623875,1.14139601588249
-0.095443926751614,0.416708312928677,0.41157091408968,-1.36082582175732,-0.161092646420002,1.13942405581474
-0.095979951322079,0.416055291891098,0.417129661887884,-1.3513552993536,-0.158750046044588,1.14497645199299
-0.096513606607914,0.415330782532692,0.419082917273045,-1.34322741627693,-0.159998722374439,1.14875727891922
-0.091224484145641,0.394723169505596,0.402134526520968,-1.28975807130337,-0.14521237835288,1.07858094573021
-0.090012356638908,0.390023089945316,0.400026261806488,-1.27463901042938,-0.140047878026962,1.06549952924252
-0.089637644588947,0.385339088737965,0.394105643033981,-1.252296179533,-0.143720224499702,1.05973835289478
-0.087947480380535,0.377780325710774,0.387151539325714,-1.23454728722572,-0.140533342957497,1.03213466703892
-0.087990082800388,0.374668963253498,0.395345587283373,-1.22160935401917,-0.132594909518957,1.02640442550182
-0.085829317569733,0.369927164167166,0.387121334671974,-1.19962058961391,-0.127854570746422,1.01994239538908
-0.085797995328903,0.365061338990927,0.387004032731056,-1.19194500148296,-0.127783939242363,0.998423032462597
-0.083892568945885,0.359645016491413,0.379766896367073,-1.16701084375381,-0.123588517308235,0.990859255194664
-0.082419380545616,0.352507960051298,0.375979728996754,-1.14942346513271,-0.118536554276943,0.965624295175076
-0.081667512655258,0.346025329083204,0.372351594269276,-1.12708459794521,-0.117653481662273,0.949067376554012
-0.080510064959526,0.340214245021343,0.369980327785015,-1.10718753933907,-0.113080061972141,0.934097930788994
-0.079282961785793,0.336714908480644,0.363114073872566,-1.08776457607746,-0.112583696842194,0.932524874806404
-0.077908098697662,0.333156310021877,0.357584491372108,-1.06843096017838,-0.109864100813866,0.930506899952888
-0.076383978128433,0.3295220695436,0.351517647504807,-1.04919491708279,-0.106786221265793,0.927937500178814
-0.074545562267304,0.316112501546741,0.341761708259583,-1.02223936468363,-0.105511665344238,0.874435644596815
-0.072270981967449,0.312281187623739,0.817100897431374,-2.07462029159069,0.383475005626678,-0.200933165848255
-1.09512242674828,0.397264301776886,3.40080994367599,-1.84327891469002,-3.16992461681366,0.540306895971298
-1.09326310455799,0.396847069263458,4.09906542301178,-0.936296999454498,-2.46051320433617,1.44478541612625
-1.08758756518364,0.395648002624512,4.08025670051575,-0.912026703357696,-2.44526869058609,1.46186131238937
-2.401457041502,-1.30854177474976,5.38928514719009,0.799654901027679,-9.0194571018219,-7.05159574747086
-2.38030788302422,-1.31270077824593,5.29393893480301,0.818349063396454,-8.98790836334229,-7.0578556060791
-2.36909227073193,-1.31358939409256,5.26077657938004,0.845705807209015,-8.95377704501152,-7.03583055734634
-2.35787335038185,-1.31384712457657,5.20317149162293,0.854829370975494,-8.94406861066818,-7.02825337648392
-2.31358036398888,-1.28313365578651,5.12047171592712,0.816071689128876,-8.76101046800613,-6.88273024559021
-2.30006803572178,-1.2884316444397,5.09884381294251,0.865547358989716,-8.70156440138817,-6.86504250764847
-2.28942582011223,-1.28811091184616,5.0576439499855,0.877853363752365,-8.67891097068787,-6.8508121073246
-2.27892300486565,-1.28763252496719,5.01698869466782,0.888690263032913,-8.65654933452606,-6.83710488677025
-2.17726901173592,-1.23493880033493,4.90857750177383,0.863826453685761,-8.15503656864166,-6.54580634832382
-2.15949003398418,-1.22839081287384,4.84683924913406,0.860762506723404,-8.11010095477104,-6.50958237051964
-2.14940965175629,-1.2275242805481,4.81593316793442,0.879651606082916,-8.0805247426033,-6.48549407720566
-2.09297120571136,-1.19919753074646,4.7423312664032,0.839489638805389,-7.81549596786499,-6.35569554567337
-2.07340268790722,-1.19723951816559,4.66408330202103,0.842161566019058,-7.77633282542229,-6.34127554297447
-2.06379592418671,-1.19624790549278,4.63450545072556,0.858806371688843,-7.74827009439468,-6.31868106126785
-2.05437503755093,-1.19516000151634,4.5707870721817,0.852390468120575,-7.75546315312386,-6.31856954097748
-2.04509708285332,-1.19400441646576,4.54929846525192,0.859306275844574,-7.72128403186798,-6.30472022294998
-2.03852066397667,-1.18824249505997,4.5223833322525,0.845955014228821,-7.70874065160751,-6.28349995613098
-2.03201222419739,-1.18245926499367,4.49546051025391,0.832239896059036,-7.69661283493042,-6.26251569390297
-1.89694306254387,-1.1286581158638,4.32440465688705,0.769651919603348,-7.05725371837616,-6.00229677557945
-1.88041879236698,-1.14110225439072,4.28260058164597,0.838128626346588,-6.99991217255592,-6.00848489999771
-1.8385903686285,-1.12659561634064,4.21148681640625,0.807225078344345,-6.82005539536476,-5.95234861969948
-1.82744665443897,-1.12974166870117,4.16532039642334,0.828446507453918,-6.7993595302105,-5.95000350475311
-1.81895397603512,-1.12843728065491,4.12978321313858,0.831698626279831,-6.78394064307213,-5.93892505764961
-1.81310249865055,-1.12295365333557,4.10469132661819,0.818331450223923,-6.77392366528511,-5.91939046978951
-1.80242431163788,-1.12573817372322,4.06969910860062,0.845646768808365,-6.74484676122665,-5.90878227353096
-1.79425475001335,-1.12440559267998,4.04482990503311,0.856243312358856,-6.720698595047,-5.89019024372101
-1.78855189681053,-1.11902570724487,3.98681581020355,0.827619135379791,-6.74449557065964,-5.88653510808945
-1.67444154620171,-1.11417710781097,3.88520032167435,0.830661058425903,-6.16144895553589,-5.85440158843994
-1.6562102586031,-1.11536520719528,3.79648166894913,0.843785285949707,-6.14077988266945,-5.84840595722199
-1.64838542044163,-1.11397895216942,3.77740180492401,0.846002042293549,-6.11291071772575,-5.83787167072296
-1.64078914374113,-1.11256304383278,3.74503740668297,0.848254501819611,-6.09969745576382,-5.82712376117706
-1.63324987143278,-1.11107289791107,3.69938513636589,0.850603282451629,-6.1001140922308,-5.8158341050148
-1.62580616027117,-1.10963028669357,3.69003477692604,0.858758866786957,-6.06480218470097,-5.79902285337448
-1.55058581382036,-1.13390380144119,3.60383513569832,0.884283512830734,-5.69967974722385,-5.91913929581642
-1.54030574113131,-1.12390018999577,3.56068077683449,0.85172700881958,-5.68115366995335,-5.89167413115501
-1.52873416244984,-1.12944835424423,3.52095502614975,0.887756854295731,-5.65144994854927,-5.88893327116966
-1.52159948647022,-1.12804251909256,3.48129767179489,0.883533030748367,-5.64829924702644,-5.88472208380699
-1.4877148270607,-1.15221926569939,3.43281853199005,0.916814297437668,-5.49347043037415,-5.99650129675865
-1.48171591758728,-1.16245338320732,3.42721432447433,0.950208187103272,-5.46308118104935,-6.02451211214066
-1.47202238440514,-1.15287044644356,3.35669535398483,0.90827089548111,-5.47543895244598,-6.00895178318024
-1.46396459639072,-1.16371548175812,3.33226692676544,0.930513650178909,-5.4515206515789,-6.0517792403698
-1.45926938951015,-1.1590459048748,3.29949879646301,0.919906109571457,-5.45611754059792,-6.03436931967735
-1.46452616155148,-1.1648288667202,3.32291519641876,0.937793076038361,-5.46424177289009,-6.05118012428284
-1.45527793467045,-1.15555384755135,3.26411628723145,0.903495013713837,-5.46755132079124,-6.02982807159424
-1.46398140490055,-1.15622869133949,3.29053086042404,0.91601750254631,-5.49335756897926,-6.02135464549065
-1.46890141069889,-1.15490260720253,3.30146867036819,0.927048593759537,-5.51193979382515,-6.00236704945564
-1.47430838644505,-1.15110078454018,3.27782833576202,0.921031087636948,-5.56802198290825,-5.98557361960411
-1.45617486536503,-1.13275289535522,3.19225358963013,0.85556623339653,-5.54479560256004,-5.94095113873482
-1.46677388250828,-1.1206111907959,3.18997222185135,0.851314455270767,-5.61067107319832,-5.87235268950462
-1.44063343852758,-1.13898324966431,3.1248143017292,0.93488547205925,-5.5189863294363,-5.89901402592659
-1.44296555221081,-1.12099409103394,3.0996270775795,0.9153912961483,-5.55816623568535,-5.81057325005531
-1.43699567019939,-1.11936642229557,3.08148884773254,0.920456647872925,-5.54048517346382,-5.7957418859005
-1.43842439353466,-1.09395737946033,3.06180739402771,0.884926855564117,-5.56873896718025,-5.67881742119789
-1.43434345722199,-1.08969810605049,3.03351485729218,0.87546843290329,-5.57254588603973,-5.66272020339966
-1.43029375374317,-1.08547288179398,3.00558018684387,0.866113781929016,-5.57618233561516,-5.64672350883484
-1.41926348209381,-1.09193798899651,2.94989889860153,0.899427771568298,-5.56568199396133,-5.65220016241074
-1.41354130208492,-1.0904652774334,2.95755606889725,0.899150758981705,-5.52369174361229,-5.64364090561867
-1.41154427826405,-1.03217181563377,2.95635586977005,0.859169870615006,-5.51290979981422,-5.33386102318764
-1.40778586268425,-1.02240616083145,2.929856300354,0.860406249761581,-5.5168588757515,-5.27403071522713
-1.39607128500938,-1.01019869744778,2.8920049071312,0.817870616912842,-5.48442280292511,-5.24332156777382
-1.38773080706596,-0.98388634622097,2.87282246351242,0.798749148845673,-5.45356237888336,-5.10456892848015
-1.37497238069773,-0.983341366052628,2.83087053894997,0.802934587001801,-5.4189637452364,-5.09711360931397
-1.3712752237916,-0.979421958327293,2.81524589657784,0.793882191181183,-5.41240544617176,-5.08264955878258
-1.36426516622305,-0.980385132133961,2.792674690485,0.807751983404159,-5.39291630685329,-5.07455880939961
-1.36068926006556,-0.976609915494919,2.77156892418861,0.795687526464462,-5.39256663620472,-5.06397196650505
-1.35382901877165,-0.977458581328392,2.73409357666969,0.805909335613251,-5.3888805359602,-5.0588421523571
-1.31760644167662,-0.902152761816978,2.68804359436035,0.737388968467712,-5.21759505569935,-4.67552760243416
-1.30727825313807,-0.899369321763516,2.6370652616024,0.732980519533157,-5.20660425722599,-4.66323541104794
-1.29239056259394,-0.876230798661709,2.65542048215866,0.718257635831833,-5.09892289340496,-4.53912715613842
-1.28451047092676,-0.865092240273953,2.64136800169945,0.710091143846512,-5.06569482386112,-4.4804622977972
-1.2765275016427,-0.854312978684902,2.63280829787254,0.705422431230545,-5.02635671198368,-4.42045544087887
-1.25638216361403,-0.848971158266068,2.54296649992466,0.69032222032547,-4.99532648175955,-4.40350472927094
-1.25138413906097,-0.847741976380348,2.5195170044899,0.694671630859375,-4.98878782987595,-4.39178022742271
-1.24655897170305,-0.84643828868866,2.48562160134315,0.69260361790657,-4.99373222887516,-4.38602611422539
-1.24179278314114,-0.845178611576557,2.49211311340332,0.69256329536438,-4.9586435854435,-4.37850837409496
-1.2370929941535,-0.843916818499565,2.47319275140762,0.693325310945511,-4.94936521351337,-4.37017560005188
-1.23244778066874,-0.842697292566299,2.45431867241859,0.694184064865112,-4.94036801159382,-4.36199969053268
-1.17414269596338,-0.771721750497818,2.39570963382721,0.628972828388214,-4.64914654195309,-4.00135767459869
-1.16489223390818,-0.769214790314436,2.36353251338005,0.627339407801628,-4.62582089006901,-3.98794933408499
-1.14788506180048,-0.750629108399153,2.33313578367233,0.61182726919651,-4.55417458713055,-3.89194738119841
-1.13657712005079,-0.745645802468061,2.32556324452162,0.626111105084419,-4.49389947578311,-3.84776370972395
-1.11774292960763,-0.729808747768402,2.26188249886036,0.591373711824417,-4.44457507878542,-3.787478774786
-1.1051235254854,-0.720291364938021,2.24833538383245,0.586092039942741,-4.38240576907992,-3.73565614968538
-1.09686017595232,-0.711993027478457,2.23481463640928,0.58035098016262,-4.34634641930461,-3.69160718470812
-1.08588903211057,-0.7074742205441,2.20749595016241,0.592022374272347,-4.30783824250102,-3.65282294899225
-1.07635356299579,-0.701272238045931,2.20070331543684,0.596155509352684,-4.25741806253791,-3.6114779189229
-1.06354294903576,-0.691446729004383,2.15393719822168,0.564452409744263,-4.2273204959929,-3.58422796428204
-1.05931574106216,-0.690315213054419,2.14134976267815,0.567449882626534,-4.21454468369484,-3.57444139569998
-1.03526705503464,-0.666942920535803,2.10047483444214,0.544151216745377,-4.11112749576569,-3.45750630646944
-1.01904950104654,-0.657252203673124,2.06631129235029,0.532847478985786,-4.04798571392894,-3.41066574305296
-1.01500737387687,-0.656233621761203,2.04295446351171,0.533803336322308,-4.04708977974951,-3.40359839424491
-1.01238180417568,-0.653596254065633,2.03903802111745,0.527690641582012,-4.0352528039366,-3.39388688281178
-1.00718189962208,-0.654251415282488,2.02246610075235,0.537340506911278,-4.02062529698014,-3.38816798478365
-0.973761575296521,-0.622598622925579,1.98541031032801,0.504960168153048,-3.85715914145112,-3.23063156940043
-0.968597939237952,-0.6232182206586,1.94935833662748,0.507567439228296,-3.86222929880023,-3.23174188472331
-0.966087071225047,-0.620707200840115,1.94550504535437,0.501697279512882,-3.85101738199592,-3.22254592552781
-0.961024626158178,-0.621372551657259,1.91860258206725,0.509047854691744,-3.84754517488182,-3.21918745525181
-0.958533986471593,-0.61889110179618,1.91506898030639,0.503174977377057,-3.83613493852317,-3.21017163340002
-0.921144052408636,-0.584665578324348,1.87757032737136,0.473371924832463,-3.64929398708045,-3.03462154511362
-0.905155618907884,-0.577627112623304,1.83568345475942,0.469641437754035,-3.59525025868788,-2.99612123798579
-0.901535556884482,-0.576718450989574,1.82508433330804,0.472353091463447,-3.58412900799885,-2.987957614474
-0.897973481682129,-0.575895714573562,1.8085390185006,0.475570168346167,-3.57930187159218,-2.97980411909521
-0.873467435769271,-0.556189110502601,1.75949244829826,0.453163541853428,-3.48131216631737,-2.88397112116218
-0.870006181881763,-0.555308998562396,1.73946798080578,0.45396837964654,-3.48056911048479,-2.87788561172783
-0.866596905514598,-0.554452854208648,1.71981283277273,0.45479441806674,-3.47976860031486,-2.87192270718515
-0.863216540310532,-0.553621533326805,1.70036073960364,0.45567249879241,-3.47893850225955,-2.86605670116842
-0.832657220773399,-0.528622345998883,1.68961058184505,0.430978372693062,-3.30633274279535,-2.74075570330024
-0.829368335660547,-0.527782427147031,1.67664991877973,0.431511789560318,-3.29956009518355,-2.73518277332187
-0.815022120717913,-0.517444835975766,1.66228810884058,0.430890254676342,-3.22784461546689,-2.67377876117825
-0.807483901269734,-0.513110743835568,1.65489645674825,0.436128884553909,-3.19000695087016,-2.6425355784595
-0.793709744699299,-0.502568021416664,1.62211762741208,0.416111141443253,-3.14014084078372,-2.59929698705673
-0.790511359460652,-0.501729274168611,1.59298168495297,0.410821601748467,-3.15008647181094,-2.5995540432632
-0.788455759175122,-0.49970362149179,1.57921408489347,0.406373791396618,-3.15152047015727,-2.59184793755412
-0.765783831477165,-0.484008833765984,1.53884968161583,0.395825989544392,-3.05585330724716,-2.50822701305151
-0.758573430590332,-0.479903504252434,1.52319167181849,0.39915956556797,-3.02824891172349,-2.48026145994663
-0.748587991110981,-0.470831170678139,1.52219797298312,0.381171986460686,-2.96932997368276,-2.44381503760815
-0.74458608776331,-0.471255593001843,1.50618067383766,0.386344917118549,-2.9613358527422,-2.44118864089251
-0.731815259903669,-0.4622867628932,1.48540516197681,0.384444169700146,-2.9054863974452,-2.38927640765905
-0.725997488945723,-0.457282118499279,1.484339594841,0.382688421756029,-2.87164533883333,-2.36100428923964
-0.718292286619544,-0.453946426510811,1.45335229486227,0.372677057981491,-2.85640142485499,-2.35100150108337
-0.715414099395275,-0.453210543841124,1.44164347648621,0.373009912669659,-2.85084111988544,-2.34625335037708
-0.697524506598711,-0.439789813011885,1.42070001363754,0.366180058568716,-2.76444702595472,-2.27255881950259
-0.690963322296739,-0.436073642224073,1.40659099072218,0.369194081053138,-2.73918894305825,-2.2472477722913
-0.679098075255752,-0.427128773182631,1.37993640452623,0.350380945950747,-2.69465204700828,-2.21239169314504
-0.672794748097658,-0.423569303005934,1.3707280009985,0.353075230494142,-2.66604048758745,-2.18834058754146
-0.668290790170431,-0.421162627637386,1.3526653200388,0.346520316787064,-2.65707942098379,-2.18045544903725
-0.66562619432807,-0.420499008148909,1.34181895852089,0.346833478659391,-2.65193820744753,-2.17616057023406
-0.663064667955041,-0.419836580753326,1.3342103138566,0.348836237564683,-2.64417769387364,-2.17018324695528
-0.660473886877298,-0.419184267520904,1.32654646039009,0.350759618915617,-2.6362968608737,-2.16434598620981
-0.631755882874131,-0.396289795637131,1.29296769946814,0.330344737507403,-2.49756759777665,-2.04739403631538
-0.629204366356134,-0.395661391317844,1.28539517521858,0.332201313227415,-2.48983102291822,-2.04176703467965
-0.627571189776063,-0.394082300364971,1.26743356138468,0.32274354994297,-2.4979935772717,-2.04175025224686
-0.609149433672428,-0.38170425593853,1.23872868716717,0.314224403351545,-2.4161679148674,-1.97600113227963
-0.602632470428944,-0.376006290316582,1.22732119262218,0.306680962443352,-2.38847362995148,-1.94935677945614
-0.601068651303649,-0.374489702284336,1.22091640532017,0.303391437977552,-2.38549550250173,-1.94354677572846
-0.599557848647237,-0.372985988855362,1.21472977101803,0.300101902335882,-2.38261732086539,-1.93781403079629
-0.585366817191243,-0.36102232336998,1.2002936527133,0.290817230939865,-2.31190725043416,-1.87531670928001
-0.576495302841067,-0.361759901046753,1.18126975744963,0.309620380401611,-2.27770205959678,-1.86093902587891
-0.571919219568372,-0.358220830559731,1.16018146276474,0.297273717820644,-2.27133385464549,-1.85205126553774
-0.568878103047609,-0.359585508704185,1.14660257846117,0.306812591850758,-2.26666603982449,-1.85070046037436
-0.554325334727764,-0.349027618765831,1.13310445845127,0.302406542003155,-2.19284754991531,-1.79175917059183
-0.549849562346935,-0.34527824819088,1.1297490298748,0.302609093487263,-2.16934834420681,-1.76906039565802
-0.545501224696636,-0.341623052954674,1.11410477757454,0.297623861581087,-2.15890257060528,-1.75211445614696
-0.536532406695187,-0.342866346240044,1.07443936541677,0.30518414080143,-2.14475507475436,-1.75201393663883
-0.534067395143211,-0.343086190521717,1.06326965615153,0.309915788471699,-2.14113471470773,-1.7486013546586
-0.532789591699839,-0.342911541461945,1.06214983016253,0.309540756046772,-2.13458772003651,-1.7479284927249
-0.529321334790438,-0.343085445463657,1.04912899248302,0.313483096659183,-2.12679901625961,-1.74502957612276
-0.527010968420655,-0.343094408512115,1.03406364656985,0.314823873341083,-2.12800216395408,-1.74374257773161
-0.525755346985534,-0.342776045203209,1.02555086184293,0.316004231572151,-2.12898122007027,-1.7406520396471
-0.496006787987426,-0.317937359213829,0.998966460116208,0.292542107403278,-1.97707426780835,-1.6150820478797
-0.493691619252786,-0.317661054432392,0.98633627500385,0.293849587440491,-1.97581344051287,-1.61211673915386
-0.492572813382139,-0.317274041473865,0.982860956690274,0.293968245387077,-1.97257592360256,-1.60967600345612
-0.48618449823698,-0.317778296768665,0.953973054653034,0.29831076413393,-1.96313393476885,-1.60835901647806
-0.484283786034212,-0.317684657871723,0.949056445620954,0.300803765654564,-1.95664627058432,-1.60530418157578
-0.483410268789157,-0.317327812314033,0.940121336840093,0.300563290715218,-1.96034027589485,-1.60340358316898
-0.482571398140863,-0.316575258970261,0.933550809510052,0.299776613712311,-1.96187757933512,-1.59967494010925
-0.479518954642117,-0.315885953605175,0.923451561480761,0.297786749899387,-1.95366216637194,-1.59752897173166
-0.477989064063877,-0.315089121460915,0.917857127264142,0.297410495579243,-1.95007725711912,-1.59312423318625
-0.476541758049279,-0.31443364918232,0.912507021799684,0.297369837760925,-1.94674352649599,-1.58923205733299
-0.475402624346316,-0.313799500465393,0.90310762822628,0.293481580913067,-1.94930811785162,-1.58931542187929
-0.474488198757172,-0.312793865799904,0.89937099814415,0.291587971150875,-1.94755819439888,-1.58517522364855
-0.433349076658487,-0.280162759125233,0.855330552905798,0.257444798946381,-1.74476390704513,-1.42353175580502
-0.430977905169129,-0.277363702654839,0.848800588399172,0.246676921844482,-1.7370668426156,-1.41750529408455
-0.429932560771704,-0.276209108531475,0.843680538237095,0.242318123579025,-1.73591482639313,-1.41493652760983
-0.429367614910006,-0.274844035506248,0.840400740504265,0.239856213331223,-1.73580494895577,-1.40920799970627
-0.428908845409751,-0.273568227887154,0.838495995849371,0.235066458582878,-1.73495707660913,-1.40634290874004
-0.428157994523644,-0.272870898246765,0.832533586770296,0.231237351894379,-1.73641438037157,-1.40598803758621
-0.428527830168605,-0.261494301259518,0.829998232424259,0.221647009253502,-1.74116874858737,-1.3473187983036
-0.427788019180298,-0.258016869425774,0.824509415775538,0.218240618705749,-1.74221869930625,-1.32986059784889
-0.42708354908973,-0.257362857460976,0.819631665945053,0.215254262089729,-1.74286962859333,-1.32892288267612
-0.426077280193567,-0.256571933627129,0.81549696624279,0.215603709220886,-1.74096671491861,-1.32382789254189
-0.427535984665155,-0.249963566660881,0.816404059529305,0.208610713481903,-1.74881184846163,-1.29117068648338
-0.426634995266795,-0.246444314718246,0.812437050044537,0.204743355512619,-1.74737292155623,-1.27392253279686
-0.42617251444608,-0.246042303740978,0.809492275118828,0.203699886798859,-1.74754281155765,-1.27255393564701
-0.425974344834685,-0.245479248464107,0.808731276541948,0.202335074543953,-1.74711479246616,-1.27054041624069
-0.427944218739867,-0.239077232778072,0.810617733746767,0.196940630674362,-1.75704757869244,-1.23752276599407
-0.428402995690703,-0.237055443227291,0.811592068523169,0.198565244674683,-1.75882590562105,-1.22376741468906
-0.42880872450769,-0.235017143189907,0.811067312955856,0.196998596191406,-1.76178503409028,-1.21310426294804
-0.427868723869324,-0.233162239193916,0.806659884750843,0.191278696060181,-1.7605524584651,-1.20769473910332
-0.428279161453247,-0.229392901062965,0.806449539959431,0.188621640205383,-1.76322542876005,-1.18773576617241
-0.428321003913879,-0.227851942181587,0.806160546839237,0.188235491514206,-1.76376547664404,-1.17887616157532
-0.425448648631573,-0.228027924895287,0.79453781619668,0.190913274884224,-1.75815407559276,-1.1772542744875
-0.423993978649378,-0.22585953772068,0.791265308856964,0.189944565296173,-1.7526985630393,-1.16521266102791
-0.422240354120731,-0.225362852215767,0.788661457598209,0.189497530460358,-1.74478066712618,-1.16267958283424
-0.421448525041342,-0.225603565573692,0.785099796950817,0.191970035433769,-1.74359135329723,-1.16165135800838
-0.420951625332236,-0.225323244929314,0.783937085419893,0.194062411785126,-1.74177266657352,-1.15787705779076
-0.414744989946485,-0.225883483886719,0.776802018284798,0.196631222963333,-1.71166792139411,-1.15866968035698
-0.412910895422101,-0.22599458694458,0.773935526609421,0.196513473987579,-1.70352984592319,-1.1594540476799
-0.412179412320256,-0.226274728775024,0.770427525043487,0.199019759893417,-1.70264894887805,-1.15862861275673
-0.412016244605184,-0.224722869694233,0.76902163028717,0.193063452839851,-1.70307583734393,-1.15527376532555
-0.411202164366841,-0.225015453994274,0.766257371753454,0.196097448468208,-1.70095561444759,-1.15399527549744
-0.403667377308011,-0.226433508098125,0.756899006664753,0.197567611932754,-1.66510525718331,-1.161033436656
-0.402533996850252,-0.225239083170891,0.751723308116198,0.194038107991219,-1.66348067298532,-1.15739639103413
-0.401965674012899,-0.224736571311951,0.748493112623692,0.193561807274818,-1.6633009314537,-1.15485762059689
-0.396720346063375,-0.225429236888885,0.741883315145969,0.196053341031074,-1.63843876123428,-1.15652208030224
-0.395666774362326,-0.225127995014191,0.739684171974659,0.197574317455292,-1.6343164741993,-1.15319365262985
-0.394259409978986,-0.223392248153686,0.733933251351118,0.192468911409378,-1.6316232085228,-1.14788457751274
-0.391630973666906,-0.222229436039925,0.72918026894331,0.190562263131142,-1.62060557305813,-1.14281435310841
-0.390811707824469,-0.221385315060616,0.728982355445623,0.192101553082466,-1.61588789150119,-1.13621033728123
-0.390172334387898,-0.220894254744053,0.725097466260195,0.190002009272575,-1.6159365400672,-1.13536351919174
-0.38999087177217,-0.220664039254189,0.723761562258005,0.18965819478035,-1.61618366837502,-1.13432604074478
-0.388442751020193,-0.221427023410797,0.717306833714247,0.195342779159546,-1.61334967240691,-1.13321936130524
-0.388225043192506,-0.2211934030056,0.716015581041575,0.19550547003746,-1.61333467811346,-1.13165494799614
-0.387660382315517,-0.221258826553822,0.713880512863398,0.198452010750771,-1.6120817810297,-1.12910094857216
-0.387407155707478,-0.221039623022079,0.711150381714106,0.198626354336739,-1.61329255253077,-1.12761138379574
-0.391611875966191,-0.207410544157028,1.31895128265023,-1.49171480536461,-1.03071997314692,-2.73617807030678
-1.46933043655008,0.554141730070114,2.10649710521102,-3.27380749583244,-6.70948551408947,0.051042884588242
-1.46677828487009,0.551584541797638,3.01282408460975,-2.53644272685051,-5.78784562461078,0.773064523935318
-1.45762544032186,0.53907510638237,2.99668916687369,-2.48565953969955,-5.74906347505748,0.748791098594666
-1.46095445100218,0.541479289531708,2.99891987815499,-2.48706477880478,-5.76680682785809,0.761810958385468
-1.45372896455228,0.526507079601288,2.98636170476675,-2.37991482019424,-5.73601208254695,0.779127657413483
-1.43173568509519,0.506106913089752,2.95861872285604,-2.36000627279282,-5.6317953877151,0.676635205745697
-1.41840542573482,0.48687419295311,2.91880111768842,-2.30638763308525,-5.59163143672049,0.614857524633408
-1.4156818408519,0.480677217245102,2.89739311486483,-2.28535601496696,-5.59669793024659,0.598707288503647
-1.41305064968765,0.474882394075394,2.92110203951597,-2.20201608538628,-5.55720185860992,0.647278279066086
-1.3835751991719,0.449004173278809,2.88797461241484,-2.12288028001785,-5.41347658261657,0.571144759654999
-1.38261576369405,0.446317732334137,2.87948597967625,-2.09831410646439,-5.41620860248804,0.579592287540436
-1.3651818819344,0.435915261507034,2.85681642591953,-2.11790069937706,-5.33427486568689,0.497590869665146
-1.35622699931264,0.43103152513504,2.83473719656467,-2.11659300327301,-5.30262479931116,0.469596147537231
-1.3483547065407,0.416037619113922,2.82800320535898,-2.0180287361145,-5.26212503388524,0.478196978569031
-1.33039701916277,0.406988859176636,2.80288753658533,-2.01625341176987,-5.17949457839131,0.425679743289948
-1.32497422397137,0.39772030711174,2.76723420619965,-1.98195379972458,-5.18261113762856,0.404368042945862
-1.32219125702977,0.393269270658493,2.74200583994389,-1.96683710813522,-5.19114170223475,0.392778515815735
-1.29477216675878,0.381121575832367,2.70041461288929,-1.9573201239109,-5.06821838766336,0.329409331083298
-1.28711451031268,0.384247481822968,2.68318394571543,-1.98375904560089,-5.03950311616063,0.321725845336914
-1.28774828463793,0.387737780809402,2.67138251662254,-2.00019937753677,-5.05510719120503,0.326227307319641
-1.27391022443771,0.361102700233459,2.70161998271942,-1.8155329823494,-4.94184136390686,0.351083219051361
-1.2463304400444,0.35105112195015,2.66623538732529,-1.81197348237038,-4.81174725294113,0.294333249330521
-1.24710062891245,0.358184576034546,2.6549805700779,-1.84296390414238,-4.8276232033968,0.306143552064896
-1.23720000684261,0.339975953102112,2.63940304517746,-1.73967829346657,-4.78379699587822,0.300177425146103
-1.20697301626205,0.327890574932098,2.59114950895309,-1.72369745373726,-4.65068858861923,0.243645995855331
-1.20390193164349,0.324570149183273,2.58787375688553,-1.69016471505165,-4.63553783297539,0.257256180047989
-1.20079741626978,0.321299642324448,2.58433881402016,-1.65727314352989,-4.62044568359852,0.270524710416794
-1.17415175586939,0.313864231109619,2.52581068873405,-1.67845386266708,-4.51909984648228,0.204731523990631
-1.17394454777241,0.321026772260666,2.51076376438141,-1.70928484201431,-4.53290352225304,0.216875791549683
-1.17372660711408,0.324562966823578,2.49594773352146,-1.72530877590179,-4.546411909163,0.222069025039673
-1.13539322838187,0.291388064622879,2.40712176263332,-1.61401551961899,-4.40523760765791,0.134312868118286
-1.12664207443595,0.289389163255692,2.3845771998167,-1.61369824409485,-4.37527524679899,0.122636735439301
-1.11813225969672,0.287509262561798,2.45442800223827,-1.55080065131187,-4.25436555594206,0.174254924058914
-1.1078103557229,0.282125413417816,2.39095374941826,-1.5433062016964,-4.25590838491917,0.149446278810501
-1.08808977901936,0.272412568330765,2.37599760293961,-1.50041505694389,-4.15254107117653,0.134060353040695
-1.07982303202152,0.270798891782761,2.37549650669098,-1.48122730851173,-4.10344168543816,0.14356604218483
-1.06627395004034,0.257146865129471,2.35325422883034,-1.41385689377785,-4.04438947141171,0.129024296998978
-1.06392392888665,0.270743042230606,2.32671971619129,-1.4853757917881,-4.05682385712862,0.139082461595535
-1.06322271563113,0.274102866649628,2.31070659309626,-1.50062641501427,-4.06862970069051,0.143990784883499
-1.05449925921857,0.259628355503082,2.29535349458456,-1.41878828406334,-4.03164206072688,0.138981848955154
-1.05369519628584,0.262855470180511,2.28371009975672,-1.43673440814018,-4.03846107795835,0.140398412942886
-1.04768700525165,0.254546761512756,2.24693350493908,-1.40505841374397,-4.0391885265708,0.122222155332565
-0.997512128204107,0.240999758243561,2.2005106061697,-1.36201646924019,-3.78456216305494,0.083982080221176
-0.995734572410584,0.247244387865067,2.1809658408165,-1.38853350281715,-3.793441593647,0.094932824373245
-0.980455279350281,0.245001375675201,2.15336608886719,-1.3876525759697,-3.7293655872345,0.082355678081513
-0.972955942153931,0.243974238634109,2.13367491960526,-1.38796082139015,-3.70406073331833,0.075884610414505
-0.965579211711884,0.242996722459793,2.16049605607986,-1.3612274825573,-3.63297921419144,0.096752852201462
-0.94949890114367,0.227903783321381,2.10305003076792,-1.28568986058235,-3.5939433760941,0.081732839345932
-0.934990653768182,0.226085662841797,2.08037910610437,-1.28852441906929,-3.52956481650472,0.067989557981491
-0.927980253472924,0.225224941968918,2.06158087402582,-1.28902637958527,-3.50630064681172,0.062323272228241
-0.924819966778159,0.234053999185562,2.05896981805563,-1.31311547756195,-3.48994998261333,0.091208517551422
-0.923738444224,0.236900985240936,2.0609063282609,-1.31023478507996,-3.4815243370831,0.111171126365662
-0.902820372954011,0.234552443027496,2.04597202688456,-1.29374021291733,-3.37095021083951,0.11357444524765
-0.886808255687356,0.209271520376205,1.96719978004694,-1.20619940757751,-3.3536497540772,0.049429714679718
-0.883430305868387,0.206991344690323,1.95258869230747,-1.19239187240601,-3.34799314290285,0.049556195735931
-0.863249126821756,0.204935103654861,1.93157823383808,-1.18558773398399,-3.24791652709246,0.044022887945175
-0.852385761216283,0.194822311401367,1.89732123166323,-1.14821940660477,-3.21699333563447,0.020714461803436
-0.842619721777737,0.202076286077499,1.86689587309957,-1.18018916249275,-3.18882245756686,0.032268553972244
-0.832127689383924,0.192238301038742,1.86937397345901,-1.1179390847683,-3.12339216284454,0.035490721464157
-0.827826670370996,0.192780837416649,1.83517989143729,-1.12970876693726,-3.13178013078868,0.026976257562637
-0.812190010212362,0.189688816666603,1.82547798380256,-1.10230635106564,-3.04766207747161,0.035826548933983
-0.805973662994802,0.189146846532822,1.80259385332465,-1.11116603016853,-3.03324812464416,0.023715049028397
-0.799898042343557,0.188637137413025,1.81117337569594,-1.09268343448639,-2.9882148783654,0.03913938999176
-0.790598197840154,0.18292036652565,1.77923556789756,-1.05742383003235,-2.96435361914337,0.040098369121552
-0.778618141077459,0.18195828795433,1.75385355576873,-1.06860268115997,-2.91785529069602,0.02314704656601
-0.770479441969655,0.186225742101669,1.73762357747182,-1.08294135332108,-2.88525307434611,0.034413099288941
-0.763475371233653,0.188109546899796,1.71742152306251,-1.09270456433296,-2.86343070433941,0.035952717065811
-0.762319447239861,0.190375506877899,1.72649509366602,-1.08486786484718,-2.84742158977315,0.057385176420212
-0.751897936221212,0.171611562371254,1.66951151750982,-1.01824828982353,-2.84187609981745,0.011421084403992
-0.731736352667213,0.168521746993065,1.64801325649023,-1.00035618245602,-2.74240485951304,0.010774299502373
-0.724327848292887,0.164184108376503,1.62608266249299,-0.985073313117027,-2.71988442726433,3.13371419906616E-05
-0.720336373429745,0.164625585079193,1.61768065206707,-0.977860316634178,-2.70433758851141,0.009893193840981
-0.706601114070509,0.162233769893646,1.59453648724593,-0.966476067900658,-2.64507019717712,0.00692655146122
-0.703811817103997,0.16050960123539,1.58774200174958,-0.948788806796074,-2.63512890087441,0.014268800616264
-0.691506617702544,0.155995979905128,1.56698272004724,-0.926990702748299,-2.58205698616803,0.008985176682472
-0.684612469747662,0.152002036571503,1.56758818775415,-0.896603286266327,-2.54008663073182,0.015408933162689
-0.681195174343884,0.158109128475189,1.55834533646703,-0.91046541929245,-2.52882570959628,0.038189351558685
-0.669831299223006,0.159510552883148,1.51328447833657,-0.946663737297058,-2.50570331700146,0.010399580001831
-0.668692394159734,0.161493986845016,1.50015604123473,-0.955581456422806,-2.51199832372367,0.013382464647293
-0.65864388551563,0.160930395126343,1.50452535971999,-0.942417144775391,-2.44733795337379,0.023165225982666
-0.648477563634515,0.146800369024277,1.46812001615763,-0.875757873058319,-2.42274536564946,0.005044341087341
-0.645785612054169,0.145121768116951,1.44422333315015,-0.876212477684021,-2.43049033917487,-0.005481868982315
-0.628587333485484,0.142824396491051,1.43063535541296,-0.85515184700489,-2.34088864549994,0.001794531941414
-0.626025596633554,0.141338720917702,1.4244194701314,-0.839507058262825,-2.33173410966992,0.008525267243385
-0.616430619731545,0.140844210982323,1.40415764600039,-0.848083883523941,-2.29442607238889,-0.003018617630005
-0.614266669377685,0.14439432322979,1.39451792091131,-0.858997523784637,-2.2910820953548,0.007368415594101
-0.605021750554442,0.143942788243294,1.38444866985083,-0.855191692709923,-2.24568183347583,0.00846503674984
-0.598334113135934,0.147182002663612,1.37054447084665,-0.865423932671547,-2.21946020796895,0.017668083310127
-0.59385041333735,0.146967902779579,1.35852418094873,-0.865831449627876,-2.20457829907536,0.015975967049599
-0.591719279065728,0.150343954563141,1.34262577444315,-0.879904121160507,-2.20768989995122,0.022159606218338
-0.572881849482656,0.127377778291702,1.29074139147997,-0.78390845656395,-2.14654970541596,-0.019641786813736
-0.570789158344269,0.130649477243423,1.29703477025032,-0.787766113877296,-2.12770017981529,-0.003869250416756
-0.567037103697658,0.126059308648109,1.28572092205286,-0.76060451567173,-2.11650170013309,-0.004248663783073
-0.564714949578047,0.124668017029762,1.27988414466381,-0.746451810002327,-2.10840555280447,0.001556292176247
-0.545265266671777,0.122571796178818,1.2569018676877,-0.731835052371025,-2.01468973234296,0.003595724701881
-0.543015241622925,0.121283382177353,1.23406761884689,-0.740283370018005,-2.02402383089066,-0.012583076953888
-0.532498374581337,0.119715362787247,1.21587583422661,-0.731968879699707,-1.97911441326141,-0.013676702976227
-0.526230480521917,0.118253365159035,1.20622678101063,-0.718466565012932,-1.95115610212088,-0.008946374058723
-0.524036839604378,0.116969272494316,1.19254426658154,-0.71558390557766,-1.95167677104473,-0.013768270611763
-0.514040526002646,0.115343898534775,1.16943621635437,-0.710675776004791,-1.9148069396615,-0.018612384796143
-0.511880964040756,0.114097595214844,1.16979560256004,-0.694453895092011,-1.90149018168449,-0.009868323802948
-0.510920949280262,0.115510627627373,1.1613049954176,-0.702220141887665,-1.90422070026398,-0.009156376123428
-0.507651403546333,0.111648745834827,1.14741951227188,-0.684041067957878,-1.89848890900612,-0.014148592948914
-0.505544818937779,0.110405825078487,1.14204375445843,-0.671490654349327,-1.89122515916824,-0.009055703878403
-0.503498900681734,0.109161131083965,1.12934462726116,-0.668676435947418,-1.89164877682924,-0.013709649443626
-0.501450028270483,0.107984259724617,1.11493797600269,-0.664500147104263,-1.89376219362021,-0.016594588756561
-0.473773546516895,0.10449492931366,1.09230409562588,-0.643005385994911,-1.75033718347549,-0.016035810112953
-0.4708605222404,0.104673214256763,1.0836483836174,-0.636444881558418,-1.741514749825,-0.008405596017838
-0.46887132525444,0.103528156876564,1.06251330673695,-0.64164362847805,-1.7507146447897,-0.020474687218666
-0.457061100751162,0.10081222653389,1.0556705892086,-0.621504202485085,-1.68669601529837,-0.016630843281746
-0.454199653118849,0.100931763648987,1.04698488116264,-0.615019038319588,-1.67821303755045,-0.009428456425667
-0.446467116475105,0.101995453238487,1.02372474968433,-0.629332728683949,-1.6550779491663,-0.017360009253025
-0.445585016161203,0.103223621845245,1.02452519536018,-0.628801435232163,-1.64898490160704,-0.00945970416069
-0.44164077937603,0.097495421767235,1.00814694166183,-0.603478066623211,-1.64169773459435,-0.018505536019802
-0.429820585995913,0.096107020974159,0.993305027484894,-0.592012010514736,-1.58561848849058,-0.015369884669781
-0.424700513482094,0.094970006495714,0.978760309517384,-0.589442104101181,-1.56944277137518,-0.019622065126896
-0.420672994107008,0.096054021269083,0.971497029066086,-0.591645568609238,-1.55254093557596,-0.01532144099474
-0.415623035281897,0.091606855392456,0.96320665627718,-0.567713052034378,-1.5305315554142,-0.018071919679642
-0.413004733622074,0.091701127588749,0.948970802128315,-0.569773733615875,-1.52905759960413,-0.019566968083382
-0.411254473030567,0.090695083141327,0.941205382347107,-0.563432760536671,-1.5263214558363,-0.019262261688709
-0.400296092033386,0.089514471590519,0.924385249614716,-0.55700296163559,-1.4773913025856,-0.019916132092476
-0.398635923862457,0.088545106351376,0.917124152183533,-0.550834432244301,-1.47469139099121,-0.019563794136047
-0.39081434160471,0.08738224580884,0.903564170002937,-0.544387347996235,-1.44132187962532,-0.020093873143196
-0.386232826858759,0.086323838680983,0.889100015163422,-0.540749378502369,-1.42829694598913,-0.022806346416473
-0.381684396415949,0.085313819348812,0.883158937096596,-0.532134551554918,-1.4069474413991,-0.020251635462046
-0.379975244402885,0.084373496472836,0.875571966171265,-0.526223819702864,-1.40427950024605,-0.019982840865851
-0.378145758062601,0.083348825573921,0.868004754185677,-0.516483258455992,-1.40086979418993,-0.016390305012465
-0.376363333314657,0.082311633974314,0.854956455528736,-0.513863511383534,-1.40322354435921,-0.019993707537651
-0.363265130668879,0.081093370914459,0.833555616438389,-0.507714133709669,-1.34603516757488,-0.021153908222914
-0.358679510653019,0.080107443034649,0.823355637490749,-0.498167913407087,-1.32872142642736,-0.017523255199194
-0.356805324554443,0.079074643552303,0.808515183627605,-0.497840337455273,-1.33231676369905,-0.023392476141453
-0.349562294781208,0.077990278601647,0.795143317431212,-0.489741262048483,-1.30223045125604,-0.021799590438604
-0.345200277864933,0.076854119077325,0.782805882394314,-0.483620228245854,-1.28839578479528,-0.022495513781905
-0.343552894890308,0.075726902112365,0.771883331239224,-0.479400319978595,-1.28943403810263,-0.025038907304406
-0.336773321032524,0.074383605271578,0.755701385438442,-0.476278960704803,-1.2649385407567,-0.029977329075337
-0.332466520369053,0.073188897222281,0.746716063469648,-0.468420075252652,-1.24808305874467,-0.029286691918969
-0.330599695444107,0.072371151298285,0.737243682146072,-0.464952237904072,-1.24635449051857,-0.030725330114365
-0.32889398932457,0.071455832570791,0.726296335458756,-0.462729074060917,-1.24706760048866,-0.03399407863617
-0.319774247705936,0.069852309301496,1.20254008471966,-1.44863708410412,-0.716105401515961,-1.02952322829515
-1.36321020126343,0.710715860128403,6.15214411914349,-2.87715083360672,-2.02711708843708,1.3871443271637
0.632307291030884,0.436350371688604,2.97083830833435,-3.4156400822103,6.76468205451965,-0.797537852078676
0.630839347839356,0.433215275406838,2.96508127450943,-3.40741916000843,6.75011736154556,-0.808127507567406
0.634600147604942,0.421374142169952,2.95295631885529,-3.33461321890354,6.76055720448494,-0.806368365883827
0.635599926114082,0.403380431234837,2.95007306337357,-3.26658143848181,6.76367262005806,-0.846298851072788
0.637688130140305,0.398330070078373,2.91135346889496,-3.2834158167243,6.73748224973679,-0.893435396254063
0.636397689580917,0.399883784353733,2.90020626783371,-3.28988482803106,6.71859240531921,-0.890582121908665
0.635258644819259,0.401783712208271,2.91051125526428,-3.25399281829596,6.72206312417984,-0.84329054504633
0.634313017129898,0.404008083045483,2.90151596069336,-3.24836023896933,6.70739406347275,-0.82431174069643
0.631957918405533,0.347637347877026,2.87018287181854,-3.09052290767431,6.66193038225174,-1.00469882041216
0.628023058176041,0.341484114527702,2.83587509393692,-3.1011063605547,6.60401344299316,-1.05220167338848
0.632013559341431,0.334442675113678,2.82629036903381,-3.02846552431583,6.6183717250824,-1.02180947363377
0.634001702070236,0.330935314297676,2.8160098195076,-2.98394413292408,6.62002003192902,-0.998332247138023
0.636245220899582,0.327894881367683,2.80407851934433,-2.94187946617603,6.62154984474182,-0.974510177969933
0.607751160860062,0.299260407686234,2.75964117050171,-2.9386078864336,6.40614813566208,-1.1430454403162
0.600272476673126,0.287068888545036,2.75124776363373,-2.89026382565498,6.35288262367249,-1.16785049438477
0.591515108942986,0.275313287973404,2.71158301830292,-2.87164540588856,6.26067367196083,-1.21976567804813
0.596201226115227,0.287024512887001,2.68891274929047,-2.879254296422,6.26612010598183,-1.1571072191
0.575434610247612,0.278067067265511,2.68088418245316,-2.86827011406422,6.13349184393883,-1.19986771047115
0.57226949930191,0.262199237942696,2.64934724569321,-2.80169671773911,6.08296424150467,-1.22850129008293
0.575741916894913,0.259518638253212,2.59017407894135,-2.80147552490234,6.04462558031082,-1.24436369538307
0.578737586736679,0.263316258788109,2.58189463615417,-2.7666347026825,6.05432015657425,-1.18673714995384
0.581927746534348,0.266989462077618,2.54034698009491,-2.77909150719643,6.031913459301,-1.17715473473072
0.543102607131004,0.239632926881313,2.5509677529335,-2.68055176734924,5.80958339571953,-1.24275420606136
0.547129839658737,0.23686958104372,2.51419216394424,-2.65608370304108,5.79697120189667,-1.23486621677876
0.551194086670875,0.23423270881176,2.49316000938416,-2.62118455767632,5.80032452940941,-1.21578830480576
0.52152718603611,0.231854677200317,2.47495776414871,-2.6265113055706,5.60412088036537,-1.2353832423687
0.525995954871178,0.223107144236565,2.45234394073486,-2.56788203120232,5.60831966996193,-1.22923916578293
0.503682836890221,0.220734924077988,2.43141710758209,-2.5740078240633,5.45351412892342,-1.24959827959538
0.492610797286034,0.219915151596069,2.41497963666916,-2.57109241187572,5.37064442038536,-1.25160150229931
0.505520671606064,0.211230769753456,2.33622270822525,-2.53414373099804,5.36934673786163,-1.2667591124773
0.509812563657761,0.20815109834075,2.2921382188797,-2.51966604590416,5.35101360082626,-1.27075945585966
0.514145538210869,0.205085400491953,2.28490352630615,-2.45227706432343,5.36977675557137,-1.22176466137171
0.518465965986252,0.201961196959019,2.24115431308746,-2.43766029179096,5.35195010900497,-1.22589311003685
0.522743850946426,0.198842026293278,2.22647595405579,-2.3930442482233,5.36293905973434,-1.19999209046364
0.52709473669529,0.195673055946827,2.17562341690063,-2.37773056328297,5.33819183707237,-1.20369222760201
0.531424731016159,0.192499421536922,2.13259899616241,-2.36297561228275,5.32114738225937,-1.20797908306122
0.445655196905136,0.192123271524906,2.19284039735794,-2.36048778891563,4.86677157878876,-1.2077481597662
0.435044139623642,0.192657358944416,2.2122101187706,-2.32120734453201,4.82247495651245,-1.16526319086552
0.447799921035767,0.182892702519894,2.1567308306694,-2.26171803474426,4.843530356884,-1.1643618196249
0.432672798633575,0.186387531459331,2.11251637339592,-2.27675822377205,4.70855316519737,-1.15843303501606
0.435902506113052,0.17591106146574,2.09510117769241,-2.2151652276516,4.71051621437073,-1.15969885885715
0.419419556856155,0.175331752747297,2.07039666175842,-2.207729190588,4.58691400289536,-1.15573867410421
0.422577410936356,0.164340626448393,2.04018414020538,-2.15271446108818,4.57564860582352,-1.16667070239782
0.426317304372788,0.163408495485783,2.00184541940689,-2.14690299332142,4.55974924564362,-1.16645202040672
0.430355697870255,0.162789549678564,1.97475838661194,-2.12470105290413,4.55689257383347,-1.14796375483274
0.434091806411743,0.148271076381206,1.95555219054222,-2.04795433580875,4.56010302901268,-1.15832787752151
0.387643694877625,0.149888060986996,1.96667104959488,-2.05540822446346,4.29253321886063,-1.15607985854149
0.378602623939514,0.15060643106699,1.95320564508438,-2.05421131849289,4.22482138872147,-1.15057273209095
0.395041108131409,0.151273462921381,1.88290473818779,-2.02945254743099,4.25315138697624,-1.12181176990271
0.384002208709717,0.153762616217136,1.85869401693344,-2.02398473024368,4.16270726919174,-1.10140903294086
0.389092773199081,0.132368512451649,1.81675583124161,-1.93642067909241,4.1513124704361,-1.14220960438252
0.378842383623123,0.135532606393099,1.78417193889618,-1.942119166255,4.05722624063492,-1.1289235278964
0.385517984628677,0.128605470061302,1.76482412219048,-1.88096383213997,4.07793202996254,-1.10933101177216
0.39233173429966,0.126123167574406,1.70519107580185,-1.87616872787476,4.05918148159981,-1.11942972242832
0.399002760648727,0.123675342649221,1.68016263842583,-1.8415951281786,4.07417920231819,-1.09954307228327
0.402833104133606,0.119081757962704,1.6610010266304,-1.80664354562759,4.07799965143204,-1.09215299785137
0.406227603554726,0.114510774612427,1.60474669933319,-1.80025598406792,4.04211232066155,-1.11319133639336
0.40954752266407,0.109954286366701,1.58193293213844,-1.76510791480541,4.03921806812286,-1.10538219660521
0.412781149148941,0.10541382804513,1.54938149452209,-1.74510146677494,4.02606838941574,-1.11261849850416
0.416092112660408,0.100903034210205,1.51676848530769,-1.72522509098053,4.01332116127014,-1.1198068857193
0.419298708438873,0.096485853195191,1.51049745082855,-1.67714500427246,4.02628970146179,-1.09822988510132
0.422498032450676,0.092110428959131,1.47324222326279,-1.65710334479809,4.00823041796684,-1.1044407710433
0.337333738803863,0.093269184231758,1.52991381287575,-1.64371559023857,3.55391624569893,-1.08410048484802
0.340334981679916,0.089167978614569,1.49943920969963,-1.62553252279758,3.54144909977913,-1.09052465111017
0.325711518526077,0.088619079440832,1.51029375195503,-1.60219292342663,3.4645628631115,-1.07047844678164
0.332103952765465,0.080486759543419,1.48144589364529,-1.55499416589737,3.47406961023808,-1.07207360863686
0.335293114185333,0.076470449566841,1.44575601816177,-1.53650552034378,3.45751470327377,-1.07768282294273
0.338626384735107,0.075953997671604,1.41485393047333,-1.53282454609871,3.44661223888397,-1.07710056006908
0.312116861343384,0.068675599992275,1.4164761453867,-1.50149232149124,3.289177313447,-1.08943872153759
0.315356492996216,0.068168170750141,1.40007667243481,-1.47779226303101,3.2922156304121,-1.06878323853016
0.300038576126099,0.069472469389439,1.39855371415615,-1.4774806201458,3.19878517091274,-1.06064580380917
0.305148109793663,0.058306459337473,1.37029555439949,-1.41815684735775,3.20118421316147,-1.06831809133291
0.307878643274307,0.054393973201513,1.3429379761219,-1.40092001855373,3.19020983576775,-1.07455617934465
0.287714257836342,0.053442634642124,1.34744398295879,-1.37469148635864,3.07372952997684,-1.0540356785059
0.290375977754593,0.049807585775852,1.32497310638428,-1.35241469740868,3.06722897291183,-1.05356918275356
0.293013498187065,0.04625741392374,1.31144690513611,-1.32526561617851,3.0695278942585,-1.04772113263607
0.269262224435806,0.047325469553471,1.3333412706852,-1.30426771938801,2.94891461730003,-1.02031490206718
0.275041028857231,0.043512936681509,1.28145571053028,-1.29200041294098,2.93170188367367,-1.03092279285193
0.277802750468254,0.0401646271348,1.2590216845274,-1.27143026888371,2.92583818733692,-1.03044250607491
0.251865327358246,0.043713100254536,1.28327189385891,-1.25391851365566,2.79446385800838,-0.991639912128448
0.257473692297935,0.040263649076223,1.25804796814919,-1.22798103094101,2.8028901219368,-0.986399136483669
0.240557417273521,0.045454274863005,1.24370317161083,-1.2417010217905,2.68704767525196,-0.968975372612476
0.238744765520096,0.040576778352261,1.23076278716326,-1.20067429542542,2.66323138028383,-0.957213625311852
0.241186395287514,0.037433061748743,1.21844011545181,-1.17635010182858,2.6655584871769,-0.951751731336117
0.243636250495911,0.034305892884731,1.17847039550543,-1.17216116189957,2.64028789848089,-0.966325804591179
0.246107578277588,0.031231679022312,1.16980484127998,-1.14300814270973,2.64645031094551,-0.955618068575859
0.248512864112854,0.028154216706753,1.15772807598114,-1.11951676011086,2.64880526065826,-0.950591459870338
0.219992756843567,0.028107859194279,1.16079134494066,-1.12219353020191,2.48074788600206,-0.95354637503624
0.225433379411697,0.027608081698418,1.12914241850376,-1.11378709971905,2.48174269497395,-0.948138609528542
0.227237701416016,0.01917988806963,1.11207450926304,-1.07363365590572,2.47550071775913,-0.958554327487946
0.210700482130051,0.017310164868832,1.11646039038897,-1.06238031387329,2.38066328316927,-0.958519324660301
0.215776339173317,0.01417376473546,1.08321967720985,-1.04856373369694,2.37787771224976,-0.963521145284176
0.218148648738861,0.01138449460268,1.07133786007762,-1.02114850282669,2.38022975251079,-0.952841535210609
0.204825937747955,0.011553056538105,1.06817040219903,-1.01433736085892,2.29712602868676,-0.945019021630287
0.202245652675629,0.011590711772442,1.05417630821466,-1.00769558548927,2.26765022426844,-0.938151314854622
0.203704655170441,0.003893174231052,1.04613093659282,-0.966799169778824,2.26835886761546,-0.943440124392509
0.193878471851349,0.003667630255222,1.03712809830904,-0.969485312700272,2.20039892941713,-0.947479531168938
0.193280771374702,-0.00180184841156,1.01935704797506,-0.937264770269394,2.17904167622328,-0.948075860738754
0.195337787270546,-0.004344142973423,1.0090253688395,-0.917443990707397,2.18105209246278,-0.943508848547936
0.197653129696846,-0.004502803087235,0.984667534008622,-0.914902955293655,2.1705863121897,-0.941919773817062
0.199365019798279,-0.00939828902483,0.975735185667872,-0.885845571756363,2.17192530445755,-0.942235305905342
0.180549144744873,-0.009417913854122,0.97660013101995,-0.888625428080559,2.05989499948919,-0.945132911205291
0.184651747345924,-0.014517664909363,0.961182544473559,-0.854646041989327,2.0690930285491,-0.941752031445503
0.178284510970116,-0.014736898243427,0.946273401670624,-0.851903960108757,2.01598046749132,-0.940325349569321
0.17998768389225,-0.019503105431795,0.931367141660303,-0.827493160963059,2.0112932450138,-0.944511793553829
0.181878566741943,-0.022050336003304,0.912954517640173,-0.816226944327354,2.00422591809183,-0.948528960347176
0.183953016996384,-0.022502794861794,0.899778224527836,-0.805084183812141,2.00349632650614,-0.940100952982902
0.185567051172257,-0.027219656854868,0.885631503537297,-0.780985981225967,1.99903381057084,-0.944303922355175
0.18738380074501,-0.029692053794861,0.876662313938141,-0.762764230370521,2.0009651184082,-0.940916553139687
0.189023107290268,-0.031915776431561,0.865440910682082,-0.749344035983086,1.99957955442369,-0.940838694572449
0.158696204423904,-0.032513491809368,0.897851936519146,-0.737145096063614,1.85002916306257,-0.932226046919823
0.157792568206787,-0.034770928323269,0.886769466102123,-0.723164513707161,1.83352487534285,-0.931790083646774
0.155301839113236,-0.036857731640339,0.853911280632019,-0.727006927132607,1.78572231531143,-0.94815331697464
0.153306573629379,-0.036994192749262,0.83989179879427,-0.725601732730866,1.75973124057055,-0.947566889226437
0.150567889213562,-0.041069261729717,0.839715756475925,-0.703664943575859,1.7431230917573,-0.950080513954163
0.152065694332123,-0.043203007429838,0.821047466248274,-0.696798250079155,1.73344163224101,-0.956016294658184
0.145745277404785,-0.045083433389664,0.815532863140106,-0.686882868409157,1.69000452756882,-0.957383468747139
0.143404647707939,-0.046995900571346,0.806321799755096,-0.676851615309715,1.66674968600273,-0.958827018737793
0.145158007740974,-0.04724020883441,0.792384235188365,-0.674192383885384,1.66333228163421,-0.957633636891842
0.138623148202896,-0.050641056150198,0.786404742393643,-0.658107951283455,1.61814363161102,-0.961954288184643
0.134849935770035,-0.050339665263891,0.789721837732941,-0.650887235999107,1.59882145235315,-0.952925227582455
0.137701362371445,-0.054577462375164,0.766203500330448,-0.634189203381538,1.59241167455912,-0.961653977632523
0.139009013772011,-0.056652199476957,0.75865799933672,-0.620316177606583,1.59271208196878,-0.960229374468327
0.140497907996178,-0.056815586984158,0.739105467684567,-0.621808499097824,1.58209291566163,-0.96270202100277
0.141997501254082,-0.05716022849083,0.726783130317926,-0.613353431224823,1.57876813784242,-0.9563148021698
0.143042534589767,-0.062802877277136,0.719861295074225,-0.582962438464165,1.57811650261283,-0.95977970212698
0.144622057676315,-0.062976554036141,0.701426256448031,-0.580271005630493,1.56915860250592,-0.958130329847336
0.120339155197144,-0.064585242420435,0.714889675378799,-0.562943950295448,1.43692460656166,-0.950455404818058
0.121819376945496,-0.066529963165522,0.700758881866932,-0.554392486810684,1.43167514353991,-0.953572265803814
0.116387218236923,-0.067984730005264,0.696717880666256,-0.541013844311237,1.3950411900878,-0.948922224342823
0.11769936978817,-0.069716110825539,0.689619623124599,-0.529301144182682,1.39581584185362,-0.947597809135914
0.118644893169403,-0.071238704025745,0.677373219281435,-0.525149993598461,1.38924257829785,-0.952582217752934
0.119432643055916,-0.072684109210968,0.670223906636238,-0.518594406545162,1.38681976497173,-0.95469906181097
0.119860142469406,-0.073990568518639,0.663660731166601,-0.512630440294743,1.38282158598304,-0.956573851406574
0.120086744427681,-0.075192838907242,0.655149817466736,-0.507120467722416,1.37567028403282,-0.958277501165867
0.119915932416916,-0.076108805835247,0.652780011296272,-0.502204068005085,1.37227560579777,-0.958856903016567
0.09785196185112,-0.074608854949474,0.667374543845654,-0.502938367426395,1.25448631495237,-0.950591497123241
0.094600766897202,-0.074120745062828,0.663252465426922,-0.502755880355835,1.23085706681013,-0.947480350732803
0.094830691814423,-0.072399817407131,0.659760929644108,-0.507418319582939,1.22874508053064,-0.941817224025726
0.095278471708298,-0.07199901342392,0.652443155646324,-0.507925674319267,1.22411398589611,-0.939919754862785
0.089123815298081,-0.070126600563526,0.653005376458168,-0.508705236017704,1.18774826824665,-0.929464839398861
0.089832305908203,-0.07822609692812,0.648464113473892,-0.472901619970799,1.18745794892311,-0.942258201539516
0.090370774269104,-0.0792739354074,0.636871084570885,-0.469917736947537,1.17909573018551,-0.945561349391937
0.086732968688011,-0.078651573508978,0.634897045791149,-0.465107791125774,1.15529485791922,-0.937017232179642
0.086404651403427,-0.078638322651386,0.625303745269775,-0.462990395724773,1.14373165369034,-0.934820331633091
0.086816161870957,-0.078138045966625,0.619467310607433,-0.463136352598667,1.14036428183317,-0.931964628398418
0.087326571345329,-0.08027433604002,0.611924141645432,-0.45296772569418,1.13588356971741,-0.9346137419343
0.087740376591683,-0.0809659473598,0.604584492743015,-0.448443166911602,1.13102675229311,-0.934238851070404
0.082810908555985,-0.079451445490122,0.60171490162611,-0.446982577443123,1.09858035296202,-0.923691250383854
0.080948516726494,-0.079772137105465,0.598594374954701,-0.441889643669128,1.08428547531366,-0.920522466301918
0.078296110033989,-0.078731670975685,0.595244899392128,-0.44322307407856,1.06502155959606,-0.915613099932671
0.075302541255951,-0.080264616757631,0.596992865204811,-0.432004496455193,1.04880811274052,-0.91359219700098
0.072613775730133,-0.080447804182768,0.590399920940399,-0.431761473417282,1.0260825753212,-0.914448298513889
0.073108449578285,-0.08060285076499,0.582260102033615,-0.430655717849731,1.02091079950333,-0.914272822439671
0.07444278895855,-0.080203711986542,0.571805134415627,-0.427054151892662,1.01846186816692,-0.908276423811912
0.075545728206635,-0.080001939088106,0.561842456459999,-0.425925329327583,1.01511682569981,-0.90593696385622
0.070108771324158,-0.077879276126623,0.562107175588608,-0.426997199654579,0.982759803533554,-0.894272856414318
0.070752158761025,-0.078593071550131,0.552983090281487,-0.42165944725275,0.977496042847633,-0.893217876553535
0.070721939206123,-0.078078854829073,0.546862900257111,-0.421300731599331,0.971194535493851,-0.889773860573769
0.071826443076134,-0.079100713133812,0.537261545658112,-0.415628410875797,0.968220204114914,-0.890232689678669
0.070933327078819,-0.078262872993946,0.53347972035408,-0.416017927229404,0.959079682826996,-0.885595165193081
0.072031050920487,-0.078894451260567,0.526257291436195,-0.413190707564354,0.958443596959114,-0.886557415127754
0.072562336921692,-0.079209819436073,0.522928789258003,-0.409136228263378,0.958302810788155,-0.884395144879818
0.071604311466217,-0.078175120055676,0.519997343420982,-0.405880019068718,0.949623212218285,-0.874930739402771
0.071494936943054,-0.077952142804861,0.516090333461762,-0.402035459876061,0.945059955120087,-0.869748316705227
0.071104750037193,-0.077844779938459,0.511151134967804,-0.405473813414574,0.937779635190964,-0.87254249304533
0.07103043794632,-0.077592305839062,0.507023945450783,-0.400976486504078,0.9332065731287,-0.866530321538448
0.071714207530022,-0.07787985354662,0.500997483730316,-0.401499047875404,0.931282728910446,-0.868778169155121
0.072391331195831,-0.078473992645741,0.496731340885162,-0.397116556763649,0.93107932806015,-0.867960512638092
0.072683602571488,-0.078455664217472,0.49248169362545,-0.396561995148659,0.928583309054375,-0.867295980453491
0.069675534963608,-0.076632618904114,0.492367640137672,-0.39796943962574,0.910420849919319,-0.857765153050423
0.070163518190384,-0.076807148754597,0.489022299647331,-0.394546031951904,0.910003408789635,-0.855388924479485
0.0704305768013,-0.076874934136868,0.485657811164856,-0.392909497022629,0.908241271972656,-0.854159101843834
0.071561515331268,-0.077266417443752,0.47953824698925,-0.388600826263428,0.90890733897686,-0.852199330925942
0.071940317749977,-0.07687733322382,0.47586764395237,-0.388107284903526,0.907509550452232,-0.849371284246445
0.069713234901428,-0.073703177273274,0.476216390728951,-0.388982176780701,0.89449580013752,-0.831201240420342
0.06905323266983,-0.072877824306488,0.472970247268677,-0.394508630037308,0.887289643287659,-0.831775575876236
0.069323673844338,-0.072177581489086,0.467719912528992,-0.394949749112129,0.883661955595017,-0.828015238046646
0.069053620100021,-0.071339037269354,0.46438492834568,-0.396232299506664,0.878706648945808,-0.824266523122788
0.069248706102371,-0.071157205849886,0.461517706513405,-0.39492941647768,0.877009943127632,-0.821872651576996
0.068570762872696,-0.06998822465539,0.459433451294899,-0.395542517304421,0.870858028531075,-0.815471865236759
0.068670123815537,-0.069469872862101,1.60397206246853,-1.67570187151432,2.01599280536175,-2.09252110868692
1.09046383202076,0.876763954758644,-1.75262260437012,-5.36382140219212,4.79016038775444,-0.103237673640251
-1.10168580710888,2.95092177391052,0.436874091625214,-7.43448579311371,-6.17324075102806,10.2710448503494
-1.09949393570423,2.94551634788513,0.424762904644012,-7.39612686634064,-6.17220070958138,10.2769712209702
-1.11132271587849,2.94224989414215,0.433069109916687,-7.37829315662384,-6.23486718535423,10.2752062082291
-1.10761077702045,2.93712756037712,0.420985758304596,-7.30237579345703,-6.22467890381813,10.3203895688057
-1.113953307271,2.93881222605705,0.409224450588226,-7.32212913036346,-6.2744953930378,10.3107442259789
-1.12173934280872,2.93772944808006,0.406037449836731,-7.32379257678986,-6.32439860701561,10.3025841116905
-1.13064856827259,2.93348583579063,0.439575850963593,-7.27044713497162,-6.34431555867195,10.3304678797722
-1.13427938520908,2.94227764010429,0.436553716659546,-7.32444369792938,-6.36912259459496,10.3292221426964
-1.13603539764881,2.94433170557022,0.433331668376923,-7.33513689041138,-6.38288071751595,10.33085334301
-1.16117878258228,2.91461366415024,0.497352600097656,-7.25991201400757,-6.46972009539604,10.2277699708939
-1.16893877089024,2.91818004846573,0.536046206951141,-7.26171547174454,-6.47758641839027,10.2473648190498
-1.17347766458988,2.91934072971344,0.544334471225739,-7.26826280355454,-6.49653151631355,10.2477815747261
-1.12854407727718,2.83960172533989,0.391847729682922,-6.92427670955658,-6.37941673398018,10.1133336424828
-1.12829127907753,2.83118134737015,0.381374657154083,-6.89248985052109,-6.3883730173111,10.0945982336998
-1.12854102253914,2.82320487499237,0.416996359825134,-6.82320529222488,-6.3542497754097,10.1160239577293
-1.13926890492439,2.71957790851593,0.430488228797913,-6.72462332248688,-6.40512520074844,9.5928441286087
-1.12508475780487,2.68606102466583,0.400377571582794,-6.62152433395386,-6.35013097524643,9.49484181404114
-1.11798346042633,2.66672778129578,0.396448194980621,-6.60740780830383,-6.31145256757736,9.39295887947083
-1.13085615634918,2.64197504520416,0.48693311214447,-6.55994403362274,-6.29820382595062,9.29190623760223
-1.10499271005392,2.59959945082664,0.423326939344406,-6.44071471691132,-6.20662932097912,9.15688198804855
-1.09445139020681,2.57990679144859,0.40336999297142,-6.42141580581665,-6.16333834826946,9.05802494287491
-1.07376588881016,2.54622089862823,0.380281567573547,-6.32348024845123,-6.0623137652874,8.95384514331818
-1.0695109218359,2.51763302087784,0.37256520986557,-6.19557869434357,-6.04450032114983,8.91021943092346
-1.06704898178577,2.50622349977493,0.378153145313263,-6.12906259298325,-6.02414074540138,8.90827840566635
-1.0345893651247,2.45017129182816,0.330270111560822,-6.06739473342896,-5.87726607918739,8.63363301753998
-1.02355499565601,2.43179541826248,0.352573275566101,-6.01950210332871,-5.78875669836998,8.57127040624619
-1.04175879061222,2.42002049088478,0.41217052936554,-5.96427255868912,-5.83838221430779,8.55585038661957
-1.01985789835453,2.38481560349464,0.423155546188355,-5.90029335021973,-5.69599184393883,8.40860027074814
-1.04011656343937,2.38012647628784,0.493459641933441,-5.87998324632645,-5.74723973870277,8.4007756114006
-0.995242428034544,2.30218812823296,0.411753997206688,-5.64434480667114,-5.55970057100058,8.16878396272659
-0.984855867922306,2.27560678124428,0.420544773340225,-5.58787357807159,-5.48859043419361,8.06576710939407
-0.974059082567692,2.25907257199287,0.424190610647202,-5.55253940820694,-5.42016388475895,8.00189602375031
-0.963432647287846,2.24269512295723,0.427793115377426,-5.51763206720352,-5.35280276834965,7.93853867053986
-0.976764775812626,2.23295238614082,0.481518238782883,-5.49322438240051,-5.37907041609287,7.90448993444443
-0.961654908955097,2.20573064684868,0.451485902070999,-5.35803651809692,-5.31844355165958,7.87634736299515
-0.93006981164217,2.15758869051933,0.429665118455887,-5.30156224966049,-5.15075375139713,7.64396989345551
-0.924797739833593,2.14019796252251,0.399832531809807,-5.22690933942795,-5.14895390719175,7.61427843570709
-0.903093149885535,2.10058283805847,0.364550434052944,-5.15791004896164,-5.05400846526027,7.44558697938919
-0.90657894872129,2.09814217686653,0.414858959615231,-5.12120056152344,-5.02461473271251,7.46765249967575
-0.910283615812659,2.09576177597046,0.443212769925594,-5.09438467025757,-5.01848892495036,7.48018598556519
-0.871885473839938,2.03164687752724,0.392951112240553,-4.95667266845703,-4.83836173079908,7.23320859670639
-0.875855441205204,2.02923539280891,0.382336061447859,-4.95438873767853,-4.87279658578336,7.22102361917496
-0.85618721973151,1.99978688359261,0.354021411389112,-4.92055374383926,-4.78310190699995,7.07816755771637
-0.846552367322147,1.98533883690834,0.386865001171827,-4.87511295080185,-4.69244920276105,7.03692007064819
-0.837016577832401,1.97109308838844,0.381118576973677,-4.85265654325485,-4.64098089002073,6.97390198707581
-0.841648216359317,1.94680562615395,0.436927001923323,-4.78484237194061,-4.61296229623258,6.89599138498306
-0.835388476960361,1.9304316341877,0.447086226195097,-4.74922025203705,-4.56524463556707,6.83336955308914
-0.811249082908034,1.89148807525635,0.362500987946987,-4.57751822471619,-4.50499350950122,6.7714102268219
-0.791590139269829,1.85680085420609,0.342472404241562,-4.51206028461456,-4.40706843137741,6.62874484062195
-0.781337842345238,1.83640334010124,0.323944002389908,-4.46498811244965,-4.36408305168152,6.55343192815781
-0.772494658827782,1.82317993044853,0.310489505529404,-4.44564098119736,-4.32447844743729,6.49343860149384
-0.763764604926109,1.81008860468864,0.340264439582825,-4.40388488769531,-4.24232318997383,6.45664674043655
-0.760439347475767,1.79022246599197,0.333121344447136,-4.31411385536194,-4.22951474040747,6.42722094058991
-0.745586942881346,1.76229992508888,0.333246484398842,-4.26832437515259,-4.14027517288923,6.30547517538071
-0.737032603472471,1.74952462315559,0.319134250283241,-4.25020015239716,-4.10306137055159,6.24694758653641
-0.731658656150103,1.73262169957161,0.292927071452141,-4.17664611339569,-4.09702486544848,6.21908408403397
-0.717073101550341,1.70591327548027,0.318848088383675,-4.11944735050201,-3.98359052091837,6.11603230237961
-0.711128670722246,1.69189551472664,0.327520087361336,-4.08841979503632,-3.93925193697214,6.06295329332352
-0.703678261488676,1.67756314575672,0.292878553271294,-4.02542471885681,-3.92919101566076,6.03995415568352
-0.70239470526576,1.67185126245022,0.310236290097237,-3.98228651285172,-3.90413194149733,6.04882106184959
-0.701197128742933,1.66640383005142,0.299710467457771,-3.95629286766052,-3.90747230499983,6.04213011264801
-0.703214447945356,1.66490322351456,0.327311798930168,-3.93254166841507,-3.89197488874197,6.05687767267227
-0.65924645960331,1.59557998180389,0.281269550323486,-3.82164680957794,-3.67420920729637,5.75183308124542
-0.650140404701233,1.57829956710339,0.278527587652206,-3.77488106489182,-3.62231484055519,5.6949163377285
-0.639648787677288,1.56305286288261,0.269208937883377,-3.73480612039566,-3.56868378818035,5.64351105690002
-0.632194988429546,1.55180630087852,0.261324137449264,-3.71796083450317,-3.53184579312801,5.59287697076798
-0.62484597414732,1.54066118597984,0.263697370886803,-3.69359254837036,-3.48537847399712,5.5503745675087
-0.623513497412205,1.52436228096485,0.252697631716728,-3.6244403719902,-3.4883833527565,5.5217333137989
-0.609026230871677,1.50241573154926,0.25648832321167,-3.58554422855377,-3.39766906201839,5.42895016074181
-0.599860534071922,1.48188681900501,0.248672366142273,-3.52487647533417,-3.35049083828926,5.36644443869591
-0.591772601008415,1.4665010124445,0.233921349048614,-3.4898157119751,-3.31671425700188,5.30919036269188
-0.582177795469761,1.45254147052765,0.235957860946655,-3.44748097658157,-3.25710891187191,5.26776784658432
-0.582740128040314,1.44695550203323,0.247331827878952,-3.41242915391922,-3.24910894036293,5.26930385828018
-0.569106757640839,1.42602008581162,0.235963806509972,-3.38406020402908,-3.17867673933506,5.17206031084061
-0.567040048539639,1.41736303269863,0.234485507011414,-3.33868426084518,-3.16775478422642,5.1654939353466
-0.553713522851467,1.39680157601833,0.21751481294632,-3.31299877166748,-3.10476632416248,5.06781068444252
-0.542147018015385,1.38018998503685,0.209320351481438,-3.25990962982178,-3.04356175661087,5.02123028039932
-0.544098652899265,1.37365907430649,0.225744247436523,-3.22165018320084,-3.03884766995907,5.02030426263809
-0.543678477406502,1.36970393359661,0.226223364472389,-3.19860106706619,-3.03584749996662,5.01962253451347
-0.522114589810371,1.33691355586052,0.203627862036228,-3.14658284187317,-2.929059676826,4.87489849328995
-0.525019571185112,1.33504670858383,0.220489181578159,-3.12910705804825,-2.92962824553251,4.88117319345474
-0.512600347399712,1.31556499004364,0.213787727057934,-3.09956681728363,-2.86181435734034,4.79382312297821
-0.502458095550537,1.29560041427612,0.199566692113876,-3.03706455230713,-2.81518188118935,4.73653793334961
-0.501587674021721,1.29177138209343,0.19491782784462,-3.01522600650787,-2.81460821628571,4.7354022860527
-0.489696428179741,1.27302071452141,0.200062535703182,-2.98017376661301,-2.73811603337526,4.65795052051544
-0.488577648997307,1.26585800945759,0.20347498729825,-2.94032806158066,-2.72799090668559,4.65481999516487
-0.487882673740387,1.26234994828701,0.182053972035646,-2.92880213260651,-2.74524207040668,4.64529755711556
-0.487374365329742,1.25891481339931,0.192669987678528,-2.90094786882401,-2.73157620429993,4.65254101157188
-0.486827090382576,1.25553371012211,0.198070090264082,-2.87643927335739,-2.72289245203137,4.65676298737526
-0.457928970456123,1.20956517755985,0.168873423710465,-2.82327216863632,-2.57870039902627,4.43411889672279
-0.456833302974701,1.20286293327808,0.167903399094939,-2.78761434555054,-2.57309641875327,4.42956325411797
-0.445760548114777,1.1849629431963,0.160258191637695,-2.76073515415192,-2.51430509705096,4.34904250502586
-0.440445721149445,1.17638130486012,0.158138507889817,-2.74342608451843,-2.48453581900685,4.31486174464226
-0.445378959178925,1.17405605316162,0.181367444805801,-2.72540217638016,-2.49090631026775,4.31893414258957
-0.43487948179245,1.15695744752884,0.174258109182119,-2.69971004128456,-2.43501878157258,4.24203464388847
-0.42772875726223,1.14322102069855,0.149117514491081,-2.63610383868217,-2.4172550290823,4.22322228550911
-0.417435511946678,1.12637448310852,0.142634697258472,-2.61051204800606,-2.3619783744216,4.14773485064507
-0.412404999136925,1.11810058355331,0.133734591305256,-2.59807875752449,-2.34069540351629,4.1105247437954
-0.407446727156639,1.10992252826691,0.124950356781483,-2.58588406443596,-2.31973000615835,4.07365110516548
-0.402547940611839,1.10182708501816,0.138939656317234,-2.56055369973183,-2.2763479873538,4.05040881037712
-0.400069460272789,1.08652041852474,0.135743416845799,-2.48924165964127,-2.26467334479094,4.02988085150719
-0.39957283437252,1.08353498578072,0.127275802195072,-2.47488123178482,-2.27016120404005,4.02632868289948
-0.38337630033493,1.05749818682671,0.119389340281487,-2.42863398790359,-2.1808684617281,3.91635513305664
-0.384179010987282,1.05392736196518,0.123820617794991,-2.40760162472725,-2.1812534481287,3.91596254706383
-0.383757904171944,1.05116019397974,0.125638388097286,-2.38846215605736,-2.17690903693438,3.91849900782108
-0.369384482502937,1.02516607940197,0.113531239330769,-2.34636047482491,-2.10277565568686,3.80463600158691
-0.368883013725281,1.02244731783867,0.117601133882999,-2.32603871822357,-2.09569694846869,3.80864518880844
-0.359370321035385,1.00466540455818,0.11259089410305,-2.29098835587502,-2.04363103210926,3.73700407147408
-0.358991861343384,1.00208421051502,0.109757922589779,-2.27567437291145,-2.04419324547052,3.73683089017868
-0.351364821195602,0.986551553010941,0.109232097864151,-2.25008305907249,-1.99895682930946,3.66922625899315
-0.351364821195602,0.986551553010941,0.106376975774765,-2.24644139409065,-2.00181195139885,3.67286792397499
-0.345070332288742,0.970523327589035,0.117314845323563,-2.21389472484589,-1.95310714840889,3.60924524068832
-0.339664727449417,0.962552078068256,0.093273907899857,-2.17815122008324,-1.94471445679665,3.5971612483263
-0.339125573635101,0.960075452923775,0.088470965623856,-2.16442710161209,-1.94628247618675,3.59602561593056
-0.338649734854698,0.957687728106976,0.083944827318192,-2.15109178423882,-1.94795358181,3.59503458440304
-0.322086498141289,0.929325811564922,0.065088659524918,-2.11928457021713,-1.86743032932282,3.4566702991724
-0.31796883046627,0.922266118228436,0.090690836310387,-2.08894976973534,-1.81712214648724,3.44464693963528
-0.316408291459084,0.915061131119728,0.090126305818558,-2.05129399895668,-1.80832344293594,3.43907278776169
-0.315942868590355,0.912782333791256,0.0843885242939,-2.03969740867615,-1.81126868724823,3.43699659407139
-0.315577462315559,0.910563170909882,0.094138160347939,-2.01848918199539,-1.79932661354542,3.4448898434639
-0.299823358654976,0.883559465408325,0.079718634486199,-1.98541763424873,-1.71922151744366,3.31593915820122
-0.295952752232552,0.87683629989624,0.072962865233421,-1.97524678707123,-1.70275364816189,3.28577101230621
-0.291167259216309,0.863881446421146,0.075851708650589,-1.93090268969536,-1.67115184664726,3.25238598883152
-0.292139261960983,0.863154582679272,0.08064316213131,-1.92228528857231,-1.67219240963459,3.25664220750332
-0.282137110829353,0.847496598958969,0.060238286852837,-1.89479395747185,-1.63258437812328,3.19018563628197
-0.283875688910484,0.845946371555328,0.076161116361618,-1.87813070416451,-1.62709301710129,3.19754752516747
-0.282307505607605,0.842452012002468,0.074750423431397,-1.8560203909874,-1.61909461021423,3.19869168102741
-0.282121628522873,0.840471684932709,0.078835040330887,-1.8400209248066,-1.61389473080635,3.20280918478966
-0.267411753535271,0.813245788216591,0.062459707260132,-1.80203291773796,-1.54201081395149,3.07744181156158
-0.267227336764336,0.811263337731361,0.059382200241089,-1.7908627986908,-1.54398182034493,3.07671722769737
-0.266675442457199,0.809196554124355,0.054912924766541,-1.77957871556282,-1.54513972997665,3.07560060918331
-0.257829874753952,0.790342248976231,0.063044011592865,-1.74550446867943,-1.48393523693085,2.99654902517796
-0.252023756504059,0.78190528601408,0.052706211805344,-1.72315928339958,-1.45943632721901,2.9682724326849
-0.252646014094353,0.779378421604633,0.052347391843796,-1.70999890565872,-1.46352869272232,2.96627162396908
-0.245008856058121,0.766518712043762,0.050575375556946,-1.68256422877312,-1.41947776079178,2.91654804348946
-0.247029453516006,0.765421643853188,0.058533787727356,-1.67309966683388,-1.42364293336868,2.91943019628525
-0.24810403585434,0.764873340725899,0.06440344452858,-1.66490161418915,-1.42422077059746,2.92433843016624
-0.245721608400345,0.760789517313242,0.056232929229736,-1.64268983900547,-1.41809672117233,2.92204726487398
-0.233178019523621,0.73626471683383,0.047877013683319,-1.60553123056889,-1.3511911034584,2.81205707043409
-0.233188182115555,0.734659038484097,0.041294991970062,-1.59802049398422,-1.35783410072327,2.80993373692036
-0.227110117673874,0.723517648875713,0.041210621595383,-1.57781627774239,-1.32145008444786,2.76328961551189
-0.229247391223907,0.722415454685688,0.050881296396256,-1.56772762537003,-1.32460305094719,2.7667651027441
-0.221130460500717,0.707732379436493,0.04019695520401,-1.53452682495117,-1.28658580780029,2.71186745166779
-0.22108893096447,0.706125251948833,0.043968409299851,-1.52097207307816,-1.28256517648697,2.71577943861485
-0.221101686358452,0.704473156481981,0.035851985216141,-1.51471291482449,-1.29075813293457,2.7121260240674
-0.221145778894424,0.70283418148756,0.041644215583801,-1.49970817565918,-1.28523045778275,2.71729691326618
-0.209673255681992,0.681657932698727,0.027191042900086,-1.47622808814049,-1.23084849119186,2.61371950805187
-0.209611445665359,0.678578477352858,0.03505477309227,-1.45391772687435,-1.22261390089989,2.61755313724279
-0.209608018398285,0.677064970135689,0.034181177616119,-1.44367945194244,-1.22346693277359,2.61871036887169
-0.209650218486786,0.675520893186331,0.035619169473648,-1.43214260041714,-1.22228214144707,2.62098275870085
-0.197915464639664,0.654064122587442,0.018256455659866,-1.40573950111866,-1.16923633217812,2.51864523440599
-0.198769122362137,0.651834987103939,0.027114272117615,-1.38828548789024,-1.16550046205521,2.52272443473339
-0.19637343287468,0.642649222165346,0.023322880268097,-1.37092344462872,-1.15491771697998,2.48497188836336
-0.197156488895416,0.640560783445835,0.027681708335877,-1.35733211040497,-1.15525722503662,2.48603259027004
-0.196586608886719,0.631916455924511,0.030813753604889,-1.34167817234993,-1.14870589971542,2.44982056319714
-0.195676565170288,0.629658989608288,0.02831307053566,-1.32734432816505,-1.14574632048607,2.45060960948467
-0.194059863686562,0.620560012757778,0.029428094625473,-1.30758187174797,-1.1349310874939,2.4157782047987
-0.194006741046906,0.61912764981389,0.028430968523026,-1.2979758232832,-1.13560947775841,2.41679007560015
-0.191523060202599,0.610573381185532,0.028419256210327,-1.27838808298111,-1.12071910500526,2.38505220413208
-0.191467940807343,0.609172951430082,0.027252852916718,-1.26887382566929,-1.12155479192734,2.38616388291121
-0.188852459192276,0.600713796913624,0.021451890468597,-1.25405451655388,-1.11166286468506,2.35022826492786
-0.186699509620667,0.596474468708038,0.013667404651642,-1.24515697360039,-1.10652965307236,2.33368983864784
-0.186228841543198,0.591126967221499,0.02356743812561,-1.22363556921482,-1.09380561113358,2.32312623411417
-0.184891313314438,0.58775495365262,0.019461929798126,-1.21802650392056,-1.0898859500885,2.30850321799517
-0.184987246990204,0.583163175731897,0.028329282999039,-1.20190833508968,-1.08159419894218,2.2970707193017
-0.18212565779686,0.577091868966818,0.021432101726532,-1.18261602520943,-1.07132184505463,2.27993518859148
-0.180015429854393,0.573218751698732,0.019302845001221,-1.17053857445717,-1.06078973412514,2.26877393573523
-0.180788174271584,0.571141414344311,0.021208912134171,-1.15951129794121,-1.06352013349533,2.26733718812466
-0.180812567472458,0.569819875061512,0.01849702000618,-1.15241853892803,-1.06637838482857,2.26650071144104
-0.180872946977615,0.568560648709536,0.022811651229858,-1.14039885997772,-1.06242603063583,2.27096503227949
-0.180796951055527,0.567357391119003,0.020017862319946,-1.13386127352715,-1.06476384401321,2.27028307318687
-0.174742996692658,0.551847118884325,0.019225656986237,-1.106884136796,-1.02923232316971,2.20419857650995
-0.17475913465023,0.550696272403002,0.021366655826569,-1.09666484594345,-1.02718815207481,2.20751278847456
-0.17143988609314,0.544534897431731,0.012598693370819,-1.08683187514544,-1.01604062318802,2.18037750944495
-0.172383680939674,0.542879164218903,0.018438875675202,-1.07449743151665,-1.01586320996284,2.18277755379677
-0.17258158326149,0.541798163205385,0.021226912736893,-1.06434924900532,-1.01426258683205,2.18643973022699
-0.167724788188934,0.533396318554878,0.009168386459351,-1.0524916946888,-0.997180342674255,2.14788621664047
-0.16865199804306,0.531793773174286,0.01049554347992,-1.04437960684299,-1.00141644477844,2.14638303220272
-0.167113304138184,0.526929229497909,0.008480727672577,-1.03343549370766,-0.994199097156525,2.1281398832798
-0.165359824895859,0.523345312103629,0.003811329603195,-1.02127965539694,-0.988347619771957,2.11879221722484
-0.164400056004524,0.520336490124464,0.002056241035461,-1.01172986626625,-0.984344094991684,2.11028907448053
-0.166929498314857,0.517711829394102,0.006226480007172,-1.00224676728249,-0.995350509881973,2.10402420908213
-0.166918188333511,0.516645582392812,0.00484836101532,-0.996252842247486,-0.996660768985748,2.10362065210938
-0.166913777589798,0.515557181090117,0.008304595947266,-0.982693761587143,-0.993178069591522,2.11064932495356
-0.163877725601196,0.506069323047996,0.001725375652313,-0.970868609845638,-0.981540977954864,2.06554732844234
-0.163814067840576,0.50394987128675,0.003565788269043,-0.963172920048237,-0.979318618774414,2.06052630767226
-0.163898468017578,0.501087127253413,0.004139840602875,-0.948685713112354,-0.979250967502594,2.05783705040812
-0.163913249969482,0.496612323448062,0.005481243133545,-0.939507625997066,-0.97799825668335,2.04016631469131
-0.163642585277557,0.493727056309581,0.006439626216888,-0.931039623916149,-0.975415885448456,2.03132271394134
-0.162142544984818,0.492287859320641,0.001420378684998,-0.923449948430061,-0.971434891223908,2.03027720749378
-0.161875456571579,0.491471271961927,0.000481635332108,-0.91419306397438,-0.970771104097366,2.03463456779718
-0.161580383777618,0.490550141781568,0.000712960958481,-0.909025281667709,-0.96876934170723,2.0342755690217
-0.161129742860794,0.489655625075102,-0.001748353242874,-0.899941742420197,-0.968526810407638,2.03799200803041
-0.161296844482422,0.489127289503813,0.000730156898499,-0.895135208964348,-0.967050909996033,2.03962852805853
-0.161445111036301,0.488610561937094,0.002431482076645,-0.890683740377426,-0.966239184141159,2.04097963124514
-0.161625027656555,0.488081123679876,0.004488199949265,-0.888107225298882,-0.965261965990066,2.04037951678038
-0.16208216547966,0.473966609686613,0.00469246506691,-0.868709087371826,-0.96780052781105,1.97509057074785
-0.164096862077713,0.472338806837797,0.009626984596252,-0.865563675761223,-0.974954187870026,1.96846916526556
-0.163245409727097,0.470789274200797,0.009201288223267,-0.856520719826221,-0.970271170139313,1.96821492537856
-0.162770390510559,0.470126604661346,0.009713500738144,-0.850903816521168,-0.966908842325211,1.96985581144691
-0.167647302150726,0.465695863589644,0.015607595443726,-0.847400777041912,-0.990276217460632,1.94677440449595
-0.169087648391724,0.464315807446837,0.017971903085709,-0.844235979020596,-0.996553987264633,1.94165886566043
-0.169589012861252,0.462654167786241,0.022137701511383,-0.834957279264927,-0.995396375656128,1.94096772745252
-0.169763892889023,0.462117144837976,0.024161577224732,-0.831685550510883,-0.994421780109406,1.94101731851697
-0.173825472593308,0.458010414615274,0.024599373340607,-0.829321779310703,-1.01835346221924,1.91874070838094
-0.175448417663574,0.455703360959888,0.032356679439545,-0.818167202174663,-1.0203338265419,1.91605296358466
-0.176094472408295,0.455192951485515,0.03336238861084,-0.815702863037586,-1.02320444583893,1.9154548458755
-0.175921350717545,0.454641472548246,0.033885955810547,-0.810491397976875,-1.02164214849472,1.9173574373126
-0.175828665494919,0.454163860529661,0.034190505743027,-0.805731579661369,-1.02078148722649,1.9192515835166
-0.176115602254868,0.453856835141778,0.03139391541481,-0.806044153869152,-1.0252996981144,1.91709685698152
-0.175874382257462,0.448369393125176,0.029704719781876,-0.797582067549229,-1.02554157376289,1.89263429120183
-0.173935204744339,0.448426712304354,0.023786038160324,-0.79778416454792,-1.01982519030571,1.8927761092782
-0.172441631555557,0.448424238711596,0.020795494318009,-0.794633612036705,-1.01385429501534,1.89591182023287
-0.173994779586792,0.447330420836806,0.027076214551926,-0.787351213395596,-1.01689246296883,1.89663131162524
-0.174442410469055,0.447186408564448,0.028599053621292,-0.783657766878605,-1.01805540919304,1.89946068450809
-0.167693823575973,0.448676146566868,0.020633548498154,-0.78338710963726,-0.985529392957687,1.90866976976395
-0.165683001279831,0.449049420654774,0.011885941028595,-0.785916104912758,-0.982212066650391,1.90838041901588
-0.16741070151329,0.447521664202213,0.017149388790131,-0.778015479445457,-0.987314820289612,1.90711450576782
-0.163056194782257,0.448462082073092,0.009888708591461,-0.77974883466959,-0.968448460102081,1.91102365776896
-0.163331240415573,0.448315469548106,0.011342436075211,-0.776643522083759,-0.968645006418228,1.91324929520488
-0.163710087537766,0.448109779506922,0.009303599596024,-0.775484591722488,-0.972956925630569,1.91317408531904
-0.163992524147034,0.447787020355463,0.008534401655197,-0.773471638560295,-0.975420743227005,1.91325048357248
-0.157125949859619,0.446286860853434,-0.000726044178009,-0.770169243216515,-0.943481743335724,1.90755192190409
-0.158212691545486,0.445830572396517,0.001246064901352,-0.767363235354424,-0.948030084371567,1.90762019902468
-0.154638677835464,0.445265281945467,-0.00408735871315,-0.766050040721893,-0.931919425725937,1.90554165095091
-0.152867704629898,0.444570977240801,-0.007833749055862,-0.764603570103645,-0.925039976835251,1.90282229334116
-0.153796792030335,0.443786416202784,-0.00444221496582,-0.757801085710526,-0.927222967147827,1.90491741150618
-0.154098480939865,0.44359714910388,-0.006985366344452,-0.757392421364784,-0.931576251983643,1.9041904732585
-0.154716908931732,0.443195443600416,-0.006793707609177,-0.753724582493305,-0.93509516119957,1.90544807910919
-0.154888302087784,0.443305764347315,-0.006449371576309,-0.751497089862824,-0.935779184103012,1.90833749622107
-0.145457834005356,0.439917553216219,-0.018025934696198,-0.74687086045742,-0.890772938728333,1.89263445883989
-0.145500153303146,0.439912972971797,-0.017852783203125,-0.744836620986462,-0.890853703022003,1.89464121684432
-0.1458720266819,0.439779518172145,-0.016041725873947,-0.741396211087704,-0.891273885965347,1.89728089794517
-0.146610081195831,0.439382834360004,-0.018965691328049,-0.741083204746246,-0.898626178503037,1.89521380141377
-0.147373497486115,0.439866300672293,-0.015174746513367,-0.740705415606499,-0.899415731430054,1.89849238842726
-0.141314834356308,0.436600646004081,-0.020922720432282,-0.736739613115788,-0.868811726570129,1.8828642629087
-0.141499102115631,0.43577984534204,-0.027439415454865,-0.739437244832516,-0.876434028148651,1.87524182721972
-0.143639415502548,0.434881996363401,-0.018432259559631,-0.733761988580227,-0.880268752574921,1.87552998960018
-0.145412892103195,0.431716099381447,-0.017997562885285,-0.732130765914917,-0.890474915504456,1.85816583037376
-0.1465864777565,0.43012735247612,-0.014448940753937,-0.727099910378456,-0.893967807292938,1.85366420447826
-0.146933794021606,0.428451687097549,-0.017032653093338,-0.725309379398823,-0.898635417222977,1.84540074318647
-0.147490084171295,0.426901191473007,-0.017809480428696,-0.723029360175133,-0.902749985456467,1.83837778866291
-0.149897426366806,0.425632860511541,-0.010869681835175,-0.721896648406982,-0.910254240036011,1.83190051466227
-0.151146113872528,0.424223875626922,-0.009186327457428,-0.720485955476761,-0.916063010692596,1.82485729828477
-0.151692122220993,0.424388572573662,-0.008256316184998,-0.719751469790936,-0.918409049510956,1.82657996565104
-0.152394115924835,0.424687493592501,-0.007536590099335,-0.720760405063629,-0.921901285648346,1.82736455649138
-0.153094440698624,0.424264568835497,-0.006409466266632,-0.71675481647253,-0.924976110458374,1.82883259654045
-0.152363389730454,0.420997023582459,-0.003945171833038,-0.71403544396162,-0.918125510215759,1.81194669753313
-0.153018176555634,0.420594900846481,-0.005214095115662,-0.713668219745159,-0.923323154449463,1.80990118533373
-0.15368115901947,0.420165941119194,-0.003783315420151,-0.7091398909688,-0.925870269536972,1.81185575574636
-0.151164829730988,0.41740594804287,-0.006146371364594,-0.703324556350708,-0.913135349750519,1.80111113190651
-0.15256130695343,0.419195841997862,0.000109553337097,-0.7078957259655,-0.915258288383484,1.80727932602167
-0.153240501880646,0.419372640550137,-0.003767013549805,-0.710948124527931,-0.923210024833679,1.80528771877289
-0.153926730155945,0.419650558382273,-0.001023828983307,-0.709012784063816,-0.924584209918976,1.80889056622982
-0.151210963726044,0.416463259607554,0.239146202802658,-2.08346091210842,-0.668119579553604,0.4153186455369
2.09972506761551,-0.907601740211248,-1.34274968504906,-0.035368397831917,11.255600720644,-5.48097883909941
1.68156415969133,-0.418596025556326,0.326973438262939,-1.99076576530933,10.4163583964109,-4.50234191864729
1.68189185112715,-0.416748877614737,0.317174971103668,-1.99512334167957,10.4085260778666,-4.49561660736799
1.20776631683111,0.167661190032959,0.51653453707695,-5.42512369155884,7.76313243806362,-4.41915655136108
1.22224297374487,0.198868751525879,0.486938983201981,-5.46025276184082,7.8203968256712,-4.26704025268555
1.21808563172817,0.185886383056641,0.492036461830139,-5.40009605884552,7.80055025219917,-4.28477776050568
1.22963510453701,0.199937343597412,0.467161655426025,-5.40645909309387,7.84497228264809,-4.2068350315094
1.22669633477926,0.189837217330933,0.463604003190994,-5.35829436779022,7.82378201186657,-4.21927106380463
1.23756321519613,0.194374561309814,0.467076450586319,-5.29950165748596,7.89245574176312,-4.13325428962708
1.23445583879948,0.184583723545074,0.460956513881683,-5.25245070457459,7.86769154667854,-4.14494836330414
1.23346902430058,0.179739236831665,0.44516909122467,-5.22499799728394,7.84598323702812,-4.14656257629395
1.25869686901569,0.149126470088959,0.398799300193787,-5.03804349899292,7.95098051428795,-4.14328467845917
1.26184061914682,0.137427926063538,0.36225351691246,-4.9768203496933,7.9332972317934,-4.15225279331207
1.26704557985067,0.121602416038513,0.341409653425217,-4.87462222576141,7.94368313252926,-4.14500772953033
1.26788648217916,0.106265783309937,0.314847975969315,-4.84495389461517,7.9221668690443,-4.20735919475555
1.26756551116705,0.091883420944214,0.286033481359482,-4.7971755862236,7.89142654836178,-4.24587506055832
1.27446535974741,0.070393919944763,0.234561234712601,-4.70259594917297,7.88135339319706,-4.28023242950439
1.27687667310238,0.057773232460022,0.244336426258087,-4.58016669750214,7.90559646487236,-4.233527302742
1.27765126526356,0.050162076950073,0.240922570228577,-4.51369708776474,7.90683016180992,-4.2127246260643
1.27801612764597,0.046547412872315,0.197597473859787,-4.49422574043274,7.8656942397356,-4.21494126319885
1.23765879124403,0.01210618019104,0.223605245351791,-4.42630243301392,7.64955799281597,-4.35366535186768
1.23765879124403,0.01210618019104,0.07503804564476,-4.37158423662186,7.50099079310894,-4.29894715547562
1.14296536892653,0.002741813659668,0.228978008031845,-4.23227834701538,7.086770221591,-4.21582746505737
1.13622032850981,-0.022642761468887,0.227561861276627,-4.11359965801239,7.04488383233547,-4.24945622682571
1.13465533405542,-0.026089191436768,0.219503611326218,-4.07573676109314,7.02743561565876,-4.23227190971375
1.13309893757105,-0.029176771640778,0.202046126127243,-4.05421358346939,7.00063975155354,-4.22927421331406
1.13836490362883,-0.065865814685822,0.157443910837173,-3.89830416440964,6.98763333261013,-4.29349905252457
1.13750682026148,-0.070904850959778,0.15063664317131,-3.86259359121323,6.97567756474018,-4.28802269697189
1.04882393032312,-0.044042110443115,0.203261524438858,-3.88681483268738,6.4962051063776,-4.15106749534607
1.04706203937531,-0.052398204803467,0.187385022640228,-3.84447467327118,6.46975725889206,-4.15886390209198
1.0461181551218,-0.056432157754898,0.168574452400208,-3.81944495439529,6.44528338313103,-4.15803790092468
1.00548054277897,-0.038417607545853,0.259458482265472,-3.71890813112259,6.29234173893929,-3.94941377639771
1.00465367734432,-0.045259296894074,0.262301623821259,-3.66278970241547,6.29022368788719,-3.93434548377991
0.976379424333572,-0.034322142601013,0.256637930870056,-3.65541225671768,6.11491447687149,-3.86134511232376
0.977657251060009,-0.03873947262764,0.25039353966713,-3.61043804883957,6.11633704602718,-3.84287488460541
0.975709669291973,-0.042133122682571,0.25711652636528,-3.56989461183548,6.11137454211712,-3.82269334793091
0.973037011921406,-0.045618027448654,0.266757994890213,-3.52927798032761,6.10498006641865,-3.80298614501953
0.922061212360859,-0.017902702093124,0.260464161634445,-3.56472766399384,5.7928314357996,-3.67214387655258
0.918835319578648,-0.021824300289154,0.26853534579277,-3.51535320281982,5.78154726326466,-3.64629900455475
0.894347824156284,-0.008059442043304,0.280647844076157,-3.50814205408096,5.64673478901386,-3.55649870634079
0.891061775386333,-0.011748611927033,0.281455934047699,-3.4726739525795,5.6278265863657,-3.54316562414169
0.867710821330547,0.001670837402344,0.284886837005615,-3.47770011425018,5.4911517649889,-3.46767508983612
0.85621701925993,0.008336007595062,0.292073935270309,-3.45199453830719,5.42937605082989,-3.40197849273682
0.845033280551434,0.014912247657776,0.291461408138275,-3.43827086687088,5.36166109144688,-3.34879738092422
0.831842198967934,0.001167893409729,0.343212753534317,-3.35896271467209,5.33426594734192,-3.35195535421371
0.829957187175751,-0.000919073820114,0.320864945650101,-3.34693646430969,5.30060806870461,-3.35245090723038
0.828487545251846,-0.002135872840881,0.307819068431854,-3.33395260572433,5.27874433994293,-3.34676784276962
0.785012513399124,0.023614645004273,0.332547962665558,-3.35159766674042,5.0426230430603,-3.20990979671478
0.774278074502945,0.030002355575562,0.324672043323517,-3.34999096393585,4.97034049034119,-3.16997683048248
0.763126850128174,0.036145508289337,0.366981983184814,-3.28708401322365,4.94574308395386,-3.07021096348763
0.756826035678387,0.031351357698441,0.363698989152908,-3.26421961188316,4.90465520322323,-3.07611146569252
0.757232889533043,0.031870305538178,0.344151020050049,-3.25851985812187,4.88754835724831,-3.06729802489281
0.727362975478172,0.049935162067413,0.377158373594284,-3.23580694198608,4.74133622646332,-2.9361959695816
0.717456802725792,0.055969178676605,0.386231124401093,-3.21944782137871,4.69097194075584,-2.88363274931908
0.707919225096703,0.061788856983185,0.368662148714066,-3.22161373496056,4.61617749929428,-2.85088059306145
0.707890920341015,0.060453742742539,0.364645332098007,-3.18776386976242,4.6119908541441,-2.82504141330719
0.6893694922328,0.071888893842697,0.366281896829605,-3.19163233041763,4.5024988502264,-2.76029896736145
0.688607797026634,0.072209089994431,0.352627873420715,-3.18541198968887,4.48427465558052,-2.75215744972229
0.670331344008446,0.083403795957565,0.354398369789124,-3.18916285037994,4.3763864338398,-2.68874007463455
0.669347703456879,0.083324313163757,0.376656919717789,-3.1373864710331,4.39274314045906,-2.63744059205055
0.650814220309258,0.093800246715546,0.372410774230957,-3.14285442233086,4.2772960960865,-2.58005294203758
0.641084790229797,0.098894745111466,0.369062572717667,-3.13970458507538,4.21557131409645,-2.54633611440659
0.639918118715286,0.098554641008377,0.35789629817009,-3.13111075758934,4.19740501046181,-2.53978291153908
0.63865639269352,0.098145127296448,0.371918499469757,-3.08266735076904,4.20385685563087,-2.49379658699036
0.613385573029518,0.113651871681213,0.396270960569382,-3.07804772257805,4.07658439874649,-2.39613649249077
0.611284896731377,0.112014412879944,0.403701484203339,-3.05186328291893,4.0714108645916,-2.37977680563927
0.610721781849861,0.111321628093719,0.404978424310684,-3.02969869971275,4.06930911540985,-2.36176893115044
0.586171701550484,0.126323461532593,0.394293487071991,-3.03785911202431,3.91132369637489,-2.27991834282875
0.586854204535484,0.125022113323212,0.382127106189728,-3.01668602228165,3.90325233340263,-2.26655334234238
0.571185156702995,0.134643018245697,0.38319855928421,-3.01936900615692,3.81030949950218,-2.21151089668274
0.572501018643379,0.135612636804581,0.363545686006546,-3.01634532213211,3.79855179786682,-2.20266950130463
0.558687999844551,0.145473092794418,0.358735412359238,-3.02090033888817,3.71086341142654,-2.14806178212166
0.55119164288044,0.150031536817551,0.352239668369293,-3.01862218976021,3.65938952565193,-2.1184329688549
0.548774525523186,0.150199145078659,0.347982168197632,-3.01248502731323,3.64062932133675,-2.11129015684128
0.534178540110588,0.15910616517067,0.34883838891983,-3.01469805836678,3.55390962958336,-2.06006106734276
0.537447705864906,0.160960733890533,0.367340430617332,-2.95037595927715,3.59202666580677,-1.98461155593395
0.5231923609972,0.169561982154846,0.360514715313911,-2.95494939386845,3.49966888129711,-1.93757750093937
0.516196981072426,0.173817336559296,0.371987611055374,-2.93300230801105,3.46916949748993,-1.89009828865528
0.509344175457954,0.177877604961395,0.35825252532959,-2.93290720880032,3.41431757807732,-1.86564157903194
0.502531602978706,0.182004392147064,0.361768826842308,-2.91404087841511,3.37695844471455,-1.82201452553272
0.508255019783974,0.184779584407806,0.337947085499763,-2.90827149152756,3.38747720420361,-1.79959398508072
0.509618535637856,0.185322701931,0.326872736215591,-2.90177011489868,3.38458395004272,-1.78983390331268
0.509402304887772,0.185546159744263,0.301104247570038,-2.90089231729507,3.35751807689667,-1.7876153588295
0.509232625365257,0.185820192098618,0.303233847022057,-2.87171828746796,3.3586295992136,-1.75679713487625
0.476400479674339,0.20552197098732,0.330621629953384,-2.88296237587929,3.18902450799942,-1.64983054995537
0.476223558187485,0.20600238442421,0.312433168292046,-2.88070286810398,3.16977451741695,-1.64468856155872
0.486103773117065,0.206960439682007,0.281213104724884,-2.85288782417774,3.19783574342728,-1.6111251860857
0.467335879802704,0.218111395835876,0.285994425415993,-2.85205911099911,3.09000970423222,-1.54339073598385
0.46737177670002,0.218669235706329,0.278417870402336,-2.84059132635593,3.08264853060246,-1.52857591211796
0.467403873801231,0.218916952610016,0.271074026823044,-2.82800072431564,3.07549726963043,-1.51449900865555
0.467560395598412,0.219224900007248,0.263337567448616,-2.81576973199844,3.06869994103909,-1.50042033195496
0.456354834139347,0.232982724905014,0.225271284580231,-2.82266969978809,2.96340028941631,-1.42477335035801
0.459444843232632,0.232878774404526,0.210073232650757,-2.80162672698498,2.96674229204655,-1.40435408055782
0.459653548896313,0.233024746179581,0.202458083629608,-2.78903485834599,2.96037937700748,-1.3908863812685
0.45990514010191,0.233146280050278,0.194731876254082,-2.77644021064043,2.95416271686554,-1.37756253033876
0.4369982406497,0.246420234441757,0.216844230890274,-2.77507947385311,2.83883367478848,-1.29655806720257
0.437573559582233,0.246549695730209,0.198255345225334,-2.77144268155098,2.82369670271873,-1.29214450716972
0.451608993113041,0.244082391262054,0.137464575469494,-2.7541711628437,2.84711853414774,-1.28967681527138
0.45427680015564,0.243379175662994,0.122474014759064,-2.72625059634447,2.8481348156929,-1.2659755423665
0.456802435219288,0.242516845464706,0.102363578975201,-2.71711751818657,2.84317819029093,-1.26201644539833
0.429576404392719,0.258003264665604,0.127323150634766,-2.71319550275803,2.70478157699108,-1.1651759147644
0.432023078203201,0.255609899759293,0.111424386501312,-2.69120317324996,2.70356285572052,-1.1575437746942
0.430832341313362,0.255057483911514,0.110221803188324,-2.67667762935162,2.6952158510685,-1.14633272588253
0.429790750145912,0.254478633403778,0.108463749289513,-2.66220397129655,2.68720825016499,-1.13533217087388
0.428706720471382,0.253905147314072,0.106958478689194,-2.64785173162818,2.67919880151749,-1.12442084774375
0.430542588233948,0.249557077884674,0.093827359378338,-2.61853976547718,2.67708288878202,-1.12119729816914
0.398431017994881,0.266043901443481,0.123783744871616,-2.6211102725938,2.5143698528409,-1.02484686393291
0.397660873830318,0.262934327125549,0.126238659024239,-2.59564403537661,2.51220390200615,-1.01803807262331
0.396214134991169,0.260785639286041,0.131417229771614,-2.57418552081799,2.50870203971863,-1.00947168510174
0.394378900527954,0.25837716460228,0.123251020908356,-2.55566349020228,2.48952442407608,-1.0054005025886
0.392195083200932,0.255539894104004,0.12312700599432,-2.53898935532197,2.47629750519991,-1.00574999069795
0.389964610338211,0.253015756607056,0.134829290211201,-2.51023678481579,2.47461695224047,-0.992142245173454
0.360284574329853,0.267129063606262,0.166833765804768,-2.50794130563736,2.32854121178389,-0.905166923999786
0.355591781437397,0.26959228515625,0.153398420661688,-2.50746903847903,2.28694910928607,-0.88991532754153
0.351161308586597,0.271908521652222,0.149399518966675,-2.50466864695773,2.25636737048626,-0.873217517044395
0.343431740999222,0.262993514537811,0.172072999179363,-2.46389772323892,2.23266344517469,-0.885936636012048
0.342182397842407,0.261788994073868,0.181537568569183,-2.43056972883642,2.23463195562363,-0.85983576439321
0.329314887523651,0.268301755189896,0.186329938471317,-2.43200298584998,2.16221926361322,-0.822192454710603
0.320116497576237,0.263565510511398,0.202382616698742,-2.40158627182245,2.12308160215616,-0.820193208754063
0.315989352762699,0.26565745472908,0.198613081127405,-2.3987191747874,2.0945491977036,-0.804774446412921
0.308301895856857,0.262657970190048,0.221409305930138,-2.35329902917147,2.07122068107128,-0.777351208031178
0.307281821966171,0.261786103248596,0.220703918486834,-2.33938532322645,2.06439485028386,-0.768668703734875
0.29803454130888,0.262614697217941,0.233364691957831,-2.32004114240408,2.02157193981111,-0.744352959096432
0.295275941491127,0.259413421154022,0.243880491703749,-2.29626828059554,2.01553614065051,-0.739787753671408
0.293555989861488,0.25699707865715,0.250232642516494,-2.27576804533601,2.01156858168542,-0.733785573393106
0.291907139122486,0.254568338394165,0.256184083409607,-2.25543354451656,2.00762691814452,-0.728023514151573
0.275713182985783,0.261431127786636,0.250294083729386,-2.25868820399046,1.90457318164408,-0.690101437270641
0.273566395044327,0.2574682533741,0.256789279170334,-2.22804065793753,1.8981876494363,-0.683231137692928
0.272204674780369,0.254963308572769,0.261765869800001,-2.20759055018425,1.89499391848221,-0.677810698747635
0.270718023180962,0.252649545669556,0.259162507485598,-2.18973557651043,1.88347064657137,-0.673838302493095
0.269366674125195,0.250205636024475,0.260007722361479,-2.17041831463575,1.87620776711265,-0.669184498488903
0.267968542873859,0.247809052467346,0.265101967379451,-2.15076377987862,1.87291322462261,-0.663909465074539
0.267323903739452,0.247006386518478,0.256825211457908,-2.14379534125328,1.86076863389462,-0.66175702214241
0.24187421053648,0.259211510419846,0.275400052778423,-2.15155673772097,1.7266453159973,-0.596287675201893
0.237275637686253,0.26034551858902,0.283580577000976,-2.13259634375572,1.70723440311849,-0.570523232221603
0.232561767101288,0.256751328706741,0.285943739116192,-2.10915298759937,1.68131434172392,-0.568645015358925
0.232008367776871,0.255497545003891,0.290050497278571,-2.08985122293234,1.6821007039398,-0.556865952908993
0.231391534209251,0.254279166460037,0.284548511728644,-2.0768640935421,1.67289771698415,-0.551189094781876
0.221758231520653,0.258926063776016,0.289942001923919,-2.07286897301674,1.62049139104784,-0.519312590360642
0.218405589461327,0.258396327495575,0.293314054608345,-2.05710040032864,1.6037475913763,-0.506722435355186
0.213796071708202,0.25845342874527,0.292626693844795,-2.04946660995483,1.57540312409401,-0.498746037483215
0.210042133927345,0.258898198604584,0.296678781509399,-2.03415361046791,1.55693158507347,-0.480764418840408
0.206414505839348,0.259864300489426,0.29828168451786,-2.02541001141071,1.53676871955395,-0.466224208474159
0.202543541789055,0.259778290987015,0.30090681836009,-2.01268976926804,1.51616806909442,-0.454020023345947
0.199684485793114,0.257358431816101,0.311839118599892,-1.99423342943192,1.50994603335857,-0.450082838535309
0.193903729319572,0.259974241256714,0.308296795934439,-1.99333715438843,1.47171917185187,-0.433491706848145
0.189416475594044,0.260181784629822,0.311876647174358,-1.98646380007267,1.44837550073862,-0.425373092293739
0.186711430549622,0.257781058549881,0.322931382805109,-1.96056881546974,1.44319996610284,-0.413882464170456
0.185575075447559,0.256456166505814,0.321683920919895,-1.9513445943594,1.43513437360525,-0.412607595324516
0.184542566537857,0.255196571350098,0.324139542877674,-1.93441550433636,1.43139494210482,-0.403236076235771
0.183981969952583,0.254732221364975,0.322556253522634,-1.92488956451416,1.42644807323813,-0.39649623632431
0.183109879493713,0.252909123897552,0.320389986038208,-1.91375088691711,1.41904926300049,-0.396296143531799
0.182643346488476,0.251955449581146,0.323680803179741,-1.89795444905758,1.4195408821106,-0.386221751570702
0.182574383914471,0.251278847455978,0.317078895866871,-1.88812063634396,1.4125251993537,-0.380447551608086
0.160857938230038,0.260923892259598,0.335113884415478,-1.89034716784954,1.3002615137957,-0.324803814291954
0.158207200467587,0.262095659971237,0.334125246386975,-1.88418187201023,1.28336844919249,-0.311607912182808
0.155644714832306,0.259028404951096,0.343874316196889,-1.86408632993698,1.27774260519072,-0.309915900230408
0.150243744254112,0.260386288166046,0.342773877549916,-1.85977822542191,1.24423634307459,-0.297460496425629
0.149107292294502,0.259350717067718,0.348571822512895,-1.84436269104481,1.24321557627991,-0.288258388638496
0.14714227616787,0.258238464593887,0.34995704703033,-1.83312673866749,1.23281070403755,-0.283695951104164
0.145248696208,0.2571841776371,0.357006451115012,-1.82144549489021,1.22849862836301,-0.278340429067612
0.134904161095619,0.26022857427597,0.37016717903316,-1.81411358714104,1.17959214560688,-0.252742141485214
0.131936118006706,0.260305136442184,0.36404737457633,-1.80864158272743,1.15566408261657,-0.246810764074326
0.131447903811932,0.259344398975372,0.364213662222028,-1.79442289471626,1.15290108509362,-0.238356500864029
0.126619204878807,0.260350227355957,0.367145109921694,-1.78600463271141,1.12686033919454,-0.223903268575668
0.12408672273159,0.260992020368576,0.367527337744832,-1.77909374237061,1.11204767413437,-0.213141620159149
0.123289041221142,0.259464025497436,0.37066044844687,-1.76607957482338,1.11039469577372,-0.20929542183876
0.118552014231682,0.260560840368271,0.37369717285037,-1.75919544696808,1.08500925824046,-0.195830404758453
0.11817505210638,0.259832441806793,0.372637744992971,-1.75368255376816,1.08168805763125,-0.194687902927399
0.117538787424564,0.258920758962631,0.374893855303526,-1.74131926894188,1.08012657985091,-0.187794715166092
0.116916321218014,0.258118152618408,0.378534812480211,-1.73189371824265,1.08003273978829,-0.183184802532196
0.109480373561382,0.261843413114548,0.381484594196081,-1.73204672336578,1.03836683556438,-0.160986244678497
0.10764067620039,0.262772351503372,0.382893532514572,-1.72433534264565,1.02873758971691,-0.147701233625412
0.106088846921921,0.261082500219345,0.387973606586456,-1.71198016405106,1.02450668811798,-0.145485162734985
0.102034524083138,0.261962920427322,0.394706919789314,-1.70520257949829,1.00691406428814,-0.133425056934357
0.101484350860119,0.261287242174149,0.398347966372967,-1.69797971844673,1.00725407153368,-0.13025626540184
0.100546009838581,0.260349780321121,0.395939454436302,-1.690100222826,0.999215513467789,-0.128001540899277
0.095402911305428,0.263440072536468,0.40198328346014,-1.68824428319931,0.974400751292706,-0.107603847980499
0.093552693724632,0.264162063598633,0.402501404285431,-1.68448945879936,0.963817566633224,-0.099517077207565
0.092960357666016,0.263605147600174,0.403527300804853,-1.6777251958847,0.961289446800947,-0.096094310283661
0.092854961752892,0.263108283281326,0.40484918281436,-1.67097476124764,0.961978953331709,-0.092325061559677
0.092450872063637,0.262551158666611,0.402173519134522,-1.66387897729874,0.956878751516342,-0.088572025299072
0.091960862278938,0.261952936649322,0.404446683824062,-1.65653258562088,0.956211857497692,-0.084814965724945
0.084012106060982,0.265944242477417,0.406830340623856,-1.65842914581299,0.910902976989746,-0.062763690948486
0.083401992917061,0.265493631362915,0.40569531172514,-1.65443572402,0.906107269227505,-0.061473935842514
0.083070442080498,0.26518326997757,0.403550311923027,-1.65104019641876,0.901972964406014,-0.059940576553345
0.079063460230827,0.267606914043427,0.408265218138695,-1.64141437411308,0.882645979523659,-0.035772889852524
0.075586348772049,0.265841662883759,0.417886771261692,-1.62957066297531,0.871404863893986,-0.03452068567276
0.075149178504944,0.265465259552002,0.415062010288238,-1.62520906329155,0.865957081317902,-0.032417505979538
0.074640616774559,0.264922857284546,0.413862936198711,-1.61977231502533,0.861706636846066,-0.030235171318054
0.072083443403244,0.263425379991531,0.422826744616032,-1.61145278811455,0.855327405035496,-0.03090050816536
0.071314156055451,0.262733101844788,0.424566239118576,-1.60636919736862,0.852451175451279,-0.029970586299896
0.063425034284592,0.263929009437561,0.423333324491978,-1.60448852181435,0.803883530199528,-0.02091446518898
0.063202202320099,0.26414155960083,0.419495061039925,-1.60345774888992,0.798708274960518,-0.018608391284943
0.062975823879242,0.264061450958252,0.419772326946259,-1.59753185510635,0.79762727022171,-0.013163149356842
0.062804579734802,0.263918846845627,0.417363978922367,-1.59554523229599,0.794191457331181,-0.012032151222229
0.062532693147659,0.261842846870422,0.416329056024551,-1.58585435152054,0.791525214910507,-0.014797270298004
0.054607510566712,0.261453449726105,0.425118416547775,-1.57802373170853,0.752763479948044,-0.009303033351898
0.052932381629944,0.261171251535416,0.425845831632614,-1.57448950409889,0.743440121412277,-0.007461994886398
0.050972372293472,0.260340243577957,0.429557874798775,-1.56943187117577,0.735392108559608,-0.007390409708023
0.049597442150116,0.259420156478882,0.431089922785759,-1.5625011920929,0.728674575686455,-0.005980253219605
0.047029554843903,0.259595096111298,0.431344829499721,-1.56132787466049,0.713522158563137,-0.003757297992706
0.045612201094627,0.258798271417618,0.435775570571423,-1.55476230382919,0.709448777139187,-0.001972675323486
0.045276820659638,0.258235722780228,0.437194854021072,-1.55069673061371,0.708855777978897,-0.001282393932343
0.044885739684105,0.25778591632843,0.43385411798954,-1.54624974727631,0.70316855609417,0.000465750694275
0.03914088010788,0.258055746555328,0.438495874404907,-1.54263830184937,0.673341155052185,0.005696177482605
0.038590207695961,0.257351636886597,0.437080428004265,-1.53786963224411,0.668621674180031,0.00624018907547
0.037707656621933,0.25640144944191,0.436785385012627,-1.53236877918243,0.663031324744224,0.006039917469025
0.034608215093613,0.257060050964356,0.43817774951458,-1.53084260225296,0.645827040076256,0.011517703533173
0.034002110362053,0.256459534168243,0.435159519314766,-1.52584466338158,0.639172181487083,0.012912541627884
0.033116862177849,0.255421489477158,0.434486657381058,-1.51876348257065,0.633187830448151,0.013765454292297
0.032669961452484,0.254831612110138,0.433709815144539,-1.51398211717606,0.629729583859444,0.015007555484772
0.032593697309494,0.254589974880218,0.430781111121178,-1.51113152503967,0.626343294978142,0.016408324241638
0.028775542974472,0.253868013620377,0.432109013199806,-1.50843867659569,0.604762271046639,0.014769405126572
0.029074102640152,0.254268079996109,0.429890722036362,-1.50889724493027,0.604335337877274,0.016711235046387
0.02878087759018,0.252752512693405,0.428164534270763,-1.50601696968079,0.60084979981184,0.010498106479645
0.029288813471794,0.252788752317429,0.425528153777123,-1.50489458441734,0.601261034607887,0.011837929487228
0.029525622725487,0.252755492925644,0.416441023349762,-1.50084093213081,0.593594759702683,0.01569202542305
0.030076056718826,0.252954870462418,0.414001882076263,-1.49968549609184,0.594458222389221,0.018043726682663
0.030510038137436,0.25298735499382,0.411953672766686,-1.49861645698547,0.595013901591301,0.019307672977448
0.030546352267265,0.25272735953331,0.412237003445625,-1.49669510126114,0.595515117049217,0.019669055938721
0.030282869935036,0.252626568078995,0.406402736902237,-1.49382424354553,0.588099956512451,0.021935164928436
0.029923155903816,0.252354502677917,0.408082187175751,-1.49130427837372,0.587621122598648,0.022822737693787
0.025419846177101,0.248482912778854,0.412721663713455,-1.48689836263657,0.565240740776062,0.00399911403656
0.026146948337555,0.248306334018707,0.40626747906208,-1.48399457335472,0.56314916908741,0.005843430757523
0.024608135223389,0.247126877307892,0.405687436461449,-1.48180532455444,0.553336247801781,0.000955939292908
0.024809196591377,0.247573137283325,0.402828171849251,-1.4823297560215,0.551683351397514,0.003109067678452
0.024089992046356,0.246209740638733,0.401589035987854,-1.47890272736549,0.546128988265991,-0.001644283533096
0.023764342069626,0.245808959007263,0.398468673229218,-1.47733455896378,0.541054725646973,-0.002480804920197
0.02464309334755,0.246020615100861,0.393623307347298,-1.47675693035126,0.541481867432594,-0.000633239746094
0.024714097380638,0.246203392744064,0.390114054083824,-1.47664248943329,0.538398638367653,0.000577867031097
0.024822115898132,0.246376782655716,0.388361021876335,-1.47676908969879,0.537293717265129,0.001491606235504
0.025474473834038,0.245913296937942,0.384993672370911,-1.47407472133636,0.537840515375137,0.00140506029129
0.025484278798103,0.245947659015656,0.382348626852035,-1.47397041320801,0.535254299640656,0.001715540885925
0.025913774967194,0.24599826335907,0.379507049918175,-1.47369596362114,0.534989699721336,0.002293616533279
0.025966674089432,0.246272832155228,0.377329275012016,-1.4752562046051,0.533129319548607,0.002380788326263
0.025837630033493,0.243872553110123,0.376207247376442,-1.47282415628433,0.5312330275774,-0.009588837623596
0.026442423462868,0.24383270740509,0.371686965227127,-1.4715855717659,0.530341506004334,-0.008589327335358
0.026298865675926,0.243430852890015,0.369853809475899,-1.47086721658707,0.527647003531456,-0.010282099246979
0.026058822870255,0.243425220251083,0.370910048484802,-1.47004851698875,0.527262985706329,-0.009497195482254
0.024852782487869,0.243520110845566,0.377115607261658,-1.46975526213646,0.526232302188873,-0.008634597063065
0.024308294057846,0.244097590446472,0.378732398152351,-1.47096678614616,0.524582162499428,-0.006381243467331
0.023636490106583,0.24486443400383,0.382573962211609,-1.4729982316494,0.524392902851105,-0.003811627626419
0.02263580262661,0.245602637529373,0.386616408824921,-1.47557088732719,0.52243122458458,-0.001955062150955
0.022695168852806,0.245695531368256,0.386007279157639,-1.47528484463692,0.522178292274475,-0.001111656427383
0.021444171667099,0.247469812631607,0.392377480864525,-1.48222702741623,0.521042510867119,0.002591848373413
0.020483404397965,0.247831463813782,0.396953776478767,-1.4828989803791,0.519854202866554,0.004089802503586
0.020751595497131,0.248155355453491,0.394802495837212,-1.48260143399239,0.51931206882,0.006330698728561
0.021524861454964,0.247906029224396,0.393242612481117,-1.48209273815155,0.522391781210899,0.005343437194824
0.022417262196541,0.248881369829178,0.389196932315826,-1.48475161194801,0.523700505495071,0.008536607027054
0.022395327687264,0.249463319778442,0.38664223253727,-1.48566594719887,0.521014198660851,0.011113971471787
0.024564668536186,0.247362375259399,0.383374750614166,-1.48141053318977,0.530762761831284,0.002763718366623
0.024874776601791,0.247104525566101,0.380448549985886,-1.47914618253708,0.529697209596634,0.003480970859528
0.025890246033669,0.246536821126938,0.378718450665474,-1.47739052772522,0.534059926867485,0.001830399036407
0.026406973600388,0.246446520090103,0.377811834216118,-1.47704115509987,0.536253675818443,0.00163796544075
0.02600759267807,0.246583610773087,0.377985000610352,-1.47674956917763,0.534030556678772,0.002752095460892
0.027255401015282,0.24516898393631,0.375032499432564,-1.47140145301819,0.538564905524254,-0.00038754940033
0.02650286257267,0.245714575052261,0.375427305698395,-1.47235605120659,0.534444481134415,0.001931399106979
0.026084959506989,0.245491981506348,0.374813348054886,-1.47023567557335,0.531323105096817,0.002716213464737
0.028649553656578,0.244644343852997,0.369990140199661,-1.46761244535446,0.54188746213913,0.000253617763519
0.029536053538323,0.244288086891174,0.366530478000641,-1.46611899137497,0.543746799230576,-0.000390470027924
0.028860732913017,0.244418054819107,0.366730764508247,-1.4654620885849,0.539895161986351,0.001046240329742
0.028600677847862,0.244761973619461,0.36537778377533,-1.46561059355736,0.536981850862503,0.002961248159409
0.028231307864189,0.244591891765594,0.364716544747353,-1.46372139453888,0.534104391932488,0.003829956054688
0.027960672974587,0.244641751050949,0.364672601222992,-1.46292743086815,0.532436639070511,0.004923075437546
0.027788653969765,0.244670480489731,0.364122942090034,-1.46190232038498,0.530854865908623,0.006120562553406
0.02735835313797,0.244849979877472,0.363372787833214,-1.46079513430595,0.527522906661034,0.008304744958878
0.026960536837578,0.2448810338974,0.363357797265053,-1.45975157618523,0.52512101829052,0.009534627199173
0.026932090520859,0.245044559240341,0.361591055989265,-1.45911794900894,0.523183599114418,0.011149406433106
0.034422516822815,0.242433220148087,0.351373121142387,-1.45472812652588,0.557908222079277,-0.00012880563736
0.034438371658325,0.242802232503891,0.349812418222427,-1.45536014437675,0.556442648172379,0.001453250646591
0.034211501479149,0.242963284254074,0.349566504359245,-1.45501810312271,0.554835513234139,0.002761602401733
0.036060899496079,0.242281407117844,0.34817610681057,-1.45336589217186,0.564541503787041,0.000322550535202
0.037218168377876,0.241808265447617,0.344298377633095,-1.4500880241394,0.567607387900353,0.000761568546295
0.0360436886549,0.242540240287781,0.346671745181084,-1.45155140757561,0.562933877110481,0.003690034151077
0.036091879010201,0.242521435022354,0.34451650083065,-1.44943833351135,0.561067774891853,0.005690276622772
0.038309961557388,0.241524040699005,0.341460794210434,-1.44645667076111,0.571320563554764,0.002687573432922
0.03916072845459,0.241383731365204,0.339443802833557,-1.44545367360115,0.574408173561096,0.002848714590073
0.038370132446289,0.242132723331451,0.341386362910271,-1.44679376482964,0.571607157588005,0.006002575159073
0.039512097835541,0.241236865520477,0.340360581874847,-1.44372442364693,0.577433168888092,0.003696769475937
0.039078295230866,0.241760820150375,0.339469447731972,-1.44384491443634,0.573939219117165,0.006720006465912
0.03875757753849,0.242070496082306,0.339204117655754,-1.44371569156647,0.571749582886696,0.008707284927368
0.038826838135719,0.241877883672714,0.338220492005348,-1.44189980626106,0.571181520819664,0.009367495775223
0.03861565887928,0.242026001214981,0.337806224822998,-1.44074696302414,0.569500178098679,0.011409044265747
0.038435608148575,0.242340207099915,0.337454050779343,-1.44020304083824,0.568067699670792,0.013838201761246
0.038422226905823,0.24273157119751,0.336767107248306,-1.44068220257759,0.567300468683243,0.015707224607468
0.042593374848366,0.240786522626877,0.332503244280815,-1.43606451153755,0.58806349337101,0.008654624223709
0.042147129774094,0.240663051605225,0.334908664226532,-1.43353149294853,0.587791442871094,0.010446816682816
0.042457684874535,0.240377724170685,0.335170209407806,-1.43172088265419,0.589916318655014,0.010545462369919
0.04209840297699,0.240353316068649,0.337254300713539,-1.43067729473114,0.589844718575478,0.011442601680756
0.04194013774395,0.240377396345139,0.337009891867638,-1.4277817606926,0.588650718331337,0.014482617378235
0.042079374194145,0.240549862384796,0.33539405465126,-1.42648056149483,0.587870299816132,0.01681861281395
0.042904570698738,0.240766584873199,0.33216518163681,-1.42606243491173,0.589592605829239,0.018537074327469
0.043883368372917,0.240955621004105,0.32828252017498,-1.42569902539253,0.591582730412483,0.020034700632095
0.043821185827255,0.241184324026108,0.327085092663765,-1.42288133502007,0.590012207627296,0.024224609136582
0.04260690510273,0.240933805704117,0.332571268081665,-1.42051723599434,0.588212698698044,0.025085598230362
0.042012959718704,0.240950793027878,0.335177376866341,-1.41907802224159,0.587255135178566,0.026626735925675
0.045859038829804,0.239188224077225,0.331323653459549,-1.4150824546814,0.60647788643837,0.020046889781952
0.045785665512085,0.239475786685944,0.331562995910645,-1.41528910398483,0.606276988983154,0.021565616130829
0.045533865690231,0.239604294300079,0.331105604767799,-1.413619607687,0.604308798909187,0.02400615811348
0.047321319580078,0.238820850849152,0.328422710299492,-1.41058504581451,0.612350627779961,0.022340059280396
0.047203078866005,0.239474177360535,0.32765319943428,-1.41150945425034,0.61087167263031,0.025335609912872
0.048380210995674,0.238983035087585,0.325193777680397,-1.41084137558937,0.615475043654442,0.023056834936142
0.048984870314598,0.238969504833221,0.322183042764664,-1.40960222482681,0.616092264652252,0.024214804172516
0.048842623829842,0.239070504903793,0.321503400802612,-1.40784424543381,0.614559143781662,0.026578783988953
0.048571929335594,0.239296853542328,0.321959033608437,-1.40758427977562,0.613390609622002,0.028196841478348
0.05082593858242,0.238262951374054,0.319059059023857,-1.40518668293953,0.624014690518379,0.024391025304794
0.051334768533707,0.239013999700546,0.316673666238785,-1.40681955218315,0.624682277441025,0.027264446020126
0.051272824406624,0.239250510931015,0.316664889454842,-1.40632423758507,0.624301835894585,0.029178828001022
0.051905259490013,0.238703221082687,0.316515728831291,-1.40321585536003,0.62794728577137,0.029003471136093
0.052482441067696,0.238570898771286,0.315436601638794,-1.40124452114105,0.630331248044968,0.030180871486664
0.053014904260635,0.237718820571899,0.312872603535652,-1.39637821912766,0.630962029099464,0.029934704303742
0.053870603442192,0.237610310316086,0.311858415603638,-1.39547324180603,0.63508203625679,0.030188620090485
0.053626745939255,0.237846672534943,0.312139883637428,-1.39524412155151,0.633900359272957,0.031835913658142
0.054925084114075,0.237310349941254,0.309872969985008,-1.39362463355064,0.639423474669457,0.030237466096878
0.054877370595932,0.23821410536766,0.308015719056129,-1.39427310228348,0.637279942631722,0.035011529922485
0.055817604064942,0.237717062234879,0.302954331040382,-1.39043629169464,0.637859955430031,0.03586608171463
0.055928379297257,0.23778572678566,0.302398145198822,-1.3890660405159,0.637968420982361,0.037648320198059
0.055824160575867,0.23785275220871,0.302764251828194,-1.3878975212574,0.637709215283394,0.039218991994858
0.05547522008419,0.237863957881927,0.304018273949623,-1.38644316792488,0.636869594454765,0.040740579366684
0.05512847006321,0.237921446561813,0.304601907730103,-1.38487321138382,0.63537272810936,0.042655467987061
0.05818809568882,0.235918790102005,0.30097234249115,-1.38169786334038,0.650100916624069,0.033814877271652
0.058172047138214,0.236613482236862,0.300321400165558,-1.38317894935608,0.649353682994843,0.036501944065094
0.058250859379768,0.237083375453949,0.298079118132591,-1.38185781240463,0.647584274411202,0.040642440319061
0.058390766382218,0.23754808306694,0.296552881598473,-1.382583796978,0.646897479891777,0.042704701423645
0.058609947562218,0.237815499305725,0.295058712363243,-1.38260889053345,0.646718397736549,0.044284105300903
0.061250567436218,0.235842257738113,0.290409609675407,-1.37881922721863,0.657913014292717,0.036234319210053
0.061198890209198,0.235602766275406,0.290699943900108,-1.37767064571381,0.657893285155296,0.035945951938629
0.06233412027359,0.234367549419403,0.286435380578041,-1.37202334403992,0.660440102219582,0.034181952476502
0.062067717313767,0.234378963708878,0.287516877055168,-1.37085238099098,0.659923180937767,0.035421401262283
0.061353653669357,0.234281986951828,0.29108989238739,-1.36947068572044,0.659211814403534,0.036221235990524
0.062061190605164,0.234118431806564,0.291186034679413,-1.36829710006714,0.663553178310394,0.036413490772247
0.062635451555252,0.233890146017075,0.288900092244148,-1.36583897471428,0.664712801575661,0.037501901388168
0.063214331865311,0.233455032110214,0.287585988640785,-1.36432054638863,0.666871979832649,0.036409646272659
0.063549906015396,0.233361005783081,0.287176847457886,-1.36426135897636,0.668476283550262,0.035904675722122
0.06431058049202,0.232990890741348,0.284915760159492,-1.36310058832169,0.67077924311161,0.034844756126404
0.064885318279266,0.232532113790512,1.32789152860641,-3.21669963002205,1.71720343828201,-1.82150694727898
-1.69904680550098,1.00693476200104,3.22581049799919,-3.10690146684647,-6.96847033500671,2.93470710515976
-1.70125167071819,1.00507533550262,4.70172047615051,-2.53874278068542,-5.50578954815865,3.49170923233032
-1.70162716507912,1.00007784366608,4.69924211502075,-2.50579440593719,-5.51052087545395,3.49467265605927
-1.69707569479942,0.989784359931946,4.67429959774017,-2.45289790630341,-5.50815457105637,3.48580825328827
-1.69703263044357,0.987120568752289,4.68130439519882,-2.40961456298828,-5.50089138746262,3.51310884952545
-1.69769579172134,0.984897196292877,4.67462569475174,-2.4033465385437,-5.51154905557632,3.50603663921356
-1.68197651207447,0.959192454814911,4.62744897603989,-2.25869297981262,-5.46441009640694,3.49646174907684
-1.67843925952911,0.94990998506546,4.61949199438095,-2.19442069530487,-5.45114356279373,3.50503921508789
-1.67568221688271,0.941193997859955,4.59973627328873,-2.19610977172852,-5.45435702800751,3.45105421543121
-1.67799800634384,0.941622853279114,4.59734618663788,-2.20494890213013,-5.47064185142517,3.44478821754456
-1.67152032256126,0.925735652446747,4.58143174648285,-2.12397050857544,-5.44769018888474,3.43044340610504
-1.70321556925774,0.893864154815674,4.61824870109558,-2.09306186437607,-5.60104471445084,3.27012306451797
-1.70321556925774,0.893864154815674,4.58036434650421,-2.01997023820877,-5.63892906904221,3.34321469068527
-1.69688972830772,0.852628588676453,4.58292031288147,-2.08038532733917,-5.59841805696487,3.03538620471954
-1.66063661873341,0.766824185848236,4.44256019592285,-1.76337802410126,-5.52125951647759,2.83756709098816
-1.65095099806786,0.750911056995392,4.42399728298187,-1.71078544855118,-5.48170870542526,2.79468089342117
-1.6474623978138,0.745010048151016,4.38006418943405,-1.70857429504395,-5.50471019744873,2.76148599386215
-1.6324557363987,0.728795081377029,4.3424705862999,-1.70379483699799,-5.45226383209229,2.66897565126419
-1.62672807276249,0.71455979347229,4.33220082521439,-1.62209939956665,-5.42816761136055,2.66525936126709
-1.62570156157017,0.716611444950104,4.29818505048752,-1.65078073740006,-5.45602431893349,2.64888793230057
-1.61871180683374,0.701371103525162,4.251798838377,-1.59508234262466,-5.46047200262547,2.61314427852631
-1.61259846389294,0.693345546722412,4.20909291505814,-1.56804758310318,-5.46649786829948,2.59202569723129
-1.57508943974972,0.65116947889328,4.1534875035286,-1.53109890222549,-5.29704913496971,2.37591797113419
-1.56705366075039,0.643175899982452,4.18078231811523,-1.50617414712906,-5.2215396463871,2.35288125276566
-1.53685589879751,0.611991345882416,4.05565360188484,-1.42330515384674,-5.16548179090023,2.24864292144775
-1.52270325273275,0.604336261749268,4.03035125136375,-1.42313903570175,-5.10586826503277,2.20287853479385
-1.51395846903324,0.589365243911743,3.99603223800659,-1.35392111539841,-5.08771857619286,2.18227034807205
-1.50730985403061,0.581894993782043,3.94116371870041,-1.34282571077347,-5.10269540548325,2.14854425191879
-1.50084293633699,0.574774295091629,3.9266913831234,-1.3060297369957,-5.07836623489857,2.14261603355408
-1.49497200548649,0.56764218211174,3.90469312667847,-1.26880449056625,-5.06513890624046,2.13704860210419
-1.45051743090153,0.534412354230881,3.82164299488068,-1.26787775754929,-4.88146159052849,1.938596367836
-1.44387827813625,0.520358800888062,3.78553837537765,-1.21650463342667,-4.87773129343987,1.9056481719017
-1.43895654380322,0.513466209173203,3.76666975021362,-1.18054336309433,-4.86706951260567,1.90025389194489
-1.41180421411991,0.49572816491127,3.71372878551483,-1.1808135509491,-4.75709649920464,1.79355543851852
-1.40648980438709,0.482311606407165,3.67598783969879,-1.13225692510605,-4.76295098662376,1.76161271333694
-1.40225233137608,0.475619673728943,3.66544073820114,-1.0968092083931,-4.74807325005531,1.75690883398056
-1.39791837334633,0.469021022319794,3.62204140424728,-1.0878654718399,-4.76546883583069,1.72626066207886
-1.39538589119911,0.46910560131073,3.5957944393158,-1.09323382377625,-4.77652090787888,1.72139978408813
-1.38977138698101,0.455998569726944,3.58627378940582,-1.03299474716187,-4.75235453248024,1.7029966711998
-1.33926026523113,0.424080461263657,3.53569066524506,-0.993899405002594,-4.49987092614174,1.55058336257935
-1.33138021081686,0.411109209060669,3.47537431120872,-0.971080303192139,-4.51290695369244,1.49557495117188
-1.31077562272549,0.395148813724518,3.4330860376358,-0.941129595041275,-4.43156769871712,1.42976328730583
-1.30868785083294,0.395211815834045,3.41513216495514,-0.94614788889885,-4.4369949400425,1.42512300610542
-1.292445525527,0.38630884885788,3.38920170068741,-0.941978871822357,-4.36547145247459,1.37587422132492
-1.28396847099066,0.367728710174561,3.34022060036659,-0.872424244880676,-4.36359022557735,1.33394801616669
-1.2805218398571,0.361588627099991,3.31151258945465,-0.852609395980835,-4.37161844968796,1.31692236661911
-1.25495186448097,0.343012124300003,3.29118323326111,-0.809653997421265,-4.23852795362473,1.24841874837875
-1.24969641119242,0.337038844823837,3.26949533820152,-0.779579818248749,-4.22868312895298,1.24265325069428
-1.2464577332139,0.331120625138283,3.22903302311897,-0.783244580030441,-4.24971337616444,1.20347917079926
-1.22103784233332,0.319428518414497,3.1835717856884,-0.776568055152893,-4.1426552683115,1.14000305533409
-1.21656800806522,0.307846516370773,3.1692099571228,-0.724281132221222,-4.13019809126854,1.12279796600342
-1.20102079212666,0.300506919622421,3.13098704814911,-0.732389122247696,-4.07513770461082,1.07065239548683
-1.19004975259304,0.297101587057114,3.09617269039154,-0.734243869781494,-4.0441258251667,1.04836565256119
-1.18248043954372,0.293650597333908,3.07467383146286,-0.735426217317581,-4.02020880579948,1.02647736668587
-1.17417903989553,0.270880043506622,3.0532668530941,-0.638729780912399,-3.99180738627911,0.986550480127335
-1.17103979736567,0.265151172876358,3.03976801037788,-0.610614508390427,-3.98647077381611,0.980292528867722
-1.14850047975779,0.255257934331894,2.99215522408485,-0.626123785972595,-3.89884765446186,0.905423820018768
-1.14299268648028,0.24463577568531,2.9672114700079,-0.576807796955109,-3.89074464887381,0.891006857156753
-1.13956245779991,0.23891918361187,2.95251363515854,-0.549423515796661,-3.88486111164093,0.884091585874558
-1.13625602796674,0.23331792652607,2.91597713530064,-0.553677886724472,-3.90155903249979,0.846229672431946
-1.13434397056699,0.233237639069557,2.89515747129917,-0.558169186115265,-3.91090635210276,0.841256648302078
-1.13006020709872,0.222754716873169,2.86515925824642,-0.520837873220444,-3.91520198434591,0.81569042801857
-1.08338661119342,0.204256892204285,2.80822353065014,-0.505465865135193,-3.69209613651037,0.720075488090515
-1.07826669886708,0.193381562829018,2.78905047476292,-0.459246873855591,-3.68054971843958,0.701042503118515
-1.06033916398883,0.18257363140583,2.75937832891941,-0.427937924861908,-3.60265665501356,0.667503863573074
-1.05703725665808,0.177538856863976,2.74459022283554,-0.402543365955353,-3.59763331711292,0.6626897752285
-1.0540072247386,0.177043244242668,2.70222678780556,-0.435510501265526,-3.62181656062603,0.626748964190483
-1.04916969686747,0.166825860738754,2.68236193060875,-0.391397222876549,-3.61265625059605,0.609557941555977
-1.04549270123243,0.161554127931595,2.65140277147293,-0.384929850697517,-3.62155343592167,0.584394916892052
-1.01520942896605,0.143295556306839,2.61377957463264,-0.372998297214508,-3.47747699916363,0.486775040626526
-1.00959228724241,0.142567127943039,2.58334216475487,-0.37606754899025,-3.47421155869961,0.479335218667984
-0.992407977581024,0.120797231793404,2.54179990291595,-0.316409260034561,-3.41264796257019,0.408374130725861
-0.98669171333313,0.117250695824623,2.52406147122383,-0.318241804838181,-3.39608880877495,0.385262370109558
-0.973234981298447,0.103617705404758,2.49127215147018,-0.27233624458313,-3.3481377363205,0.349369987845421
-0.969572849571705,0.098634690046311,2.47604918479919,-0.249970287084579,-3.34138791263103,0.341837853193283
-0.96611113846302,0.093798227608204,2.45720311999321,-0.227606475353241,-3.33946371078491,0.335182890295982
-0.963287949562073,0.089252524077892,2.44959563016891,-0.207216143608093,-3.33013206720352,0.328299000859261
-0.940601766109467,0.075624756515026,2.38815635442734,-0.233430974185467,-3.25545424222946,0.22031756490469
-0.934924185276032,0.072202078998089,2.38531771302223,-0.227053634822369,-3.22422739863396,0.206158839166164
-0.93021821975708,0.072218768298626,2.34871479868889,-0.240932211279869,-3.23259451985359,0.192380398511887
-0.925687450915575,0.054618172347546,2.33317063748837,-0.167555317282677,-3.22095406800508,0.160153716802597
-0.923599172383547,0.050290144979954,2.32019476592541,-0.147384867072105,-3.22140026837587,0.154356002807617
-0.922373671084642,0.0504065528512,2.29164762794971,-0.169106528162956,-3.24259439855814,0.133332788944244
-0.919804580509663,0.0420629568398,2.2871273458004,-0.131955116987228,-3.23170013725758,0.120422624051571
-0.885525800287723,0.021536011248827,2.23559138178825,-0.124061800539494,-3.07756341993809,0.005154266953468
-0.882996462285519,0.013343580067158,2.21810790896416,-0.095644123852253,-3.07987086474895,-0.015582643449307
-0.881331525743008,0.009393397718668,2.20959094166756,-0.076570503413677,-3.07839821279049,-0.020210117101669
-0.879832275211811,0.005523394793272,2.18715146183968,-0.073420949280262,-3.09184218943119,-0.04028058052063
-0.879035897552967,0.005717884749174,2.178800791502,-0.078418418765068,-3.0954145938158,-0.044111110270023
-0.853464938700199,-0.009130287915468,2.14274898171425,-0.068439019843936,-2.97804065048695,-0.123220747336745
-0.850529987365007,-0.020509820431471,2.13200552761555,-0.019613964483142,-2.9711743965745,-0.142672887071967
-0.839770186692476,-0.025383990257979,2.10619761049747,-0.027573869563639,-2.93242350965738,-0.17987781111151
-0.838020265102387,-0.032755756750703,2.08927774429321,-0.003206711029634,-2.93884384632111,-0.199741251533851
-0.828197330236435,-0.037731671705842,2.07454693317413,-0.001825261395425,-2.89463704824448,-0.228215291630477
-0.82203933596611,-0.039169395342469,2.05521488189697,-0.008676938712597,-2.87702113389969,-0.243693310767412
-0.817054659128189,-0.041664386168122,2.04056507349014,-0.011207677423954,-2.86176288127899,-0.261193994432688
-0.816966056823731,-0.040730798617005,2.03685289621353,-0.017685521394014,-2.86494344472885,-0.262070313096046
-0.804265225306153,-0.06435484578833,2.01437512785196,0.064949223771691,-2.81121622398496,-0.321179850958288
-0.803925881162286,-0.067033453611657,2.00034145265818,0.064890491776168,-2.82321383431554,-0.337310229893774
-0.804584333673119,-0.065935714868829,1.99367589503527,0.055602165870369,-2.83383010700345,-0.340012123342603
-0.804898977279663,-0.072023382876068,1.98579055070877,0.075193358585239,-2.84360331296921,-0.356946938671172
-0.78456038236618,-0.08254092046991,1.95652511715889,0.081158669665456,-2.75083717703819,-0.414086853154004
-0.782379236072302,-0.089811847545207,1.96686737239361,0.108918737620115,-2.7274080440402,-0.429952347651124
-0.784399207681417,-0.088802860118449,1.96070598065853,0.093804869800806,-2.74568926542997,-0.439012290909886
-0.785993631929159,-0.088146195746958,1.95813609659672,0.08664670959115,-2.75782569497824,-0.442230464890599
-0.785692943260074,-0.097934124991298,1.95696830004454,0.119789250195026,-2.75718935951591,-0.46781549975276
-0.785509092733264,-0.100947802886367,1.95539965480566,0.133290149271488,-2.75765490159392,-0.472396668046713
-0.784672543406487,-0.104004168882966,1.94095239043236,0.134469382464886,-2.76708287000656,-0.489555630832911
-0.783206013962626,-0.107262585312128,1.92863898724318,0.143052637577057,-2.77059709653258,-0.500522874295712
-0.746320096775889,-0.124525044113398,1.87760727852583,0.15570043772459,-2.60031330212951,-0.591449826955795
-0.74353014305234,-0.130767691880465,1.86145676672459,0.178651325404644,-2.59972409158945,-0.605954825878143
-0.741178650408983,-0.133732575923204,1.84933336079121,0.19394963234663,-2.59773854166269,-0.608445823192596
-0.739111315459013,-0.136272855103016,1.82806931436062,0.195992484688759,-2.60659857839346,-0.621644645929336
-0.71789918653667,-0.147834733128548,1.79836728423834,0.21896405518055,-2.50902783498168,-0.668044343590736
-0.71184660308063,-0.148922607302666,1.77473067492247,0.209824711084366,-2.49634894356132,-0.683710932731628
-0.709900660440326,-0.154413141310215,1.75850876420736,0.226864635944366,-2.50089519843459,-0.699614211916924
-0.699625335633755,-0.16010370105505,1.74049192667007,0.245212495326996,-2.45726008713245,-0.715409711003304
-0.698154371231794,-0.163005948066711,1.7224575728178,0.24804750084877,-2.46646865457296,-0.729988187551498
-0.696702785789967,-0.166298776865006,1.71123892068863,0.255339026451111,-2.46897779405117,-0.742453634738922
-0.695798430591822,-0.169459596276283,1.70568437874317,0.268530130386353,-2.46910620480776,-0.748227447271347
-0.677280504256487,-0.178607724606991,1.67291350662708,0.276158213615417,-2.39076951891184,-0.795488134026527
-0.672376949340105,-0.179677717387676,1.65893413126469,0.271036595106125,-2.37532756477594,-0.807029709219933
-0.672302503138781,-0.178593151271343,1.65213321149349,0.265566989779472,-2.38168180733919,-0.805991917848587
-0.671501841396093,-0.186944857239723,1.64710764586926,0.30016602575779,-2.38190340250731,-0.82150311768055
-0.658425536006689,-0.19447660446167,1.63170838356018,0.316744193434715,-2.31884483247995,-0.850115433335304
-0.653944402933121,-0.198722884058952,1.62434032559395,0.330477938055992,-2.29932609200478,-0.861859366297722
-0.649724096059799,-0.200212433934212,1.59964819252491,0.311601608991623,-2.29869638383389,-0.889672994613647
-0.650649398565292,-0.198777213692665,1.59584836661816,0.301654249429703,-2.3080480247736,-0.891009032726288
-0.64208135008812,-0.201948836445808,1.57982678711414,0.300670370459557,-2.27266131341457,-0.911022648215294
-0.642599429935217,-0.211346797645092,1.57753340899944,0.337444469332695,-2.27806317061186,-0.930636316537857
-0.643334701657295,-0.21331088244915,1.57327362895012,0.341460734605789,-2.28673458099365,-0.938404560089111
-0.644220763817429,-0.215245246887207,1.56968615204096,0.345175534486771,-2.29563843086362,-0.946295946836472
-0.645218843594193,-0.214605987071991,1.5686914101243,0.339856863021851,-2.30262165144086,-0.947779059410095
-0.62305342592299,-0.223169207572937,1.53948383778334,0.344936847686768,-2.1988367177546,-0.994078397750854
-0.618551904335618,-0.22513210773468,1.52789366990328,0.343257218599319,-2.18341775611043,-1.00753542780876
-0.620542490854859,-0.233280897140503,1.5325628593564,0.374317497014999,-2.19069208577275,-1.02536788582802
-0.620751393958926,-0.235022649168968,1.52683695405722,0.381115436553955,-2.19767140969634,-1.02902045845985
-0.620749635621905,-0.234498962759972,1.52250493317842,0.380110859870911,-2.20199288055301,-1.02688291668892
-0.603657943196595,-0.242481179535389,1.49760193005204,0.401899099349976,-2.12434572912753,-1.05298797786236
-0.60247862059623,-0.244992785155773,1.49061227217317,0.412842392921448,-2.12425945140421,-1.05711431801319
-0.600745213218033,-0.24758417904377,1.48038798943162,0.423488050699234,-2.12408328987658,-1.06201702356339
-0.588792008347809,-0.249591454863548,1.45589447394013,0.423455715179443,-2.07685757614672,-1.07409301400185
-0.585230931639671,-0.254063427448273,1.43508276343346,0.44318699836731,-2.07630282640457,-1.08119356632233
-0.581794522702694,-0.255207270383835,1.42524257302284,0.453762114048004,-2.06552456319332,-1.077481508255
-0.578402332961559,-0.257731109857559,1.40651509165764,0.464738786220551,-2.06389890611172,-1.0816478729248
-0.575769357383251,-0.256239324808121,1.39850287139416,0.463535249233246,-2.05611327290535,-1.07390069961548
-0.572180293500423,-0.258045583963394,1.37889695167542,0.471252620220184,-2.05418480932713,-1.07702088356018
-0.567974634468555,-0.257825553417206,1.36982041597366,0.472273200750351,-2.03802739083767,-1.07468011975288
-0.56579203158617,-0.257999271154404,1.36426602303982,0.474034458398819,-2.0304861664772,-1.0739611685276
-0.564375156536698,-0.269467890262604,1.37057027965784,0.514852404594421,-2.01568065956235,-1.1019549369812
-0.561298230662942,-0.270070284605026,1.36084089428186,0.517485558986664,-2.00694848969579,-1.10293614864349
-0.55113535001874,-0.278001695871353,1.31945227086544,0.549904644489288,-1.987359829247,-1.11810553073883
-0.548435918986797,-0.281255647540093,1.30545902252197,0.563739120960236,-1.98515649139881,-1.12379476428032
-0.546207688748837,-0.282007858157158,1.27637635171413,0.570339947938919,-2.00086978077888,-1.12170720100403
-0.543739579617977,-0.282786056399345,1.25802730023861,0.574871480464935,-2.00441017746925,-1.12184485793114
-0.526414029300213,-0.28755147755146,1.23284943401814,0.580797761678696,-1.92563474178314,-1.14451110363007
-0.5213852673769,-0.297500312328339,1.22067356109619,0.615429908037186,-1.90763804316521,-1.16957196593285
-0.518856849521399,-0.300267413258553,1.20794752240181,0.627129524946213,-1.90519357472658,-1.1744749546051
-0.516422851011157,-0.302978962659836,1.19370768219233,0.637802064418793,-1.90482942387462,-1.18007171154022
-0.51387395337224,-0.305669724941254,1.18320715427399,0.648531079292297,-1.90003656595945,-1.18548727035522
-0.500503951683641,-0.310025125741959,1.16647697240114,0.659231930971146,-1.8365467377007,-1.20091882348061
-0.492665866389871,-0.311369031667709,1.14067099243402,0.663855314254761,-1.8153242059052,-1.2043588757515
-0.490727351978421,-0.315607696771622,1.12776128202677,0.682072460651398,-1.81660282984376,-1.21157371997833
-0.48273946531117,-0.317070186138153,1.10662291198969,0.685814589262009,-1.78981387987733,-1.21660652756691
-0.477995371446014,-0.321665614843369,1.09865134954453,0.702053070068359,-1.76932087913156,-1.22794061899185
-0.475761199370027,-0.324007466435432,1.09000428020954,0.711221933364868,-1.76456291601062,-1.23282286524773
-0.473720606416464,-0.326232954859734,1.07577124983072,0.721173048019409,-1.76655238866806,-1.23622468113899
-0.47154562920332,-0.328465342521667,1.06134654581547,0.731183439493179,-1.76792722940445,-1.23960861563683
-0.46937713585794,-0.33061209321022,1.05226311832666,0.740119695663452,-1.76399969682097,-1.24355286359787
-0.454874183982611,-0.335603773593903,1.0384359806776,0.750303655862808,-1.69080912321806,-1.26331898570061
-0.450479436665773,-0.337895333766937,1.01125845313072,0.760568886995316,-1.69161816686392,-1.26680311560631
-0.448463041335344,-0.338019073009491,0.996720120310783,0.761724144220352,-1.69405812770128,-1.26639029383659
-0.437615383416414,-0.343251004815102,0.981573328375816,0.777814239263534,-1.64411897212267,-1.28169178962708
-0.436010895296931,-0.345038682222366,0.969706498086452,0.785847455263138,-1.64635887369514,-1.28438463807106
-0.434807015582919,-0.346317812800407,0.95970356464386,0.791637867689133,-1.64913852885366,-1.28626900911331
-0.433622056618333,-0.347639262676239,0.9512889534235,0.797412231564522,-1.6504433862865,-1.28842334449291
-0.4325533490628,-0.349003881216049,0.943699985742569,0.803309068083763,-1.65162010863423,-1.29071421921253
-0.425151120871306,-0.348724156618118,0.929750688374042,0.808047518134117,-1.62115603685379,-1.28429742157459
-0.423694202676415,-0.348996564745903,0.924785934388638,0.813731804490089,-1.61737928166986,-1.28024758398533
-0.424164716154337,-0.348811328411102,0.925469890236855,0.819341585040093,-1.61951840668917,-1.27352638542652
-0.422073233872652,-0.350057169795036,0.910689637064934,0.824027001857758,-1.62174976617098,-1.27631601691246
-0.423280673101544,-0.347831919789314,0.91071405261755,0.826894819736481,-1.62896998599172,-1.26009669899941
-0.42139676399529,-0.347350969910622,0.901365928351879,0.824951112270355,-1.62701465561986,-1.25915470719337
-0.422257320955396,-0.342547580599785,0.898325033485889,0.819053322076798,-1.63521889224648,-1.23623216152191
-0.421674532815814,-0.34711292386055,0.893381305038929,0.836117923259735,-1.63666589185596,-1.24655961990356
-0.422867638990283,-0.341615051031113,0.889398835599422,0.82869553565979,-1.64780699834228,-1.22099477052689
-0.423828003928065,-0.339061200618744,0.888358853757381,0.824670165777206,-1.65460916981101,-1.20969703793526
-0.424785358831286,-0.336526393890381,0.887125223875046,0.82050433754921,-1.66158692911267,-1.19865402579308
-0.42275457829237,-0.342217907309532,0.88646923750639,0.845849364995956,-1.65005823224783,-1.20745807886124
-0.421668656170368,-0.341938182711601,0.882251136004925,0.840634495019913,-1.64776080101728,-1.21099460124969
-0.424014391377568,-0.337069019675255,0.885437153279781,0.84297651052475,-1.65864919498563,-1.17943760752678
-0.422513592988253,-0.337334424257278,0.878745593130589,0.84470671415329,-1.65633596479893,-1.17929983139038
-0.421743582934141,-0.337932109832764,0.875872932374477,0.839601695537567,-1.65458856523037,-1.18799096345902
-0.423202876001596,-0.332673579454422,0.873707517981529,0.832206070423126,-1.66550973802805,-1.16383540630341
-0.423899557441473,-0.331577658653259,0.877428539097309,0.831982761621475,-1.66596880555153,-1.15748319029808
-0.421652754768729,-0.331967413425446,0.869431264698505,0.833770483732224,-1.66048526391387,-1.15803399682045
-0.422751462087035,-0.32965013384819,0.871571030467748,0.834753781557083,-1.66493774205446,-1.14314702153206
-0.420651439577341,-0.329991355538368,0.864396747201681,0.836164087057114,-1.65951189026237,-1.1437840461731
-0.421739045530558,-0.327842548489571,0.866497695446014,0.828254580497742,-1.66393657773733,-1.13880071043968
-0.418553430587053,-0.327551797032356,0.854653604328632,0.824812799692154,-1.65666697919369,-1.14049798250198
-0.417599245905876,-0.329011097550392,0.851258225739002,0.829284369945526,-1.65433724969625,-1.14478221535683
-0.417991369962692,-0.326714694499969,0.853079974651337,0.830034047365189,-1.65486824512482,-1.13025411963463
-0.418199237436056,-0.327002942562103,0.855316251516342,0.833037286996841,-1.65387917309999,-1.12898036837578
-0.413253169506788,-0.326655566692352,0.830836422741413,0.828546464443207,-1.64868259429932,-1.13138693571091
-0.412253493443131,-0.328260689973831,0.824254397302866,0.834259867668152,-1.64926656335592,-1.13530427217484
-0.410757342353463,-0.32895615696907,0.815757468342781,0.836362719535828,-1.648786585778,-1.1373742222786
-0.410131523385644,-0.327255666255951,0.812625594437122,0.834027260541916,-1.64816354587674,-1.12950673699379
-0.410000095143914,-0.326913207769394,0.822379186749458,0.833644598722458,-1.63762138411403,-1.12783464789391
-0.405263250693679,-0.328950822353363,0.801116684451699,0.841140627861023,-1.63046281971037,-1.13256430625916
-0.403814515098929,-0.329558342695236,0.797731416299939,0.843341708183289,-1.62515567429364,-1.13400834798813
-0.401861792430282,-0.328278213739395,0.791095970198512,0.840929836034775,-1.62007478438318,-1.1287394464016
-0.401779433712363,-0.327903300523758,0.792249025776982,0.840963870286942,-1.6184275764972,-1.12645593285561
-0.401672011241317,-0.327564507722855,0.789204854518175,0.83890637755394,-1.62082721292973,-1.12648066878319
-0.396526893600821,-0.326716721057892,0.772538296878338,0.837420523166657,-1.60662306472659,-1.12287980318069
-0.39643550477922,-0.326192766427994,0.769709691405296,0.834875494241715,-1.60890333727002,-1.12228110432625
-0.397973921149969,-0.330235794186592,0.775209624320269,0.850339531898499,-1.61263390257955,-1.13107523322105
-0.393293105065823,-0.330243363976479,0.763366075232625,0.850278079509735,-1.59639255516231,-1.13118210434914
-0.39195603877306,-0.330581784248352,0.76006898470223,0.851109623908997,-1.59166724793613,-1.13238108158112
-0.39101330190897,-0.330255270004272,0.756279658526182,0.846837759017944,-1.58980015292764,-1.13469386100769
-0.390640284866095,-0.329612985253334,0.758679756894708,0.849968135356903,-1.58516195230186,-1.1277097761631
-0.390483852475882,-0.32905276119709,0.760061550885439,0.849099516868591,-1.58284156396985,-1.12521705031395
-0.388001926243305,-0.329365313053131,0.751410933211446,0.849836111068726,-1.57660062424839,-1.12635576725006
-0.387849990278482,-0.329062461853027,0.752752611413598,0.85114973783493,-1.5743473302573,-1.12322503328323
-0.386197227984667,-0.328478157520294,0.74495211429894,0.84300309419632,-1.57223125360906,-1.12786585092545
-0.385393410921097,-0.32964676618576,0.740788422524929,0.84541928768158,-1.57157204300165,-1.13246130943298
-0.384514532983303,-0.330041661858559,0.736371610313654,0.844811320304871,-1.57071558758616,-1.13543865084648
-0.38371728733182,-0.330466702580452,0.738310342654586,0.847055971622467,-1.56399338133633,-1.13574424386024
-0.382475983351469,-0.328043699264526,0.735555853694677,0.845232605934143,-1.55930004641414,-1.12302958965302
-0.382490959018469,-0.327605128288269,0.733936075121164,0.841036289930344,-1.56100967898965,-1.12459447979927
-0.380710985511541,-0.326493918895721,0.729935882613063,0.83745089173317,-1.55433003045619,-1.12151262164116
-0.379712995141745,-0.325721085071564,0.727201718837023,0.834477782249451,-1.55107625201345,-1.11984872817993
-0.379679437726736,-0.325201034545898,0.728358106687665,0.832380890846252,-1.54971851967275,-1.11882531642914
-0.377408966422081,-0.328116893768311,0.720410021021962,0.842396676540375,-1.54404377751052,-1.12630468606949
-0.376213580369949,-0.328509122133255,0.714937692508101,0.84185454249382,-1.54234378971159,-1.12920019030571
-0.376243926584721,-0.327568337321281,0.718076664954424,0.842126607894897,-1.5393868945539,-1.12328341603279
-0.376245196908712,-0.327693209052086,0.717204753309488,0.842274308204651,-1.54026642814279,-1.12388494610786
-0.373385202139616,-0.32698766887188,0.704955722205341,0.837676823139191,-1.53535549063236,-1.12424919009209
-0.37210201844573,-0.328037768602371,0.705125667154789,0.84207946062088,-1.52748644351959,-1.12614715099335
-0.370799075812101,-0.327829986810684,0.700772054493427,0.839245110750198,-1.52402240037918,-1.12773481011391
-0.369515892118216,-0.327530711889267,0.694777985103428,0.836510479450226,-1.52231736760587,-1.12867379188538
-0.369654890149832,-0.325795322656632,0.698791305534542,0.834857702255249,-1.51913803536445,-1.11991423368454
-0.369530070573091,-0.32784965634346,0.700123730115593,0.843976497650147,-1.51705669332296,-1.12312144041061
-0.366126406937838,-0.327271342277527,0.688295088708401,0.842611372470856,-1.50846335291863,-1.12101668119431
-0.366104993969202,-0.327016234397888,0.68619704246521,0.838745296001434,-1.51043292135,-1.12335211038589
-0.366100508719683,-0.326785266399384,0.685491223819554,0.837250471115112,-1.51111182849854,-1.12346112728119
-0.36607526615262,-0.326544642448425,0.689405707642436,0.83761465549469,-1.50704588927329,-1.12165319919586
-0.363882921636105,-0.327630519866943,0.68175220489502,0.841966867446899,-1.50154532492161,-1.12381625175476
-0.363655500113964,-0.327352106571197,0.681134661659598,0.839523315429688,-1.50079833902419,-1.1245893239975
-0.363655038177967,-0.327044725418091,0.68170162755996,0.837873727083206,-1.50022860150784,-1.12439462542534
-0.363824270665646,-0.32670521736145,0.681831053458154,0.835349172353745,-1.50111457053572,-1.12488213181496
-0.363929338753223,-0.325356006622314,0.681367580778897,0.832828849554062,-1.50220845174044,-1.11930719017982
-0.363523419946432,-0.327452123165131,0.682922599837184,0.843081802129746,-1.49821791984141,-1.12163093686104
-0.362884543836117,-0.326887726783752,0.679689389653504,0.8408522605896,-1.4976178733632,-1.12047410011292
-0.361967984586954,-0.327273815870285,0.678420078009367,0.842335343360901,-1.49338782951236,-1.12130755186081
-0.36118970066309,-0.327517122030258,0.676360849291086,0.842231273651123,-1.49077735468745,-1.12287145853043
-0.360211934894323,-0.32759428024292,0.673245707526803,0.841783285140991,-1.48802590183914,-1.12378239631653
-0.359249826520681,-0.327832162380218,0.671292424201965,0.842027127742767,-1.48420653492212,-1.12496584653854
-0.358395840972662,-0.327515065670013,0.669113213196397,0.839180022478104,-1.48126183263958,-1.12591037154198
-0.357560880482197,-0.326121777296066,0.666497208178043,0.838522106409073,-1.47886807471514,-1.11820855736732
-0.3567219004035,-0.325810343027115,0.662959094159305,0.8356793820858,-1.47737230826169,-1.11918267607689
-0.355806015431881,-0.325451701879501,0.659114880487323,0.832651764154434,-1.47572121210396,-1.12005844712257
-0.354011815041304,-0.326548486948013,0.65691327303648,0.836916357278824,-1.46715761721134,-1.12237456440926
-0.352799082174897,-0.326625913381577,0.653767395764589,0.836886733770371,-1.46302709728479,-1.12286874651909
-0.351439947262406,-0.326801121234894,0.650074333883822,0.836977392435074,-1.45856534969062,-1.12382933497429
-0.350746229290962,-0.322748005390167,0.647870123386383,0.83043646812439,-1.45660725235939,-1.10605156421661
-0.349098812788725,-0.322935938835144,0.643054687418044,0.830459535121918,-1.45153818931431,-1.10715609788895
-0.347902502864599,-0.322207748889923,0.639265909790993,0.82763946056366,-1.4481491073966,-1.10560703277588
-0.346343412995338,-0.322809398174286,0.634189730510116,0.829100012779236,-1.44387074746192,-1.10775637626648
-0.345026154071093,-0.322968155145645,0.628745780326426,0.828833758831024,-1.44141114410013,-1.10897517204285
-0.344025727361441,-0.322128713130951,0.627714291214943,0.828023612499237,-1.4364400729537,-1.10474866628647
-0.342596407979727,-0.321776628494263,0.624132108874619,0.826863288879395,-1.43144633900374,-1.10379648208618
-0.341664392501116,-0.321622908115387,0.619734480977058,0.825795650482178,-1.43025187402964,-1.10394179821014
-0.340619463473558,-0.321331202983856,0.61490329541266,0.823361456394196,-1.42881348542869,-1.10462576150894
-0.3391007874161,-0.322019577026367,0.613846398890018,0.826205372810364,-1.42075832560658,-1.10591208934784
-0.338480675593019,-0.320693790912628,0.613416448235512,0.822989255189896,-1.4174676053226,-1.10117349028587
-0.33606306836009,-0.320585876703262,0.606692186091095,0.822967678308487,-1.40968622406945,-1.10054758191109
-0.33495182171464,-0.320640116930008,0.603697516024113,0.822848588228226,-1.40601341426373,-1.10099211335182
-0.333845132961869,-0.320732831954956,0.600452914834023,0.822688609361649,-1.40261788293719,-1.10170838236809
-0.333027103915811,-0.318358778953552,0.597685895860195,0.817752033472061,-1.40047672763467,-1.09240064024925
-0.33223482593894,-0.318215429782867,0.597378528211266,0.817879587411881,-1.39603042742237,-1.09141299128532
-0.331293886527419,-0.318023771047592,0.595049921423197,0.816763520240784,-1.39271339774132,-1.09137910604477
-0.331037437543273,-0.317136496305466,0.595810574479401,0.815975785255432,-1.39041405078024,-1.08684319257736
-0.32979934476316,-0.316468685865402,0.590165159665048,0.81233274936676,-1.38863090891391,-1.08647936582565
-0.329270860180259,-0.317653477191925,0.587543525733054,0.815331280231476,-1.3880816353485,-1.09058958292007
-0.327904064208269,-0.317563503980637,0.586272588465363,0.815515220165253,-1.38115179678425,-1.08986580371857
-0.32804923132062,-0.316916733980179,0.587224177084863,0.813458800315857,-1.38107121083885,-1.08804160356522
-0.32815395668149,-0.316381543874741,0.587165015283972,0.811362981796265,-1.38175872480497,-1.08692628145218
-0.325288766995072,-0.316497027873993,0.578084363602102,0.812465250492096,-1.37364823836833,-1.08651691675186
-0.324513101950288,-0.316162049770355,0.575083331670612,0.808884650468826,-1.37199528003111,-1.08808764815331
-0.324708247557282,-0.313920974731445,0.575597422663122,0.804871052503586,-1.37265206268057,-1.07865479588509
-0.323349976912141,-0.313085317611694,0.575378756038845,0.802026689052582,-1.364721105434,-1.07648521661758
-0.322518432512879,-0.312693178653717,0.572355341631919,0.798878133296967,-1.36275525344536,-1.07728093862534
-0.320125447586179,-0.314112514257431,0.562939495779574,0.803293168544769,-1.3578131897375,-1.08138191699982
-0.319032974541187,-0.31417179107666,0.562999984249473,0.804701387882233,-1.35119786299765,-1.08032935857773
-0.318107049912214,-0.313992202281952,0.560873411595821,0.803173840045929,-1.34776888787746,-1.08077937364578
-0.317177902907133,-0.31367152929306,0.558365989010781,0.801702916622162,-1.34470142843202,-1.0803262591362
-0.316222291439772,-0.313309490680695,0.554431284544989,0.799216568470001,-1.34290246409364,-1.08064037561417
-0.317218255251646,-0.308892369270325,0.558382188202813,0.795123219490051,-1.34492734330706,-1.0582309961319
-0.315012019127607,-0.309189260005951,0.550856499467045,0.796445369720459,-1.3392156152986,-1.05869019031525
-0.31394381262362,-0.309106409549713,0.548054760321975,0.796019852161408,-1.33560811541975,-1.05861860513687
-0.314315283671021,-0.307992577552795,0.549818938830867,0.794465899467468,-1.33607276319526,-1.0534895658493
-0.312186988070607,-0.307573676109314,0.542739625787362,0.790469259023666,-1.33038230263628,-1.05497279763222
-0.312158193439245,-0.307850122451782,0.543243665248156,0.793538600206375,-1.32970549538732,-1.05356213450432
-0.310120053589344,-0.307430952787399,0.534012864343822,0.790902674198151,-1.32670745719224,-1.05368304252625
-0.309022016823292,-0.307103902101517,0.528696171357296,0.789191991090775,-1.32543592958245,-1.05343142151833
-0.307940147817135,-0.306784123182297,0.529273794731125,0.788928329944611,-1.31836709217168,-1.05177640914917
-0.306974917650223,-0.306477099657059,0.525663111009635,0.787849426269531,-1.3161863948917,-1.05101317167282
-0.305859396234155,-0.306481301784515,0.524322420940734,0.788534224033356,-1.31083395646419,-1.05035358667374
-0.304718667641282,-0.306507349014282,0.51896264764946,0.787242770195007,-1.30934935819823,-1.05180132389069
-0.303475055843592,-0.305746912956238,0.51748505391879,0.786961019039154,-1.30336528114276,-1.04752045869827
-0.302834738045931,-0.304470658302307,0.515634226670954,0.783248156309128,-1.30137420160463,-1.04357579350472
-0.303148034960031,-0.303766191005707,0.518029705714071,0.782423347234726,-1.30085850404612,-1.04017379879951
-0.302777547389269,-0.304117262363434,0.519277319603134,0.783526211977005,-1.29738796473248,-1.0411773622036
-0.302265781909227,-0.304640769958496,0.518717726648902,0.785079777240753,-1.29487696480646,-1.04276484251022
-0.297659274190664,-0.303479671478271,0.501339791531791,0.781014800071716,-1.28461585361219,-1.03986322879791
-0.296992743387818,-0.303496867418289,0.50054092353821,0.781540989875793,-1.2814155367887,-1.03944021463394
-0.295739563181996,-0.303268283605576,0.494488943004399,0.780992805957794,-1.27994843608758,-1.03861689567566
-0.294932309538126,-0.302942842245102,0.494570061535342,0.780602037906647,-1.27502379569341,-1.03705501556396
-0.294075498357415,-0.302515506744385,0.492456397274509,0.779844611883163,-1.27199659286998,-1.03524842858315
-0.29334781691432,-0.302135109901428,0.491169470042223,0.779144018888474,-1.2689174314437,-1.0336666405201
-0.292684955522418,-0.301817983388901,0.488759326588479,0.7786845266819,-1.26735040654603,-1.0322233736515
-0.290239391848445,-0.301728278398514,0.487802155766985,0.779298961162567,-1.25363419532368,-1.03107070922852
-0.288293896242976,-0.300983220338821,0.481078934040852,0.777185678482056,-1.24868444341701,-1.02871364355087
-0.288060672581196,-0.300578504800796,0.481640301295556,0.776397585868835,-1.24672373419162,-1.02707344293594
-0.286126337945461,-0.300116747617722,0.476968755887356,0.774735599756241,-1.23978927178541,-1.02596488595009
-0.285970412194729,-0.299860388040543,0.477795472950675,0.773423612117767,-1.2380270002177,-1.02573871612549
-0.283878624439239,-0.299107283353806,0.468985956336837,0.768588989973068,-1.2342857902986,-1.02605471014977
-0.282550673931837,-0.300370961427689,0.466656723292545,0.774018973112106,-1.22864732029848,-1.02820679545403
-0.281600508838892,-0.30007067322731,0.463470015441999,0.770896583795548,-1.22613303759135,-1.02952745556831
-0.281308580189943,-0.298177748918533,0.464774296036921,0.76819834113121,-1.22307718510274,-1.02086815237999
-0.281397197395563,-0.297901600599289,0.465888362843543,0.766554951667785,-1.22249482152984,-1.02085465192795
-0.277658928185701,-0.298352420330048,0.452150990488008,0.768674850463867,-1.2138025786262,-1.02143967151642
-0.276652354747057,-0.297972619533539,0.447470058454201,0.765206694602966,-1.21244407002814,-1.02262902259827
-0.27672903612256,-0.298255264759064,0.449974846327677,0.767414420843124,-1.21039937040769,-1.02211716771126
-0.27451129257679,-0.2979936003685,0.442511113360524,0.766017884016037,-1.20455664210022,-1.02194371819496
-0.274718523025513,-0.29723072052002,0.442298741312698,0.763184815645218,-1.20601239684038,-1.0201995074749
-0.274832557886839,-0.297303140163422,0.444662983994931,0.765417963266373,-1.2043323633261,-1.01840087771416
-0.271142702549696,-0.296366751194,0.4312560018152,0.761250287294388,-1.19560021348298,-1.01695021986961
-0.269957408308983,-0.296617239713669,0.427697560284287,0.762263089418411,-1.19204688956961,-1.0174403488636
-0.270128920674324,-0.295699805021286,0.429304108954966,0.761871129274368,-1.19146941509098,-1.01232770085335
-0.268258605152369,-0.295262426137924,0.422439261805266,0.758279472589493,-1.18711236910895,-1.01329508423805
-0.267382267862558,-0.294872373342514,0.419678493402898,0.756082355976105,-1.18461511377245,-1.01315188407898
-0.266188535839319,-0.294863194227219,0.416405399795622,0.756475865840912,-1.18072581524029,-1.0127032995224
-0.265334011986852,-0.294508367776871,0.414534266106784,0.755707800388336,-1.17746980581433,-1.01134240627289
-0.264496454969048,-0.294121712446213,0.411933802533895,0.755089402198792,-1.1750449272804,-1.00964087247849
-0.263427713885903,-0.293721944093704,0.408940493129194,0.754512429237366,-1.17162579018623,-1.00781923532486
-0.261706510558724,-0.293577164411545,0.405563828535378,0.754287749528885,-1.16467523481697,-1.00717523694038
-0.260697552934289,-0.293285995721817,0.401818424928933,0.753338873386383,-1.1623668926768,-1.00637710094452
-0.26035631634295,-0.292569875717163,0.40293602924794,0.75235590338707,-1.15920186880976,-1.00306335091591
-0.259579906240106,-0.292110443115234,0.399429515469819,0.750852793455124,-1.15804992197081,-1.00180986523628
-0.258973950520158,-0.292308568954468,0.400899338070303,0.752618134021759,-1.15294436505064,-1.00123327970505
-0.257369119673967,-0.291600435972214,0.396173455752432,0.750412523746491,-1.14804126229137,-0.999190092086792
-0.256101328879595,-0.291368514299393,0.393013004213572,0.749999463558197,-1.143594969064,-0.998211622238159
-0.255622584372759,-0.290927559137344,0.392627130262554,0.749089896678925,-1.141108375974,-0.996475458145142
-0.255034510046244,-0.291180223226547,0.390991698019206,0.749807149171829,-1.13921536225826,-0.997274190187454
-0.253782518208027,-0.290240108966827,0.385533282998949,0.746390104293823,-1.13716182624921,-0.995050549507141
-0.253382716327906,-0.290426343679428,0.385201008524746,0.746799051761627,-1.13509528944269,-0.995759010314941
-0.25154410675168,-0.289710432291031,0.377385247033089,0.744286835193634,-1.13187939347699,-0.993975758552551
-0.250868927687407,-0.289220243692398,0.381032052915543,0.746015936136246,-1.1241815132089,-0.989305526018143
-0.249996330589056,-0.289563804864883,0.379611385287717,0.746727138757706,-1.12036659824662,-0.990655690431595
-0.249709691852331,-0.289680808782578,0.381923845503479,0.748079389333725,-1.11633430561051,-0.99000546336174
-0.247533097863197,-0.288677752017975,0.371839988976717,0.743770182132721,-1.11335859820247,-0.988296329975128
-0.246489372104406,-0.288419127464294,0.366953742224723,0.742459356784821,-1.11198249040172,-0.988055408000946
-0.245579538866878,-0.288038611412048,0.367076852358878,0.742653280496597,-1.10640038084239,-0.985578387975693
-0.244575334712863,-0.287659645080566,0.364144066348672,0.741937100887299,-1.10330794192851,-0.9840207695961
-0.241871053352952,-0.287418007850647,0.359516513766721,0.741299003362656,-1.09170980635099,-0.983209043741226
-0.240576820448041,-0.287164390087128,0.356561239343137,0.740870773792267,-1.08689968334511,-0.982115566730499
-0.24021396227181,-0.287169218063354,0.356100148055702,0.740441679954529,-1.08518362557516,-0.982573628425598
-0.239524664357305,-0.28682279586792,0.354460549540818,0.739185869693756,-1.08268743660301,-0.981750905513763
-0.239032713696361,-0.286357343196869,0.352709867525846,0.735957622528076,-1.08148641465232,-0.982186436653137
-0.238173821941018,-0.286760032176971,0.350607143016532,0.738158762454987,-1.07843578862958,-0.982401430606842
-0.237578721717,-0.286243140697479,0.348303537932225,0.733729064464569,-1.07716879236978,-0.983729779720306
-0.236174697056413,-0.284257620573044,0.345625565270893,0.733420610427856,-1.07142261706758,-0.972125113010406
-0.235721973702312,-0.284221798181534,0.344330238935072,0.730997562408447,-1.0700016032788,-0.974333226680756
-0.23520833440125,-0.284151762723923,0.343790498707676,0.731726706027985,-1.06745950769982,-0.973183870315552
-0.235236065462232,-0.283468335866928,0.343848120013718,0.730070322751999,-1.06756827275967,-0.97073969244957
-0.23459873534739,-0.282485812902451,0.341335003497079,0.726370513439178,-1.06625740858726,-0.968544363975525
-0.234010828658938,-0.281943649053574,0.341373138478957,0.726858168840408,-1.06269183347467,-0.964803725481033
-0.234194830060005,-0.2818922996521,0.342168046161532,0.72731813788414,-1.0630009341985,-0.964035660028457
-0.234208256006241,-0.281637966632843,0.341965672909282,0.72680789232254,-1.06328386312816,-0.963019907474518
-0.235012674704194,-0.280145049095154,0.344586991006509,0.724093854427338,-1.06548905721866,-0.956776440143585
-0.235807944089174,-0.279322534799576,0.347330259159207,0.722839415073395,-1.06751740537584,-0.95309579372406
-0.236756820231676,-0.278657764196396,0.351049795281142,0.722133219242096,-1.06949112610891,-0.949813365936279
-0.237790558487177,-0.278243035078049,0.355940749170259,0.721851289272308,-1.0708026017528,-0.947606921195984
-0.237376186996698,-0.277875512838364,0.355051253689453,0.720731019973755,-1.06920586829074,-0.946522057056427
-0.237240212038159,-0.278533726930618,0.355403281748295,0.72369909286499,-1.06803799048066,-0.94750326871872
-0.240291366353631,-0.27824479341507,0.370356780476868,0.725915908813477,-1.07139141764492,-0.943552851676941
-0.241307789459825,-0.278057366609573,0.37530115339905,0.725555658340454,-1.0725455833599,-0.942788541316986
-0.242175552994013,-0.277752995491028,0.379517105873674,0.725572675466538,-1.0735362120904,-0.94094529747963
-0.24276203289628,-0.277325570583343,0.382480210158974,0.725430190563202,-1.07409198721871,-0.938523232936859
-0.243285145610571,-0.276667982339859,0.384652127977461,0.724361777305603,-1.07505874568596,-0.935646116733551
-0.243415433913469,-0.275921404361725,0.385637000203133,0.723106145858765,-1.07485560327768,-0.932422280311584
-0.241708092391491,-0.274632096290588,0.38373947981745,0.721492409706116,-1.0665090745315,-0.926300168037415
-0.241776295006275,-0.274404764175415,0.382364133372903,0.72256550192833,-1.06829363666475,-0.923863083124161
-0.241684846580029,-0.274194955825806,0.382637988775969,0.722980082035065,-1.0674710907042,-0.922189652919769
-0.240340223535895,-0.272219985723495,0.377705743536353,0.716383218765259,-1.06433559767902,-0.916936695575714
-0.239424226805568,-0.271440774202347,0.375650481320918,0.713656663894653,-1.06089487951249,-0.914987981319428
-0.238612918183207,-0.270813137292862,0.373674469068646,0.713265120983124,-1.0580030400306,-0.911613702774048
-0.238661885261536,-0.270249515771866,0.373532878234982,0.711016446352005,-1.05843843333423,-0.91048064827919
-0.238388616591692,-0.269456654787064,0.371987045742571,0.710788249969482,-1.05834465380758,-0.905951678752899
-0.238306807354093,-0.268826276063919,0.371818813495338,0.709464848041534,-1.05802203062922,-0.90349280834198
-0.237659411504865,-0.268693804740906,0.372903982177377,0.710475862026215,-1.05305248685181,-0.90168696641922
-0.236271314322948,-0.268202424049377,0.368829870596528,0.708831071853638,-1.04879801534116,-0.900383472442627
-0.235101945698261,-0.267303347587585,0.365633419714868,0.706199109554291,-1.0449782544747,-0.897620975971222
-0.235101945698261,-0.267303347587585,0.3678945209831,0.706050932407379,-1.04271715320647,-0.897769153118133
-0.228846674785018,-0.26657047867775,0.34790020622313,0.702835410833359,-1.02517984248698,-0.896587461233139
-0.227627506479621,-0.26638525724411,0.343326158821583,0.701702028512955,-1.02243888005614,-0.896609514951706
-0.226485535502434,-0.266525715589523,0.339228322729468,0.701399445533752,-1.01968489028513,-0.897754848003387
-0.225410167127848,-0.266385912895203,0.335411056876183,0.700569003820419,-1.0170499458909,-0.897746473550797
-0.224463157355785,-0.266201615333557,0.336610224097967,0.700248628854752,-1.01016872003675,-0.896961063146591
-0.223152723163366,-0.265604197978973,0.332591453567147,0.697932988405228,-1.00632488541305,-0.895692199468613
-0.221991704776883,-0.265769064426422,0.32960001565516,0.698376923799515,-1.00235021300614,-0.896237462759018
-0.220688162371516,-0.265768021345139,0.326438708230853,0.698132187128067,-0.997690265998244,-0.896475940942764
-0.219496831297874,-0.265711486339569,0.322282709181309,0.696782648563385,-0.994698278605938,-0.897486269474029
-0.218289609998465,-0.265379071235657,0.317890642210841,0.694662541151047,-0.991847017779946,-0.897611886262894
-0.217885550111532,-0.265102028846741,0.320159316062927,0.694233953952789,-0.987153984606266,-0.896378219127655
-0.215369768440723,-0.264315962791443,0.310236724093556,0.690570950508118,-0.981981886550784,-0.89532482624054
-0.21374087780714,-0.265060067176819,0.307718990370631,0.693588614463806,-0.974726276472211,-0.896771788597107
-0.213579379022121,-0.265174627304077,0.308178434148431,0.693323314189911,-0.973297839984298,-0.897724449634552
-0.210774939507246,-0.264406800270081,0.297709248960018,0.689759165048599,-0.966940388083458,-0.896681636571884
-0.209583438932896,-0.264614105224609,0.29307565279305,0.690117597579956,-0.964424980804324,-0.8975670337677
-0.208189502358437,-0.264134228229523,0.290813378989697,0.689123094081879,-0.958323635160923,-0.895682275295258
-0.207610666751862,-0.264008224010468,0.291410800069571,0.689526617527008,-0.954253200441599,-0.894522726535797
-0.20535695925355,-0.263441979885101,0.281917799264193,0.686792314052582,-0.950223956257105,-0.893859565258026
-0.204020962119102,-0.263123035430908,0.278587548062205,0.686211049556732,-0.94553822465241,-0.892527163028717
-0.202585741877556,-0.262905836105347,0.27369424700737,0.684692084789276,-0.941820204257965,-0.892742931842804
-0.201169645413756,-0.262654840946197,0.26932336576283,0.683909833431244,-0.937694506719708,-0.892019212245941
-0.200504038482904,-0.26347479224205,0.270429724827409,0.685814738273621,-0.932594506070018,-0.89503401517868
-0.19793663918972,-0.26268994808197,0.26112406887114,0.683504641056061,-0.92649576626718,-0.892635047435761
-0.197276800870895,-0.263574719429016,0.258498597890139,0.684458643198013,-0.925162207335234,-0.896989673376083
-0.197007745504379,-0.263808727264404,0.258499465882778,0.685102671384811,-0.923547007143497,-0.897749692201614
-0.19680617749691,-0.263744950294495,0.258923597633839,0.686318963766098,-0.921913467347622,-0.89615073800087
-0.193181747570634,-0.262475073337555,0.244519267231226,0.682504862546921,-0.914571218192577,-0.892345577478409
-0.192716477438808,-0.261993885040283,0.242451850324869,0.682134836912155,-0.913847014307976,-0.889828473329544
-0.192189468070865,-0.261892557144165,0.239705914631486,0.681641519069672,-0.913430893793702,-0.889713823795319
-0.191188776865602,-0.260895431041718,0.2356345532462,0.677762717008591,-0.911498107947409,-0.887609869241715
-0.190557297319174,-0.260467231273651,0.233175003901124,0.676102072000504,-0.910168780013919,-0.886701315641403
-0.190512802451849,-0.260333240032196,0.230732968077064,0.677551656961441,-0.91234384663403,-0.884447783231735
-0.190551023930311,-0.260268568992615,0.231027949601412,0.677596926689148,-0.912278193980455,-0.884014487266541
-0.19055088981986,-0.260208427906036,0.231254640035331,0.677693158388138,-0.912050698883832,-0.88355740904808
-0.188217505812645,-0.258419036865234,0.219827502034605,0.67249670624733,-0.909477532841265,-0.878017514944076
-0.188142970204353,-0.258298814296722,0.219830873422325,0.672465264797211,-0.909026947803795,-0.877327620983124
-0.187276657670736,-0.25759682059288,0.214924735017121,0.671084463596344,-0.908735211007297,-0.874496459960938
-0.18728606030345,-0.257467418909073,0.215021081268787,0.671011298894882,-0.90869528055191,-0.873793214559555
-0.186894858255982,-0.256599634885788,0.21354091912508,0.667575359344482,-0.907828230410814,-0.872022449970245
-0.186914155259728,-0.256444066762924,0.210887076333165,0.669286549091339,-0.910597855225205,-0.869377851486206
-0.186623085290194,-0.255413830280304,0.208943480625749,0.665986239910126,-0.910795031115413,-0.866496741771698
-0.186555463820696,-0.255203008651733,0.208199767395854,0.666485786437988,-0.911133015528321,-0.864732265472412
-0.186466574668884,-0.254188776016235,0.207771603949368,0.662612229585648,-0.911027844063938,-0.862520426511765
-0.186390221118927,-0.25411581993103,0.207755475305021,0.662696957588196,-0.910585851408541,-0.861997961997986
-0.186581673100591,-0.252944946289062,0.205664866603911,0.660655528306961,-0.913825171999633,-0.857014149427414
-0.186741359531879,-0.252270847558975,0.205448159016669,0.658805459737778,-0.914999998174608,-0.854819625616074
-0.186904840171337,-0.251727283000946,0.206178504042327,0.65667250752449,-0.915250536985695,-0.853691190481186
-0.187104146927595,-0.251177728176117,0.205158224329352,0.656008750200272,-0.917466657236218,-0.85105761885643
-0.187199184671044,-0.250655233860016,0.204771796241403,0.65462189912796,-0.918423311784864,-0.849309504032135
-0.187063569203019,-0.250239849090576,0.20484583824873,0.654229700565338,-0.917535576969385,-0.847209393978119
-0.187058666720986,-0.250279486179352,0.203289587050676,0.656096756458283,-0.919062413275242,-0.845580160617828
-0.18704036809504,-0.250188648700714,0.203406604006886,0.65583872795105,-0.918835604563355,-0.845293164253235
-0.187044376507401,-0.250059187412262,0.201666748151183,0.657065451145172,-0.920599510893226,-0.8432896733284
-0.18832662794739,-0.246871262788773,0.207086374983191,0.644270837306976,-0.922873392701149,-0.836956739425659
-0.188882973045111,-0.245939284563065,0.209233344532549,0.640877932310104,-0.924064493738115,-0.834757775068283
-0.189222424291074,-0.245267331600189,0.207732175476849,0.640491813421249,-0.927602370269597,-0.831112176179886
-0.189613232389092,-0.244467347860336,0.209698090329766,0.637144058942795,-0.927981304004788,-0.829660028219223
-0.189989723265171,-0.243698924779892,0.209772376343608,0.635221600532532,-0.930165963247418,-0.82697194814682
-0.190104968845844,-0.243594229221344,0.20912286452949,0.636662781238556,-0.931506948545575,-0.824902594089508
-0.190710142254829,-0.242090940475464,0.211148838512599,0.631085991859436,-0.933112015016377,-0.821459650993347
-0.190980227664113,-0.241332411766052,0.211933666840196,0.628596633672714,-0.933947699144483,-0.819397836923599
-0.19146241992712,-0.240286231040955,0.213330609723926,0.625778406858444,-0.935443909838796,-0.815938979387283
-0.191852644085884,-0.239207297563553,0.214514441788197,0.622912764549255,-0.936601422727108,-0.812331020832062
-0.192621720954776,-0.238071501255035,0.216788568533957,0.619734406471252,-0.938941757194698,-0.80869460105896
-0.193016434088349,-0.237173348665237,0.218371463008225,0.616566598415375,-0.939727141521871,-0.80647349357605
-0.192664563655853,-0.237131297588348,0.218128942884505,0.6175776720047,-0.937858439050615,-0.805210113525391
-0.192397203296423,-0.235862344503403,0.217806537635624,0.61323618888855,-0.936576682142913,-0.801937878131866
-0.192509070038796,-0.235128551721573,0.218430952169001,0.611018776893616,-0.936623468063772,-0.799752533435822
-0.192446725443006,-0.23449432849884,0.21853566262871,0.608896851539612,-0.936144690029323,-0.79806911945343
-0.192576866596937,-0.233793944120407,0.219289417378604,0.606500178575516,-0.936171782203019,-0.796263486146927
-0.192622819915414,-0.23317414522171,0.219818701967597,0.604478180408478,-0.935918217524886,-0.794566690921783
-0.192467214539647,-0.232631355524063,0.219551425427198,0.602769374847412,-0.935251861810684,-0.793018758296967
-0.192662555724382,-0.231986284255981,0.220657297410071,0.601349353790283,-0.935318036936224,-0.790568351745606
-0.192637637257576,-0.231384098529816,0.220783025026321,0.599465668201447,-0.935042798519134,-0.788838922977448
-0.193023616448045,-0.230576664209366,0.222390606999397,0.597381055355072,-0.935751091688871,-0.786078929901123
-0.191905254498124,-0.229267567396164,0.222411118447781,0.596642673015595,-0.929020408540964,-0.778962731361389
-0.192068407312036,-0.22811222076416,1.07353174686432,-0.114808797836304,-0.078878697007895,-1.48348212242126
0.036355577409268,-0.355848640203476,3.9509012401104,-3.30227756500244,4.169034704566,-5.4373694062233
-0.134318113327026,0.561534821987152,4.63265496492386,-6.96839249134064,3.8267462849617,-3.59918355941772
-0.137899234890938,0.564911842346191,4.64885252714157,-6.96248638629913,3.82145711779594,-3.57301533222198
-0.140848845243454,0.569792211055756,4.6655992269516,-6.94628500938416,3.82050615549088,-3.52753174304962
-0.140832990407944,0.573385179042816,4.64379024505615,-6.97375690937042,3.79879230260849,-3.53344583511353
-0.135432198643684,0.572138786315918,4.6083510518074,-6.95870542526245,3.7957578599453,-3.52587270736694
-0.158666148781776,0.566346645355225,4.60288059711456,-6.9556257724762,3.6508837044239,-3.55754590034485
-0.148463904857636,0.563262820243835,4.60089981555939,-6.84433126449585,3.71011638641357,-3.46475434303284
-0.138888284564018,0.562607169151306,4.56384217739105,-6.79859566688538,3.73051247000694,-3.42295265197754
-0.128161281347275,0.560683906078339,4.50990986824036,-6.76721096038818,3.74094218015671,-3.40310752391815
-0.116613119840622,0.557481527328491,4.42489689588547,-6.74933767318726,3.72521817684174,-3.40444850921631
-0.104454547166824,0.552925229072571,4.35058856010437,-6.72055649757385,3.72386127710342,-3.40300512313843
-0.091988250613213,0.547184586524963,4.30809891223908,-6.63791084289551,3.7561694085598,-3.35480332374573
-0.079580128192902,0.540452301502228,4.21510475873947,-6.61136478185654,3.73762398958206,-3.36865097284317
-0.128791809082031,0.53243488073349,4.22215175628662,-6.54269713163376,3.44940090179443,-3.34808784723282
-0.115243673324585,0.520472884178162,4.16406971216202,-6.45547986030579,3.47260767221451,-3.33264255523682
-0.103422731161118,0.511362075805664,4.11255443096161,-6.38019901514053,3.4920180439949,-3.31202656030655
-0.093217104673386,0.505288302898407,4.0103731751442,-6.36307817697525,3.45107054710388,-3.33134835958481
-0.080803915858269,0.49188369512558,3.96515268087387,-6.25376665592194,3.48032918572426,-3.30246448516846
-0.069986790418625,0.48163777589798,3.87635600566864,-6.2092741727829,3.45643526315689,-3.31944751739502
-0.118746668100357,0.493017971515655,3.89594250917435,-6.20866376161575,3.1834625005722,-3.25055593252182
-0.098079442977905,0.4719358086586,3.82572185993195,-6.05281525850296,3.23724520206451,-3.22120040655136
-0.114066541194916,0.477699220180512,3.79679960012436,-6.05340802669525,3.11240035295486,-3.18721270561218
-0.09455968439579,0.45609039068222,3.72238880395889,-5.91409742832184,3.15503069758415,-3.17755508422852
-0.085086017847061,0.445099234580994,3.67992252111435,-5.83485865592957,3.16940641403198,-3.1642632484436
-0.076830357313156,0.437523722648621,3.59469747543335,-5.78889256715775,3.13371533155441,-3.16375023126602
-0.068731755018234,0.429939270019531,3.54187315702438,-5.73031467199326,3.12948262691498,-3.15067905187607
-0.058493420481682,0.412472069263458,3.48100185394287,-5.63214409351349,3.13004133105278,-3.15731167793274
-0.096085503697395,0.423232078552246,3.47335165739059,-5.58232861757278,2.89683863520622,-3.04293614625931
-0.087814539670944,0.41252475976944,3.41326922178268,-5.5274578332901,2.88638198375702,-3.05230927467346
-0.079690977931023,0.401835680007935,3.36876219511032,-5.44146811962128,2.89061632752419,-3.03045403957367
-0.100617349147797,0.410649478435516,3.38354724645615,-5.40834766626358,2.77984315156937,-2.94445079565048
-0.085406318306923,0.392681241035461,3.31834179162979,-5.30475467443466,2.80590388178825,-2.94866722822189
-0.091416090726853,0.390520513057709,3.25306707620621,-5.25408214330673,2.70457053184509,-2.91095906496048
-0.090627446770668,0.384407639503479,3.21098709106445,-5.19050014019012,2.66722241044044,-2.88405430316925
-0.083298683166504,0.374180614948273,3.15655809640884,-5.1379970908165,2.65676599740982,-2.89291340112686
-0.076050698757172,0.364028215408325,3.10278642177582,-5.08586364984512,2.64648222923279,-2.90169435739517
-0.095303952693939,0.376807868480682,3.13177394866943,-5.03929913043976,2.5599502325058,-2.77845191955566
-0.081188410520554,0.356706440448761,3.03722712397575,-4.95171499252319,2.55009666085243,-2.81147634983063
-0.093602865934372,0.365319728851318,3.02554041147232,-4.94915270805359,2.46392321586609,-2.75723433494568
-0.079896375536919,0.345609486103058,2.98014882206917,-4.8128861784935,2.50077056884766,-2.73922926187515
-0.091774448752403,0.354225337505341,2.95534253120422,-4.81458818912506,2.4046958386898,-2.68923616409302
-0.078480765223503,0.334979236125946,2.90481117367744,-4.69546169042587,2.43392658233643,-2.6855862736702
-0.07199364900589,0.325445950031281,2.87518930435181,-4.62929606437683,2.44322741031647,-2.67662036418915
-0.06587278842926,0.318867564201355,2.80213758349419,-4.59999400377274,2.40690085291862,-2.68678861856461
-0.05984890460968,0.312388598918915,2.7677361369133,-4.53743714094162,2.40864270925522,-2.66310554742813
-0.053207695484161,0.297753393650055,2.72518962621689,-4.45529317855835,2.40594345331192,-2.66877281665802
-0.047144085168839,0.288737595081329,2.67919090390205,-4.40878701210022,2.39632639288902,-2.67636144161224
-0.086572840809822,0.316572964191437,2.70843076705933,-4.39316117763519,2.18899372220039,-2.49372339248657
-0.074850142002106,0.301657408475876,2.6582025885582,-4.30734461545944,2.20910173654556,-2.49740016460419
-0.079507097601891,0.301459610462189,2.61809453368187,-4.26181915402412,2.14105194807053,-2.45306149125099
-0.073775112628937,0.29286003112793,2.57439169287682,-4.21750095486641,2.1317410171032,-2.46034076809883
-0.078126236796379,0.292860448360443,2.54130437970161,-4.18228450417519,2.07254695892334,-2.42512181401253
-0.077585324645043,0.291150212287903,2.50420996546745,-4.15318933129311,2.0386980175972,-2.40628805756569
-0.071948394179344,0.280314356088638,2.46174499392509,-4.10021629929543,2.03005462884903,-2.4183301627636
-0.08147357404232,0.288502126932144,2.49069353938103,-4.0361065864563,2.00185209512711,-2.30509382486343
-0.070764839649201,0.272085011005402,2.41730141639709,-3.96409887075424,1.99271237850189,-2.33158880472183
-0.065525114536285,0.266396105289459,2.37704274058342,-3.93206763267517,1.98389205336571,-2.33369100093842
-0.079165548086166,0.273849070072174,2.37120738625526,-3.91576933860779,1.89621409773827,-2.27267491817474
-0.068917185068131,0.260459870100021,2.31141996383667,-3.85318973660469,1.89791685342789,-2.29043051600456
-0.077679663896561,0.266144275665283,2.33856955170631,-3.78346952795982,1.87249156832695,-2.18660387396812
-0.067608460783959,0.253001034259796,2.29558402299881,-3.7081087231636,1.88993325829506,-2.19010251760483
-0.0626470297575,0.245415806770325,2.27278447151184,-3.65576958656311,1.89690229296684,-2.18327474594116
-0.057793647050858,0.23796483874321,2.2091871201992,-3.61518406867981,1.86242523789406,-2.18739503622055
-0.053011998534203,0.230611890554428,2.18719857931137,-3.56417754292488,1.86912658810616,-2.18050619959831
-0.04833422601223,0.225513905286789,2.14074967801571,-3.53805813193321,1.85074432194233,-2.18497470021248
-0.073576375842095,0.249099105596542,2.15823616087437,-3.5330528318882,1.7167779058218,-2.03845819830894
-0.064349934458733,0.232668608427048,2.11868500709534,-3.44639885425568,1.73258540034294,-2.05038720369339
-0.059786781668663,0.227704495191574,2.07405829429626,-3.42082470655441,1.71533760428429,-2.05459773540497
-0.055301249027252,0.218648254871368,2.04883627593517,-3.35696104168892,1.71702878177166,-2.04507151246071
-0.050892412662506,0.213862061500549,2.014772772789,-3.32977977395058,1.70941829681396,-2.04660740494728
-0.07024472951889,0.232741594314575,2.01794029772282,-3.34066462516785,1.59647192060947,-1.9442150592804
-0.061642944812775,0.217274606227875,1.98110173642635,-3.24236530065536,1.61124406754971,-1.93871766328812
-0.057344019412994,0.212598979473114,1.94815032184124,-3.21588227152824,1.60408620536327,-1.94028839468956
-0.053197354078293,0.204088360071182,1.93353034555912,-3.1533305644989,1.61434622108936,-1.92880040407181
-0.049053505063057,0.197666585445404,1.89297869801521,-3.12241494655609,1.59865766763687,-1.93641543388367
-0.067068293690682,0.215578019618988,1.89562453329563,-3.13280907273293,1.49321477115154,-1.839340955019
-0.058985382318497,0.202963501214981,1.84826765954494,-3.07492434978485,1.49435536563396,-1.85714334249496
-0.054961785674095,0.19669446349144,1.83421522378922,-3.00673727691174,1.50444450974464,-1.8265704959631
-0.051019266247749,0.190570712089539,1.80800560116768,-2.96619093418121,1.50189000368118,-1.82276666164398
-0.060574904084206,0.199934959411621,1.79542328417301,-2.94734701514244,1.43197385966778,-1.74773725867271
-0.056719914078713,0.195747971534729,1.76960088312626,-2.91524365544319,1.42928139865398,-1.74075582623482
-0.053036525845528,0.186245650053024,1.74472786486149,-2.86192098259926,1.42650870978832,-1.74444708228111
-0.049325957894325,0.180391550064087,1.72768089175224,-2.82137940824032,1.43172514438629,-1.7390301078558
-0.045626550912857,0.174677819013596,1.71069779992104,-2.78162460774183,1.43693849444389,-1.73355769366026
-0.042012318968773,0.168973863124847,1.66713980585337,-2.75621008127928,1.41506589204073,-1.74236690253019
-0.060921713709831,0.188445031642914,1.68001380562782,-2.75320906192064,1.31448352336884,-1.62253887206316
-0.053675457835198,0.180666506290436,1.64895468950272,-2.70569944381714,1.32690194249153,-1.62170040607452
-0.050246953964233,0.171811997890472,1.63317792117596,-2.6541683152318,1.33169619739056,-1.62329632788897
-0.046797409653664,0.16637122631073,1.59517921507359,-2.6223773509264,1.3143947571516,-1.62414999306202
-0.055086612701416,0.173387855291367,1.58041280508041,-2.60713505744934,1.24989312887192,-1.56680792570114
-0.051766484975815,0.168139636516571,1.56159138679504,-2.56487168371677,1.25099247694016,-1.55603386461735
-0.04843020439148,0.16290146112442,1.53933012485504,-2.53034890815616,1.24874889850616,-1.55294014140964
-0.053428873419762,0.1664999127388,1.53250315785408,-2.50336891412735,1.21192991733551,-1.50436943769455
-0.052872195839882,0.165884077548981,1.50637805089355,-2.48053745552897,1.18914487585425,-1.48523299023509
-0.055655375123024,0.165695309638977,1.4977233633399,-2.46532097831368,1.16379111260176,-1.47114912047982
-0.049254268407822,0.157133936882019,1.46692822128534,-2.4111297801137,1.17140261083841,-1.46832615882158
-0.046099603176117,0.152186542749405,1.45251581817865,-2.37685311958194,1.17591819912195,-1.46373386308551
-0.042938023805618,0.148789256811142,1.42501942068338,-2.35249900817871,1.16739127784967,-1.45976346731186
-0.039837211370468,0.145469814538956,1.40437386929989,-2.32682461570948,1.16535060107708,-1.45400572847575
-0.049450933933258,0.155909210443497,1.39664401113987,-2.31506738811731,1.09993840754032,-1.37961212545633
-0.049233227968216,0.149679154157639,1.38030879758298,-2.26973976870067,1.08490942977369,-1.37166484375484
-0.046176850795746,0.144983559846878,1.36632004007697,-2.23733397386968,1.0892589353025,-1.36743261478841
-0.043207108974457,0.141784280538559,1.33735427819192,-2.22072271443903,1.07811162434518,-1.37001703120768
-0.0398850440979,0.135860174894333,1.31343847792596,-2.19167965836823,1.07412821333855,-1.37651860900223
-0.036788329482079,0.131399661302567,1.30551079567522,-2.14794966764748,1.08478081878275,-1.35955169983208
-0.033912226557732,0.128322750329971,1.28049397515133,-2.12563866563141,1.07702061580494,-1.35570216365159
-0.031084015965462,0.125285178422928,1.26161445659818,-2.10223567206413,1.07511036080541,-1.35052460152656
-0.027513086795807,0.118190854787827,1.24575426150113,-2.06122669810429,1.08067574072629,-1.35208156937733
-0.024492934346199,0.113848924636841,1.23211316764355,-2.03137952001998,1.08515556156635,-1.34828597219894
-0.034224167466164,0.135449707508087,1.22041500173509,-2.05106446286663,1.01506999693811,-1.23836621781811
-0.02833017706871,0.12692728638649,1.19241468422115,-2.00026248022914,1.02243362180889,-1.2386987619102
-0.025353536009789,0.122718065977097,1.17905104532838,-1.97133736684918,1.02692982926965,-1.2350289709866
-0.026176124811173,0.125347852706909,1.15612249076366,-1.95818257331848,0.999065741896629,-1.20609545707703
-0.023329675197601,0.121268808841705,1.14598014391959,-1.92450770922005,1.00600209273398,-1.19689485616982
-0.025573343038559,0.124286562204361,1.14603397995234,-1.91207325085998,0.992593921720982,-1.16635387763381
-0.020221918821335,0.117545336484909,1.1071897149086,-1.87774085998535,0.985858201980591,-1.1724688410759
-0.017465814948082,0.113523304462433,1.09476372227073,-1.85033639520407,0.989968832582235,-1.16919656842947
-0.014741405844689,0.109644889831543,1.07216120138764,-1.82635137066245,0.983712766319513,-1.16848203167319
-0.012054607272148,0.105837672948837,1.05491992458701,-1.80138714984059,0.982592280954122,-1.16636111214757
-0.015687540173531,0.111567914485931,1.04433608055115,-1.78645306825638,0.950210839509964,-1.11704558134079
-0.013293251395226,0.109063476324081,1.02600392326713,-1.77203937619925,0.946244414895773,-1.11765851825476
-0.010926112532616,0.106523871421814,1.01287664659321,-1.74740245193243,0.947319971397519,-1.10825922340155
-0.007934808731079,0.100576132535934,0.994866948574781,-1.71434522420168,0.947258096188307,-1.11088842898607
-0.005468517541885,0.096984297037125,0.976636001840234,-1.6957490593195,0.943824896588922,-1.11384327709675
-0.005468517541885,0.096984297037125,0.955254102125764,-1.6638116389513,0.922442996874451,-1.08190585672855
0.002433270215988,0.099282056093216,0.88324692286551,-1.57972604036331,0.897846544161439,-0.984033703804016
0.006695792078972,0.089662313461304,0.858236078172922,-1.53742569684982,0.898410830646753,-0.999451816082001
0.008942097425461,0.089955478906632,0.84651143103838,-1.51543927192688,0.900164015591145,-0.975706398487091
0.011141002178192,0.087069690227509,0.830307427793741,-1.50009362399578,0.897153440862894,-0.97767548263073
0.013309299945831,0.088027477264404,0.814935263246298,-1.49088257551193,0.894791062921286,-0.962717711925507
0.015624985098839,0.084205716848374,0.798427816480398,-1.4718554019928,0.892177727073431,-0.966621100902557
0.017759501934052,0.081268191337586,0.78276814520359,-1.45646515488625,0.8893251568079,-0.968856006860733
0.019895166158676,0.078413367271423,0.777625251561403,-1.41999094188213,0.89699624851346,-0.949510738253593
0.021694213151932,0.082015961408615,0.765200562775135,-1.40968734025955,0.895365841686726,-0.917591571807861
0.023972004652023,0.078438848257065,0.754999585449696,-1.38688145577908,0.898831613361836,-0.916248366236687
0.026058226823807,0.075736999511719,0.737973064184189,-1.36955186724663,0.894322425127029,-0.915129870176315
0.026212587952614,0.079045951366425,0.730574995279312,-1.3671687245369,0.887850522994995,-0.892893016338348
0.02638903260231,0.079666703939438,0.723231375217438,-1.36215397715569,0.881565570831299,-0.884153753519058
0.031846433877945,0.073820471763611,0.700398251414299,-1.32366941869259,0.891476854681969,-0.880746588110924
0.033529549837113,0.074448585510254,0.68870110064745,-1.31142266094685,0.889878399670124,-0.864731147885323
0.034110575914383,0.073505729436874,0.685477562248707,-1.29572376608849,0.890141017735004,-0.854689389467239
0.03407147526741,0.074823766946793,0.675596959888935,-1.29473930597305,0.880025811493397,-0.845796704292297
0.039667174220085,0.067774832248688,0.646947219967842,-1.26336161792278,0.884950265288353,-0.856712624430656
0.039460390806198,0.069698989391327,0.645417213439941,-1.24880294501781,0.88217955827713,-0.830609008669853
0.040389716625214,0.069616913795471,0.635796032845974,-1.23735375702381,0.878134332597256,-0.819652274250984
0.040247976779938,0.070479333400726,0.630635842680931,-1.22938859462738,0.872123703360558,-0.806512594223022
0.04090715944767,0.068952888250351,0.625277400016785,-1.2116312533617,0.870720356702805,-0.797913923859596
0.041472256183624,0.067339777946472,0.615428484976292,-1.19958198070526,0.864262022078037,-0.795543313026428
0.04179148375988,0.065629184246063,0.609885454177856,-1.18645273149014,0.860634356737137,-0.792677626013756
0.042124941945076,0.063922941684723,0.604513607919216,-1.17333671450615,0.857263259589672,-0.789799064397812
0.042616620659828,0.062332779169083,0.596798151731491,-1.16402837634087,0.85249787569046,-0.79003170132637
0.042497009038925,0.061140477657318,0.594823941588402,-1.15759766101837,0.849805995821953,-0.790754795074463
0.042545557022095,0.059913784265518,0.592292621731758,-1.1509476006031,0.847565963864327,-0.791464895009995
0.038153305649757,0.066793382167816,0.600782014429569,-1.13923600316048,0.829701848328114,-0.73847571015358
0.037888035178185,0.065603405237198,0.600859545171261,-1.12941360473633,0.828187756240368,-0.735793173313141
0.03747022151947,0.066618859767914,0.601031079888344,-1.12204641103745,0.825852409005165,-0.722333252429962
0.037339061498642,0.065362691879273,0.598850764334202,-1.11535567045212,0.822885133326054,-0.723179519176483
0.037401467561722,0.064171820878983,0.599301628768444,-1.10096317529678,0.823710434138775,-0.715932250022888
0.036906063556671,0.067757546901703,0.598521374166012,-1.09959745407105,0.819957755506039,-0.693052172660828
0.037890821695328,0.066749215126038,0.59411745518446,-1.09100127220154,0.821462385356426,-0.690505981445313
0.038844347000122,0.066293507814407,0.589636243879795,-1.08465895056725,0.822702325880528,-0.686897903680801
0.040019020438194,0.066101551055908,0.584143333137035,-1.0776838362217,0.824257455766201,-0.681074529886246
0.038887724280357,0.071614056825638,0.579780697822571,-1.0830385684967,0.813107043504715,-0.653354227542877
0.038795739412308,0.072828054428101,0.579137802124023,-1.07601833343506,0.81191223859787,-0.639050006866455
0.041071638464928,0.072739660739899,0.567738905549049,-1.07408526539803,0.814168736338615,-0.637647300958633
0.042272329330444,0.072843164205551,0.560608357191086,-1.07287690043449,0.814242333173752,-0.635817915201187
0.042832776904106,0.076886594295502,0.558360278606415,-1.06684377789497,0.815356940031052,-0.605524212121964
0.043756291270256,0.076627761125565,0.553991228342056,-1.05988466739655,0.816528975963593,-0.600118100643158
0.044794604182243,0.07646980881691,0.54911008477211,-1.05349805951118,0.81787770986557,-0.594679206609726
0.045425280928612,0.081824064254761,0.543807454407215,-1.05590295791626,0.816359139978886,-0.564958572387695
0.045462757349014,0.083828985691071,0.54334844648838,-1.05406713485718,0.816124990582466,-0.551093220710754
0.046433001756668,0.082546055316925,0.539663165807724,-1.04427182674408,0.818261176347732,-0.548995494842529
0.046533495187759,0.081228971481323,0.539569109678268,-1.03719085454941,0.818770080804825,-0.549817025661469
0.045930474996567,0.084693372249603,0.541290268301964,-1.03130984306335,0.816873118281364,-0.523149609565735
0.045914381742478,0.085335165262222,0.541687771677971,-1.02536052465439,0.817174062132835,-0.513349533081055
0.045889884233475,0.085949510335922,0.541838750243187,-1.02520474791527,0.817178055644035,-0.509507685899735
0.044610932469368,0.082533866167069,0.546839416027069,-1.010633289814,0.814505010843277,-0.515430092811585
0.044312447309494,0.08345091342926,0.550980344414711,-0.997201442718506,0.816855028271675,-0.496495962142944
0.044179126620293,0.082004308700562,0.552193403244019,-0.990419685840607,0.817268162965775,-0.498393833637238
0.044145599007607,0.081207275390625,0.552686735987663,-0.984213680028915,0.817560330033302,-0.496970027685165
0.044061854481697,0.080375283956528,0.552476309239864,-0.980936527252197,0.816847436130047,-0.498684823513031
0.044428989291191,0.084977298974991,0.552181161940098,-0.975630074739456,0.818755097687244,-0.465766280889511
0.044999033212662,0.083329290151596,0.548836201429367,-0.97159343957901,0.818830400705338,-0.471617698669434
0.045633316040039,0.082462191581726,0.54647122323513,-0.963239312171936,0.820271119475365,-0.46846616268158
0.046395778656006,0.081844687461853,0.542040161788464,-0.963231086730957,0.820414833724499,-0.472162961959839
0.046619445085526,0.088046610355377,0.542187236249447,-0.964716702699661,0.8219039067626,-0.436437040567398
0.04854528605938,0.087624192237854,0.533932827413082,-0.960659176111221,0.82520454376936,-0.434914022684097
0.049248620867729,0.089708954095841,0.530484214425087,-0.965031564235687,0.825975939631462,-0.426777839660645
0.050414755940437,0.089146286249161,0.525039970874786,-0.962860107421875,0.82752850651741,-0.42798238992691
0.051254764199257,0.091336399316788,0.520495802164078,-0.964749604463577,0.828024387359619,-0.416731208562851
0.052246153354645,0.090771824121475,0.514213234186173,-0.962810337543488,0.827690154314041,-0.418179392814636
0.052775844931603,0.090232819318771,0.511755116283894,-0.959850966930389,0.828410185873508,-0.418454051017761
0.052738234400749,0.09370830655098,0.509402722120285,-0.963397771120071,0.82583212852478,-0.401147931814194
0.052670583128929,0.094575256109238,0.507050536572933,-0.964191675186157,0.823074035346508,-0.396740138530731
0.052961453795433,0.094981491565704,0.503343619406223,-0.962192863225937,0.821112342178822,-0.392303913831711
0.052964925765991,0.095806121826172,0.505424596369267,-0.960005283355713,0.823214150965214,-0.385168552398682
0.052817344665527,0.096854627132416,0.505316950380802,-0.962838530540466,0.822221018373966,-0.381710767745972
0.055958837270737,0.09571772813797,0.493351340293884,-0.957813054323196,0.829104363918304,-0.383506685495377
0.056111484766007,0.096602499485016,0.492614969611168,-0.958635866641998,0.829283878207207,-0.379020869731903
0.056271880865097,0.096621930599213,0.491915456950664,-0.958408027887344,0.829546742141247,-0.378676444292068
0.057228595018387,0.096584320068359,0.488441400229931,-0.955359041690826,0.831812970340252,-0.37585312128067
0.057641953229904,0.0963474214077,0.486620470881462,-0.954719185829163,0.832472190260887,-0.376634657382965
0.057785749435425,0.095977425575256,0.485988572239876,-0.953076153993607,0.832703068852425,-0.377211600542068
0.057774841785431,0.094725877046585,0.485978662967682,-0.946864247322082,0.832627713680267,-0.378508985042572
0.057372227311134,0.09378245472908,0.487384393811226,-0.943808078765869,0.831617757678032,-0.381113350391388
0.056803464889526,0.092751324176788,0.489994987845421,-0.939063400030136,0.830815777182579,-0.382555454969406
0.056005746126175,0.091934502124786,0.493136592209339,-0.936908602714539,0.829171068966389,-0.38530158996582
0.055270090699196,0.090650916099548,0.495537988841534,-0.93139585852623,0.827158533036709,-0.38749036192894
0.054464921355248,0.089612662792206,0.498176783323288,-0.929675132036209,0.824966311454773,-0.391999155282974
0.053573831915856,0.088578790426254,0.500920571386814,-0.927236676216126,0.822363562881947,-0.3957639336586
0.051991194486618,0.093884527683258,0.501251630485058,-0.929801881313324,0.813198797404766,-0.366494715213776
0.05069600045681,0.092107206583023,0.505291528999805,-0.922555983066559,0.809467531740665,-0.36991274356842
0.050341233611107,0.09321340918541,0.505051247775555,-0.926742643117905,0.807098649442196,-0.367462188005447
0.050049856305122,0.091954350471497,0.504187181591988,-0.921698689460754,0.804486319422722,-0.369972586631775
0.05017115175724,0.091562122106552,0.5029281899333,-0.920418918132782,0.803955100476742,-0.371046185493469
0.050612345337868,0.091304570436478,0.500554412603378,-0.91955029964447,0.804228484630585,-0.371722877025604
0.050355881452561,0.09496483206749,0.497280567884445,-0.921717673540115,0.799415856599808,-0.351928681135178
0.051276803016663,0.09426361322403,0.492652133107185,-0.920206040143967,0.800312951207161,-0.354624360799789
0.05099880695343,0.096162438392639,0.4929508715868,-0.922888845205307,0.798943713307381,-0.345914214849472
0.051169157028198,0.096885681152344,0.492512464523315,-0.923636376857758,0.799527406692505,-0.342322289943695
0.053443267941475,0.097046732902527,0.483400911092758,-0.924433469772339,0.804060518741608,-0.342153072357178
0.054066374897957,0.097169458866119,0.48116010427475,-0.925504952669144,0.805558353662491,-0.342488199472427
0.054808139801025,0.097162842750549,0.478953763842583,-0.925965785980225,0.807802602648735,-0.342988729476929
0.055430591106415,0.09720578789711,0.476417444646359,-0.926952004432678,0.809000991284847,-0.343717277050018
0.055980995297432,0.097464978694916,0.473353296518326,-0.928868651390076,0.809239268302918,-0.344078779220581
0.057148441672325,0.100219279527664,0.470147423446178,-0.932931035757065,0.813038073480129,-0.33161535859108
0.057407990098,0.100293844938278,0.468972377479076,-0.933471143245697,0.813420318067074,-0.331708073616028
0.057624489068985,0.10044127702713,0.468934990465641,-0.932132571935654,0.814681924879551,-0.329484909772873
0.057604998350144,0.100944697856903,0.469521947205067,-0.932090401649475,0.815151937305927,-0.326422214508057
0.058155417442322,0.099985331296921,0.470025204122067,-0.923265069723129,0.818957708775997,-0.323353081941605
0.058103919029236,0.101128906011581,0.471095539629459,-0.922876536846161,0.819719053804874,-0.316103100776672
0.057577759027481,0.099848181009293,0.473801620304585,-0.917884886264801,0.819268174469471,-0.318795800209045
0.056520968675613,0.09953510761261,0.478197000920773,-0.914119899272919,0.817322812974453,-0.316909253597259
0.056498110294342,0.09917876124382,0.478498637676239,-0.91099551320076,0.817487299442291,-0.315922945737839
0.054365828633308,0.097632110118866,0.487498208880425,-0.90318751335144,0.813693180680275,-0.317394852638245
0.053373664617539,0.096736669540405,0.49229533970356,-0.897241413593292,0.812537327408791,-0.316821396350861
0.052569717168808,0.095890820026398,0.495568603277206,-0.892562538385391,0.810986906290054,-0.317217618227005
0.051661640405655,0.09498131275177,0.497282817959786,-0.887543767690659,0.807252660393715,-0.317655891180038
0.050839021801949,0.094292223453522,0.50258744508028,-0.879329800605774,0.807621575891972,-0.313576459884644
0.050224378705025,0.093889504671097,0.504911974072456,-0.87538954615593,0.806258246302605,-0.312052518129349
0.049797683954239,0.093172639608383,0.506417974829674,-0.871413618326187,0.805204078555107,-0.312377780675888
0.04898539185524,0.091748386621475,0.507058694958687,-0.869520664215088,0.800971046090126,-0.319030344486237
0.04913929104805,0.091506332159042,0.508392840623856,-0.865361034870148,0.803228586912155,-0.316323041915894
0.049764096736908,0.091691792011261,0.507199481129646,-0.865871876478195,0.805784061551094,-0.315721124410629
0.050000280141831,0.092043250799179,0.507332272827625,-0.863547533750534,0.807333953678608,-0.31128802895546
0.050774723291397,0.092371642589569,0.505226947367191,-0.862802594900131,0.809875287115574,-0.308572739362717
0.051948398351669,0.09586364030838,0.50518524646759,-0.863995850086212,0.816875636577606,-0.288814008235931
0.051749661564827,0.096343338489533,0.50888903439045,-0.865360468626022,0.819387003779411,-0.287300437688828
0.053946867585182,0.097028970718384,0.501345418393612,-0.863858819007874,0.825026623904705,-0.281684994697571
0.054511204361916,0.098380565643311,0.501939907670021,-0.862788200378418,0.829007133841515,-0.272504806518555
0.055663794279099,0.099194169044495,0.499311789870262,-0.86127695441246,0.833294555544853,-0.266111940145493
0.056072235107422,0.099012821912766,0.499641820788384,-0.861420214176178,0.836075231432915,-0.267343282699585
0.056711882352829,0.100283265113831,0.499382212758064,-0.861722558736801,0.839653506875038,-0.260022968053818
0.056612521409988,0.101063787937164,0.5022828951478,-0.856427997350693,0.841958023607731,-0.250045269727707
0.056624680757523,0.101777017116547,0.503876857459545,-0.856600075960159,0.843624942004681,-0.24593797326088
0.056386768817902,0.100511342287064,0.506345435976982,-0.849222362041473,0.844666048884392,-0.246154308319092
0.05647799372673,0.10068690776825,0.506576478481293,-0.845969498157501,0.845444440841675,-0.241848051548004
0.05650606751442,0.101278901100159,0.506472900509834,-0.847276568412781,0.845509305596352,-0.239603161811829
0.054243072867394,0.099402338266373,0.51599708199501,-0.839315921068192,0.841455519199371,-0.242901891469955
0.05355416238308,0.098655343055725,0.518072634935379,-0.837804347276688,0.839397609233856,-0.245872288942337
0.052666410803795,0.09881317615509,0.519159100949764,-0.838218808174133,0.835157565772533,-0.245339751243591
0.052741065621376,0.098049223423004,0.517421171069145,-0.836154729127884,0.833867564797401,-0.247859388589859
0.050277307629585,0.096238076686859,0.525947250425816,-0.829370379447937,0.827611096203327,-0.251941919326782
0.049979165196419,0.096426010131836,0.525176778435707,-0.829845637083054,0.82505176961422,-0.251289576292038
0.049360632896423,0.095355808734894,0.527550213038921,-0.82578706741333,0.823714010417461,-0.253652215003967
0.049369096755982,0.095032721757889,0.52749340236187,-0.824047207832336,0.823707982897759,-0.253850877285004
0.049588203430176,0.097049742937088,0.527299828827381,-0.825148671865463,0.824829049408436,-0.242850214242935
0.049726366996765,0.097882479429245,0.527020372450352,-0.826772302389145,0.825378574430943,-0.239477425813675
0.049367249011994,0.099113941192627,0.528868742287159,-0.829111874103546,0.825072236359119,-0.234428226947784
0.049575030803681,0.10000205039978,0.528270952403545,-0.828513979911804,0.825721137225628,-0.228501677513123
0.049547225236893,0.100927948951721,0.529178567230701,-0.830351829528809,0.826461918652058,-0.224784135818481
0.052330166101456,0.101152241230011,0.517236016690731,-0.829212874174118,0.831217013299465,-0.222299426794052
0.053331807255745,0.102848052978516,0.514089800417423,-0.831629395484924,0.834080643951893,-0.214541077613831
0.053782656788826,0.102876216173172,0.511145874857903,-0.829421073198319,0.833841815590858,-0.212163776159286
0.054309517145157,0.104218333959579,0.510204955935478,-0.830642759799957,0.836062058806419,-0.20533275604248
0.054469794034958,0.104315727949142,0.509504795074463,-0.830783069133758,0.83632355928421,-0.204888701438904
0.054974049329758,0.105273574590683,0.509015083312988,-0.826133579015732,0.838859379291534,-0.194492131471634
0.055022835731506,0.105459898710251,0.507552415132523,-0.826896995306015,0.837689429521561,-0.19413760304451
0.05526202917099,0.106837779283524,0.505499213933945,-0.828591257333756,0.837071388959884,-0.187564581632614
0.055223047733307,0.107671469449997,0.503722220659256,-0.826626032590866,0.835060507059097,-0.180597215890884
0.055122911930084,0.108501583337784,0.502666413784027,-0.826393842697144,0.833403885364533,-0.175384342670441
0.054875358939171,0.109082996845245,0.500229611992836,-0.827866703271866,0.829481765627861,-0.173368722200394
0.053121507167816,0.106445789337158,0.505966261029244,-0.817364484071732,0.82469530403614,-0.178689748048782
0.052584543824196,0.10619792342186,0.506896585226059,-0.816440254449844,0.822403848171234,-0.179252713918686
0.052157193422318,0.105883896350861,0.506954059004784,-0.815388470888138,0.819897219538689,-0.180085092782974
0.051981598138809,0.105354845523834,0.505074992775917,-0.817176759243012,0.816964581608772,-0.185047686100006
0.05188350379467,0.105334877967834,0.504889525473118,-0.817493826150894,0.816190548241138,-0.185484558343887
0.051354691386223,0.108243107795715,0.504017360508442,-0.821456402540207,0.812145508825779,-0.171997755765915
0.051118791103363,0.109500259160995,0.50402145832777,-0.824008762836456,0.810734204947948,-0.167007207870483
0.051612988114357,0.10888534784317,0.500564523041248,-0.822747975587845,0.81024245172739,-0.169435888528824
0.051552280783653,0.108790189027786,0.49991038441658,-0.822221577167511,0.8092240691185,-0.169480443000793
0.051199957728386,0.110906451940537,0.499125480651856,-0.824321448802948,0.806325227022171,-0.158882737159729
0.05098269879818,0.111487656831741,0.49818029999733,-0.824862957000732,0.804076492786408,-0.155937016010284
0.050796136260033,0.112088352441788,0.497373357415199,-0.825028866529465,0.802150174975395,-0.152498751878738
0.050076439976692,0.111288547515869,0.497475698590279,-0.821955561637878,0.797934338450432,-0.154224276542664
0.050036922097206,0.112461984157562,0.497358396649361,-0.822133272886276,0.797579929232597,-0.147361367940903
0.048962816596031,0.110764294862747,0.501449137926102,-0.8144671022892,0.795226037502289,-0.149881333112717
0.048068434000015,0.109906226396561,0.503389865159988,-0.811421871185303,0.79180046916008,-0.151984512805939
0.048308551311493,0.110554069280624,0.502411514520645,-0.811426907777786,0.792262822389603,-0.14810249209404
0.046571299433708,0.109113395214081,0.509319558739662,-0.80391737818718,0.788747355341911,-0.149237006902695
0.045855805277824,0.108313351869583,0.511714309453964,-0.7998066842556,0.78684914112091,-0.149926573038101
0.046048849821091,0.109101921319962,0.511157043278217,-0.799354910850525,0.787450142204762,-0.144743382930756
0.044666826725006,0.107797086238861,0.514896638691425,-0.795006811618805,0.782897599041462,-0.148224294185638
0.044862449169159,0.108584582805634,0.514533117413521,-0.794867843389511,0.783707812428474,-0.14336034655571
0.044346794486046,0.107409298419952,0.516185075044632,-0.790487974882126,0.782265841960907,-0.146032184362412
0.044384151697159,0.108526796102524,0.514965951442719,-0.790532439947128,0.781270861625671,-0.139371663331986
0.044328361749649,0.109495550394058,0.514556556940079,-0.791719764471054,0.780526727437973,-0.134746462106705
0.044271975755692,0.110535234212875,0.514884918928146,-0.791115313768387,0.780516773462296,-0.127903908491135
0.044230192899704,0.111597329378128,0.514594726264477,-0.791272819042206,0.779975883662701,-0.121688842773438
0.044054716825485,0.112475007772446,0.51390665024519,-0.793187379837036,0.778234951198101,-0.118337333202362
0.04733581840992,0.112015575170517,0.500321008265018,-0.791045367717743,0.784335918724537,-0.118951916694641
0.047861859202385,0.111921489238739,0.497805200517178,-0.789913475513458,0.784976355731487,-0.118384540081024
0.048458859324455,0.111842811107636,0.495007932186127,-0.788908630609512,0.785761088132858,-0.117851763963699
0.048072755336762,0.115265071392059,0.495467439293861,-0.792037546634674,0.78390397131443,-0.100447118282318
0.04926235973835,0.115258276462555,0.490545853972435,-0.79201677441597,0.786120012402535,-0.10046711564064
0.049743354320526,0.11512815952301,0.488485619425774,-0.791816592216492,0.78694574534893,-0.10104763507843
0.050140112638474,0.114947527647018,0.48663030564785,-0.790405929088593,0.787470981478691,-0.100720763206482
0.051043555140495,0.117750316858292,0.485119104385376,-0.792125642299652,0.791380435228348,-0.085623741149902
0.051322162151337,0.117741912603378,0.484244793653488,-0.79265034198761,0.792177766561508,-0.08619886636734
0.051733255386353,0.11960431933403,0.483952715992928,-0.793978273868561,0.794352248311043,-0.07635235786438
0.052159056067467,0.119176983833313,0.48314855992794,-0.793066143989563,0.796102896332741,-0.078004240989685
0.052032142877579,0.118868291378021,0.483455650508404,-0.789848744869232,0.795648507773876,-0.076638996601105
0.051782637834549,0.118377029895782,0.48529414087534,-0.787742018699646,0.795989967882633,-0.077479839324951
0.050827205181122,0.118163257837296,0.488703109323978,-0.786876529455185,0.793666340410709,-0.077896982431412
0.050062835216522,0.118016064167023,0.490244343876839,-0.78496989607811,0.790621355175972,-0.076873511075974
0.0492844581604,0.117615342140198,0.492195717990398,-0.783939450979233,0.787902466952801,-0.078247398138046
0.048793226480484,0.11717677116394,0.493850089609623,-0.782300233840942,0.786609448492527,-0.0792396068573
0.049376755952835,0.121885180473328,0.495777703821659,-0.784885942935944,0.79203823953867,-0.053574860095978
0.048585176467896,0.121091067790985,0.498512588441372,-0.780029684305191,0.790023647248745,-0.05348327755928
0.048436760902405,0.122125864028931,0.498094841837883,-0.780955076217651,0.788715407252312,-0.048199892044067
0.048086702823639,0.122586607933044,0.498187258839607,-0.781208276748657,0.786707475781441,-0.045688629150391
0.047792851924896,0.12326443195343,0.498451061546802,-0.781402677297592,0.78520817309618,-0.041816085577011
0.045403808355332,0.120166152715683,0.508206754922867,-0.768597066402435,0.780629605054855,-0.047600150108337
0.044565051794052,0.121349066495895,0.51025527715683,-0.772917896509171,0.777645587921143,-0.044823497533798
0.043929398059845,0.120193094015121,0.513068288564682,-0.768595308065414,0.776644676923752,-0.047436743974686
0.043647050857544,0.119678735733032,0.514594733715057,-0.766769677400589,0.776477038860321,-0.048697263002396
0.043638020753861,0.119256734848022,0.515049815177918,-0.765532523393631,0.77687793970108,-0.049992114305496
0.043126076459885,0.12231582403183,0.515601851046085,-0.768125772476196,0.774358309805393,-0.034230828285217
0.043716743588448,0.122776567935944,0.513698317110539,-0.768411815166473,0.775998778641224,-0.031752407550812
0.044515460729599,0.123760759830475,0.511605955660343,-0.770788967609406,0.778698720037937,-0.028224408626556
0.044827848672867,0.123998880386353,0.509291388094425,-0.770986825227737,0.778258480131626,-0.026993542909622
0.045139878988266,0.12609201669693,0.509406916797161,-0.772903710603714,0.780246190726757,-0.016351610422134
0.04593500494957,0.125990241765976,0.505638912320137,-0.771227091550827,0.781248942017555,-0.015285640954971
0.046240091323853,0.126032054424286,0.505406454205513,-0.771926790475845,0.782847002148628,-0.01573446393013
0.046904742717743,0.129446744918823,0.504239358007908,-0.774374753236771,0.785667814314365,0.002305716276169
0.047266498208046,0.129335254430771,0.503034964203835,-0.774759948253632,0.78663395345211,0.001251578330994
0.047313138842583,0.130924552679062,0.50376695394516,-0.776405721902847,0.787645787000656,0.009141594171524
0.047362312674522,0.13165482878685,0.504346132278442,-0.777411699295044,0.788520008325577,0.012517273426056
0.046963304281235,0.132504135370255,0.505469590425491,-0.777148395776749,0.7872494161129,0.017876416444779
0.046938508749008,0.133401423692703,0.505175448954105,-0.777406454086304,0.786806501448154,0.023002088069916
0.046999245882034,0.134163707494736,0.506109848618507,-0.77957421541214,0.788105323910713,0.025408029556275
0.050315618515015,0.133796721696854,0.491864390671253,-0.777192622423172,0.793758101761341,0.02558770775795
0.050719320774078,0.133566349744797,0.489544913172722,-0.775472223758698,0.793860837817192,0.025925874710083
0.051429748535156,0.136617630720139,0.489842668175697,-0.779977470636368,0.798421159386635,0.039728313684464
0.051756918430328,0.136758774518967,0.488972596824169,-0.777342259883881,0.799514107406139,0.04321038722992
0.049622684717178,0.136405497789383,0.497880637645721,-0.775933086872101,0.795616745948792,0.042499899864197
0.049188703298569,0.137941360473633,0.499575585126877,-0.775984764099121,0.794707804918289,0.051663398742676
0.049181550741196,0.138329893350601,0.499253422021866,-0.774093300104141,0.79434272646904,0.055886059999466
0.048857748508453,0.138932108879089,0.501535534858704,-0.7751325070858,0.794682025909424,0.058460146188736
0.04866436123848,0.139716029167175,0.501688793301582,-0.775043100118637,0.79367496073246,0.063253074884415
0.049033582210541,0.139024674892426,0.500024810433388,-0.771374642848969,0.794226303696632,0.062773406505585
0.048712715506554,0.138494431972504,0.502891831099987,-0.770937711000443,0.795168124139309,0.06002888083458
0.048232778906822,0.141727089881897,0.503067597746849,-0.773580461740494,0.792464271187782,0.076782077550888
0.047594875097275,0.142681896686554,0.505006745457649,-0.773594528436661,0.790575996041298,0.082496851682663
0.047134757041931,0.140842974185944,0.507975123822689,-0.767993122339249,0.790783666074276,0.077064722776413
0.046775907278061,0.140083402395248,0.509991534054279,-0.764978557825089,0.790646977722645,0.075521856546402
0.04656931757927,0.143098175525665,0.510504528880119,-0.768147110939026,0.789920434355736,0.090441942214966
0.044892266392708,0.141784697771072,0.518011793494224,-0.763594478368759,0.787365391850472,0.087113708257675
0.044272646307945,0.143278986215591,0.519614428281784,-0.761779844760895,0.785250306129456,0.097894072532654
0.043878942728043,0.142610251903534,0.521014198660851,-0.75840961933136,0.784287855029106,0.097251892089844
0.043602257966995,0.142084926366806,0.524100139737129,-0.757982075214386,0.785713687539101,0.09452748298645
0.04287987947464,0.144547164440155,0.526110611855984,-0.758839190006256,0.783389888703823,0.108443796634674
0.0425975471735,0.144011825323105,0.526835031807423,-0.755925714969635,0.782420314848423,0.108145236968994
0.042726501822472,0.143646538257599,0.52626283466816,-0.753793299198151,0.782621845602989,0.108085930347443
0.042157635092735,0.146146565675736,0.526608020067215,-0.75616118311882,0.779553830623627,0.120718210935593
0.04166641831398,0.147008150815964,0.527903512120247,-0.756214320659637,0.777902022004128,0.125834584236145
0.042699277400971,0.147338330745697,0.527002707123756,-0.757926970720291,0.783198371529579,0.126103013753891
0.043575435876846,0.148156374692917,0.523360088467598,-0.758587956428528,0.784812703728676,0.130350291728973
0.043391332030296,0.148261100053787,0.523840948939323,-0.759298473596573,0.784188941121101,0.13026812672615
0.043767482042313,0.148316264152527,0.520955234766007,-0.758776843547821,0.783560127019882,0.13112074136734
0.044383227825165,0.14829158782959,0.517699509859085,-0.758323788642883,0.783998876810074,0.131425738334656
0.044316232204437,0.148062169551849,0.519722312688828,-0.758740216493607,0.785619705915451,0.12963280081749
0.044698596000671,0.152176558971405,0.51851487159729,-0.761243939399719,0.786706447601318,0.151815414428711
0.045768439769745,0.151509344577789,0.513884142041206,-0.757498532533646,0.788494780659676,0.15155753493309
0.046285420656204,0.151264846324921,0.514173194766045,-0.757827579975128,0.79188571870327,0.149761497974396
0.045501157641411,0.154093682765961,0.51739875972271,-0.760556966066361,0.790405705571175,0.164005130529404
0.045600548386574,0.153655558824539,0.515826299786568,-0.757708460092545,0.78942959010601,0.164224892854691
0.045744568109512,0.153311163187027,0.514646470546722,-0.756241232156753,0.789113879203796,0.163625746965408
0.046180695295334,0.155859231948853,0.515030562877655,-0.76020547747612,0.792114734649658,0.174949914216995
0.046320110559464,0.155743956565857,0.514506578445435,-0.76027849316597,0.792427241802216,0.174185246229172
0.046689778566361,0.155573606491089,1.66173687577248,-2.63895538449287,1.94187554717064,-1.70551374554634
0.904582798480988,0.20464326068759,-1.19402366876602,-3.80254177749157,4.2334731221199,-2.57468221336603
0.905079811811447,0.205120898783207,-1.19828993082047,-3.80085614323616,4.23218894004822,-2.57013075053692
0.0721395611763,-0.748764574527741,-0.381820529699326,-2.82642364501953,0.051016837358475,-7.31901109218597
0.07744525372982,-0.755146466195583,-0.400419861078262,-2.77168384194374,0.064251661300659,-7.30256263911724
0.081829965114594,-0.760135538876057,-0.410679966211319,-2.71374949812889,0.080299824476242,-7.27456273138523
0.082368910312653,-0.758000142872334,-0.435586005449295,-2.74266502261162,0.058627456426621,-7.29066587984562
0.082734823226929,-0.755644135177136,-0.448167055845261,-2.74577954411507,0.048241883516312,-7.27964435517788
0.093443617224693,-0.772565566003323,-0.45230820775032,-2.59783938527107,0.108353495597839,-7.23323278129101
0.13391637802124,-0.724212095141411,-0.505831092596054,-2.62240546941757,0.297667175531387,-6.96767804026604
0.141819983720779,-0.713422223925591,-0.503201723098755,-2.59572523832321,0.347718179225922,-6.87625858187676
0.148661315441132,-0.698681972920895,-0.526287823915482,-2.63372412323952,0.365680068731308,-6.82581596076489
0.158778488636017,-0.713957108557224,-0.539923220872879,-2.51866313815117,0.412747710943222,-6.80240578949451
0.161323383450508,-0.716782629489899,-0.570256799459457,-2.51277911663055,0.397683501243591,-6.81347489356995
0.159970417618752,-0.713613376021385,-0.545285969972611,-2.48499232530594,0.414536535739899,-6.76667258143425
0.158381298184395,-0.710429593920708,-0.535419791936874,-2.47449666261673,0.414867997169495,-6.73707422614098
0.200175270438194,-0.675082728266716,-0.590457201004028,-2.5031133890152,0.610594421625137,-6.55360975861549
0.210642129182816,-0.691154696047306,-0.645537614822388,-2.43196842074394,0.618315160274506,-6.57889659702778
0.227668315172195,-0.681328274309635,-0.627061903476715,-2.38780084252357,0.738947987556458,-6.47577048838139
0.235630705952644,-0.678279377520084,-0.648390337824822,-2.38428846001625,0.765393897891045,-6.45396472513676
0.228507176041603,-0.669037744402885,-0.63316635787487,-2.41446310281754,0.737876698374748,-6.42868956923485
0.240088775753975,-0.687260530889034,-0.64475654065609,-2.28968355059624,0.79577611386776,-6.41324673593044
0.257857099175453,-0.681011661887169,-0.65081213414669,-2.28308600187302,0.896330460906029,-6.36915597319603
0.261684775352478,-0.688311219215393,-0.679413720965385,-2.24717992544174,0.890694931149483,-6.3770472407341
0.261796668171883,-0.690461374819279,-0.693031713366509,-2.23177489638329,0.877748295664787,-6.37454314529896
0.261789403855801,-0.692619681358337,-0.652045145630837,-2.16490834951401,0.918691277503967,-6.32062643766403
0.283114783465862,-0.69873158633709,-0.678483664989471,-2.14089566469192,1.0202050358057,-6.33328518271446
0.282824262976646,-0.700925141572952,-0.690380364656448,-2.1252897977829,1.00656521320343,-6.33084064722061
0.282417073845863,-0.703112870454788,-0.664168149232864,-2.07427352666855,1.03033429384232,-6.29295074939728
0.281894341111183,-0.705331981182098,-0.682644337415695,-2.06715303659439,1.0087217092514,-6.29914492368698
0.281297653913498,-0.70757032930851,-0.693026512861252,-2.05126333236694,0.994759410619736,-6.296685308218
0.280594021081924,-0.709846332669258,-0.702853351831436,-2.03535282611847,0.98071077466011,-6.29443082213402
0.294164724647999,-0.731109902262688,-0.738289475440979,-1.99454843997955,1.02669887244701,-6.38120785355568
0.289461977779865,-0.731459751725197,-0.724334716796875,-1.97851127386093,1.01243714988232,-6.36726978421211
0.288571514189243,-0.733753859996796,-0.740689516067505,-1.97033536434174,0.990739569067955,-6.37285852432251
0.287595450878143,-0.736032664775848,-0.749076157808304,-1.95455360412598,0.976496547460556,-6.37074959278107
0.276709765195847,-0.745329558849335,-0.750422835350037,-1.93859493732452,0.909835755825043,-6.41057229042053
0.274584494531155,-0.750030905008316,-0.754025608301163,-1.91312396526337,0.893481358885765,-6.41330939531326
0.273451939225197,-0.752429991960526,-0.609947085380554,-1.75933229923248,1.03076454997063,-6.27391225099564
0.269437924027443,-0.751110464334488,-0.613256931304932,-1.76517963409424,1.00337061285973,-6.27184242010117
0.271146304905415,-0.757277235388756,-0.59741535782814,-1.70196270942688,1.02946247160435,-6.24562612175942
0.23985394090414,-0.755637392401695,-0.584813222289085,-1.70349246263504,0.854310423135757,-6.23731681704521
0.233203731477261,-0.753781065344811,-0.564371153712272,-1.675312936306,0.834851235151291,-6.19799932837486
0.221457742154598,-0.750444337725639,-0.528756782412529,-1.68167424201965,0.79998967051506,-6.18434026837349
0.217556856572628,-0.749427378177643,-0.49972228705883,-1.6559739112854,0.805618852376938,-6.15253818035126
0.227369494736195,-0.766437530517578,-0.543395981192589,-1.57493984699249,0.820820987224579,-6.17356503009796
0.226274665445089,-0.769075348973274,-0.519263803958893,-1.52933651208878,0.838384188711643,-6.14378860592842
0.225121412426233,-0.771558925509453,-0.506977587938309,-1.49567061662674,0.843750886619091,-6.12502416968346
0.223958257585764,-0.774021476507187,-0.494881182909012,-1.46228742599487,0.848868362605572,-6.10641628503799
0.222770430147648,-0.776451990008354,-0.51599232852459,-1.45914608240128,0.820630252361298,-6.1178580224514
0.166268289089203,-0.735495641827583,-0.45980915427208,-1.46764749288559,0.537800580263138,-5.88062134385109
0.161452479660511,-0.737229183316231,-0.433407545089722,-1.43798488378525,0.535307332873344,-5.86135998368263
0.16036269068718,-0.739679217338562,-0.422077208757401,-1.40568572282791,0.540098935365677,-5.84376102685928
0.159321948885918,-0.74212159216404,-0.410860627889633,-1.37365299463272,0.545071065425873,-5.82638254761696
0.155867531895637,-0.741550430655479,-0.421614855527878,-1.3813898563385,0.513590335845947,-5.83069244027138
0.157277163118124,-0.746921390295029,-0.420415177941322,-1.33801871538162,0.523247800767422,-5.81954705715179
0.122575584799051,-0.697191178798676,-0.375870153307915,-1.35901182889938,0.359583355486393,-5.54215890169144
0.119210127741098,-0.696697264909744,-0.384178325533867,-1.36477822065353,0.331082440912724,-5.544961810112
0.106988523155451,-0.676976218819618,-0.351000979542732,-1.35989397764206,0.290930159389973,-5.42175129055977
0.103710267692804,-0.676513314247131,-0.33691830933094,-1.34578433632851,0.285343296825886,-5.40486422181129
0.103710267692804,-0.676513314247131,-0.361148431897163,-1.26987782120705,0.261113174259663,-5.32895770668983
0.104136403650045,-0.704356506466866,-0.331694886088371,-1.1084007024765,0.293123535811901,-5.3345397412777
0.070952942129225,-0.607581272721291,-0.30458970926702,-1.19224745035172,0.121127943508327,-4.83773508667946
0.068561633583158,-0.597565069794655,-0.28616907261312,-1.1742779314518,0.125200728885829,-4.75966835021973
0.06274684285745,-0.597044259309769,-0.267143419012427,-1.16616460680962,0.109337638132274,-4.74843016266823
0.062636850576382,-0.585290759801865,-0.271741711301729,-1.13934233784676,0.104079392156564,-4.65108689665794
0.060992924671155,-0.576089352369309,-0.283031695289537,-1.14678853750229,0.08292585273739,-4.60332465171814
0.05962754925713,-0.580285429954529,-0.263195490464568,-1.10420355200768,0.094569805078209,-4.58591613173485
0.056880579795688,-0.580071806907654,-0.256305789574981,-1.09528535604477,0.08497768919915,-4.57571619749069
0.058278317563236,-0.584372133016586,-0.269558738917112,-1.07280960679054,0.080111166462302,-4.57904240489006
0.051777598448098,-0.550299882888794,-0.251869220286608,-1.07955294847488,0.058796370401979,-4.38135224580765
0.049813402816653,-0.543522194027901,-0.24737273901701,-1.06548520922661,0.05150767788291,-4.32661837339401
0.048616094514728,-0.534829810261726,-0.245494179427624,-1.05630385875702,0.046202387660742,-4.26528272032738
0.047674206085503,-0.539335295557976,-0.249149966984987,-1.02834784984589,0.036895269528031,-4.26435962319374
0.045051535591483,-0.524633422493935,-0.232177965342998,-1.01254206895828,0.0381312482059,-4.16034260392189
0.04589637927711,-0.518208190798759,-0.243271075189114,-0.994399696588516,0.032107200473547,-4.10364884138107
0.043319987133145,-0.520660445094109,-0.227805115282536,-0.968881756067276,0.032114807516337,-4.09284442663193
0.04301169142127,-0.522837102413178,-0.231718257069588,-0.942350715398788,0.026351891458035,-4.07937332987785
0.042780274525285,-0.524972900748253,-0.225796438753605,-0.918547987937927,0.030885208398104,-4.06838539242744
0.042493114247918,-0.527073904871941,-0.237701989710331,-0.899781495332718,0.017256695777178,-4.06222492456436
0.037666510790587,-0.48850890994072,-0.219249472022057,-0.910036027431488,0.006749592721462,-3.84108948707581
0.038634147495031,-0.482328206300736,-0.220508083701134,-0.895657896995544,0.011296801269055,-3.78962713479996
0.036612126976252,-0.484871312975884,-0.207421883940697,-0.870787352323532,0.012250877916813,-3.78001523017883
0.036799848079681,-0.487276345491409,-0.203317254781723,-0.846628546714783,0.017481833696365,-3.77028661966324
0.035319298505783,-0.487868621945381,-0.224112838506699,-0.832322388887405,-0.012197047472,-3.75953412055969
0.037317484617233,-0.492069989442825,-0.220439746975899,-0.794689163565636,0.003465160727501,-3.74710910022259
0.034872755408287,-0.457066923379898,-0.224013388156891,-0.806950375437737,-0.014776855707169,-3.54935191571712
0.035436436533928,-0.459463864564896,-0.221705213189125,-0.783319175243378,-0.009086593985558,-3.54010236263275
0.036173053085804,-0.461951419711113,-0.235353216528892,-0.765564978122711,-0.018314898014069,-3.53727349638939
0.036914560943842,-0.464295610785484,-0.227142035961151,-0.736291155219078,-0.0056546702981,-3.52206481993198
0.037638213485479,-0.466538175940514,-0.234125673770905,-0.714303255081177,-0.008296392858028,-3.51353231072426
0.038339041173458,-0.468875601887703,-0.232529610395432,-0.691754221916199,-0.002495363354683,-3.50500783324242
0.038794118911028,-0.471047505736351,-0.244909957051277,-0.677789092063904,-0.01214524358511,-3.50407412648201
0.035451430827379,-0.421470269560814,-0.247728362679481,-0.721733272075653,-0.035019777715206,-3.25055488944054
0.035048920661211,-0.414496526122093,-0.234237655997276,-0.70550474524498,-0.02394413203001,-3.19248390197754
0.036914087831974,-0.421145111322403,-0.237346947193146,-0.666177198290825,-0.015862420201302,-3.19304786622524
0.037516735494137,-0.423217475414276,-0.235498115420341,-0.645353451371193,-0.010397702455521,-3.18465830385685
0.038200110197067,-0.42530170083046,-0.24013389647007,-0.630409464240074,-0.010933235287666,-3.18221966922283
0.036874115467072,-0.399700969457626,-0.256304368376732,-0.661795899271965,-0.035059675574303,-3.06000171601772
0.035128593444824,-0.40056411921978,-0.254701420664787,-0.656647175550461,-0.043929859995842,-3.06003189086914
0.034184753894806,-0.400632977485657,-0.23265977203846,-0.632759526371956,-0.027551248669624,-3.0365573912859
0.038901090621948,-0.406343042850494,-0.247379668056965,-0.597978584468365,-0.013973124325276,-3.03603684157133
0.038866147398949,-0.407431736588478,-0.243390098214149,-0.582080215215683,-0.010193213820458,-3.02667063474655
0.038980782032013,-0.378095164895058,-0.262639328837395,-0.617349982261658,-0.028754636645317,-2.885920971632
0.037148326635361,-0.378322601318359,-0.257026359438896,-0.610370457172394,-0.034136399626732,-2.88030606508255
0.035729765892029,-0.377654671669006,-0.263357743620872,-0.61469703912735,-0.0489791482687,-2.88062506914139
0.037806756794453,-0.362805068492889,-0.253163419663906,-0.594395220279694,-0.02632287889719,-2.77122563123703
0.037227600812912,-0.364187985658646,-0.253254555165768,-0.583176329731941,-0.029888950288296,-2.76830424368381
0.037703208625317,-0.365558326244354,-0.251502018421888,-0.566972941160202,-0.025282766669989,-2.76032289862633
0.03683914989233,-0.365646213293076,-0.249781101942062,-0.561047129333019,-0.028746202588081,-2.75492440909147
0.035995684564114,-0.365762919187546,-0.245573375374079,-0.552920795977116,-0.029599267989397,-2.74749831110239
0.039049781858921,-0.369716048240662,-0.256768185645342,-0.529237285256386,-0.022469494491816,-2.74753357470036
0.038054265081883,-0.336333215236664,-0.252319607883692,-0.552298679947853,-0.023994017392397,-2.57029797136784
0.037899769842625,-0.33083575963974,-0.25366161391139,-0.552577842026949,-0.026262994855642,-2.53759239986539
0.038904406130314,-0.329114675521851,-0.262338828295469,-0.541109178215265,-0.028912391513586,-2.51579723134637
0.039270251989365,-0.330136626958847,-0.255680881440639,-0.522551815956831,-0.020059369504452,-2.50337157770991
0.03970317542553,-0.331129893660545,-0.259474853985012,-0.513554126024246,-0.021255801431835,-2.50033348798752
0.038820311427116,-0.330854967236519,-0.255220899358392,-0.507345959544182,-0.022299030795693,-2.49247576296329
0.040162868797779,-0.332508951425552,-0.257381676696241,-0.491270072758198,-0.016404463909566,-2.48632378131151
0.040699221193791,-0.308595672249794,-0.258259324124083,-0.502322193235159,-0.01406399696134,-2.35389622673392
0.039341926574707,-0.307758972048759,-0.261044231941923,-0.508246216922998,-0.024992672493681,-2.35480004921556
0.039292491972447,-0.307956799864769,-0.253015817608684,-0.494071457535028,-0.017260865774006,-2.34181225672364
0.038935467600823,-0.293713703751564,-0.253561926074326,-0.503639811649919,-0.019949120469391,-2.2659220341593
0.03902044147253,-0.294393599033356,-0.252987684682012,-0.492638535797596,-0.01886503584683,-2.25900012999773
0.039447531104088,-0.295613497495651,-0.257838906720281,-0.482547976076603,-0.021153720095754,-2.25622896105051
0.039893008768559,-0.296776995062828,-0.25391379930079,-0.464437016285956,-0.014555746689439,-2.24509898666292
0.040302656590939,-0.297926694154739,-0.252513274550438,-0.451249565929174,-0.010697335004807,-2.23880973085761
0.040920868515968,-0.276247903704643,-0.253343347460031,-0.461223950260319,-0.007818136364222,-2.11871137248818
0.040616624057293,-0.277647629380226,-0.249168511480093,-0.447129937820137,-0.005468767136335,-2.11301571410149
0.041159331798554,-0.278882697224617,-0.248429909348488,-0.433855254203081,-0.001473918557167,-2.10715143755078
0.041632488369942,-0.280097484588623,-0.260384932160377,-0.424879927188158,-0.010590001940727,-2.1054648347199
0.041135802865028,-0.280415773391724,-0.253016464412212,-0.41228199005127,-0.006201647222042,-2.09477663040161
0.042754739522934,-0.282712057232857,-0.256528120487928,-0.395056292414665,3.16649675369263E-07,-2.09132863581181
0.042309820652008,-0.283205613493919,-0.258450459688902,-0.390144716948271,-0.004591535776854,-2.08937839791179
0.043887570500374,-0.285440430045128,-0.267042499035597,-0.377453159540892,-0.003717076033354,-2.09009573981166
0.04441674053669,-0.28667776286602,-0.259662374854088,-0.35774652659893,0.006838068366051,-2.07781310379505
0.044913694262505,-0.287920519709587,-0.263863906264305,-0.349017363041639,0.005618259310722,-2.07654048129916
0.045440405607224,-0.289076521992683,-0.259301990270615,-0.333107115700841,0.013340443372727,-2.06756624765694
0.04584500938654,-0.290265172719955,-0.26020210981369,-0.321347619406879,0.014867946505547,-2.06293865572661
0.046359226107597,-0.291510105133057,-0.264251679182053,-0.312947273545433,0.013903677463532,-2.06200790434377
0.046764358878136,-0.292581349611282,-0.260484151542187,-0.298115158453584,0.020102001726627,-2.05360325612128
0.059406198561192,-0.254247054457664,-0.271679550409317,-0.325529786292464,0.084757640957832,-1.85101211303845
0.059837453067303,-0.2552600055933,-0.270812809467316,-0.314173268154263,0.088211908936501,-1.84573330171406
0.059329591691494,-0.255502060055733,-0.269050404429436,-0.307320071384311,0.086927145719528,-1.84033243171871
0.060627102851868,-0.25755187869072,-0.271746456623077,-0.292069528251886,0.092016160488129,-1.8373808003962
0.061015099287033,-0.258745118975639,-0.272315859794617,-0.281661909073591,0.093774735927582,-1.83413262292743
0.061464041471481,-0.259767636656761,-0.275964826345444,-0.274430172517896,0.092819422483444,-1.83303599245846
0.061869844794273,-0.260675668716431,-0.272493168711662,-0.261134047061205,0.098725900053978,-1.82518805935979
0.062169723212719,-0.261541232466698,-0.272359058260918,-0.251170974224806,0.100659281015396,-1.82041836902499
0.062519028782845,-0.262453258037567,-0.272678472101688,-0.241499576717615,0.102435700595379,-1.81621912494302
0.062943108379841,-0.263700544834137,-0.275358386337757,-0.233662582933903,0.102300263941288,-1.81586585193872
0.063474580645561,-0.26500803232193,-0.271681517362595,-0.219448655843735,0.109165966510773,-1.80949684977531
0.063957430422306,-0.266332566738129,-0.27433255314827,-0.211416613310575,0.109412029385567,-1.80941201373935
0.072272516787052,-0.243947818875313,-0.275992915034294,-0.223803836852312,0.157642185688019,-1.68749075010419
0.073536545038223,-0.245873212814331,-0.278717458248138,-0.209813509136438,0.162501811981201,-1.68505278602242
0.073971085250378,-0.247138038277626,-0.278190702199936,-0.19859017431736,0.16563580930233,-1.68141840398312
0.076044164597988,-0.243459969758987,-0.278801873326302,-0.194064430892468,0.177463114261627,-1.65482424944639
0.076498582959175,-0.244812771677971,-0.278428941965103,-0.182569615542889,0.180562555789948,-1.65144624561071
0.076865002512932,-0.246343940496445,-0.277777180075645,-0.170505173504353,0.183412835001946,-1.64856881648302
0.076734617352486,-0.244230046868324,-0.276394546031952,-0.162090547382832,0.184013158082962,-1.62747082859278
0.077048026025295,-0.24574476480484,-0.274077326059341,-0.153988197445869,0.18821083009243,-1.62845678627491
0.077391132712364,-0.247306168079376,-0.273339971899986,-0.14186555147171,0.191006824374199,-1.62570255994797
0.076810173690319,-0.245363131165504,-0.270964324474335,-0.135618135333061,0.18989671766758,-1.60779692232609
0.076473198831081,-0.24417419731617,-0.268141940236092,-0.132217459380627,0.190697252750397,-1.59726264327765
0.077174723148346,-0.247299358248711,-0.268411323428154,-0.115208640694618,0.194637015461922,-1.59900479018688
0.077540472149849,-0.248845010995865,-0.267802894115448,-0.103527545928955,0.197439938783646,-1.59659761190414
0.077016592025757,-0.246840879321098,-0.265675604343414,-0.097793370485306,0.196423947811127,-1.5788386464119
0.077355369925499,-0.248072266578674,-0.265043124556541,-0.087434574961662,0.199089094996452,-1.57586817443371
0.076661571860314,-0.246766090393066,-0.263535693287849,-0.085917733609676,0.196433737874031,-1.56651427596807
0.077677711844444,-0.2487753033638,-0.263989061117172,-0.07120531052351,0.202077209949493,-1.56385713070631
0.076848551630974,-0.246883273124695,-0.26296654343605,-0.071575529873371,0.198124766349792,-1.55287516862154
0.076222285628319,-0.248361349105835,-0.259007379412651,-0.059328317642212,0.198326334357262,-1.54949641227722
0.075318798422814,-0.246133744716644,-0.258092179894447,-0.060149237513542,0.193820610642433,-1.53695170581341
0.077084228396416,-0.250406339764595,-0.264350637793541,-0.036386735737324,0.198154732584953,-1.53882477432489
0.076074555516243,-0.248731508851051,-0.262049898505211,-0.035967990756035,0.194397434592247,-1.52835704386234
0.075663015246391,-0.247526064515114,-0.261377349495888,-0.035654373466969,0.19260074198246,-1.52081076055765
0.076673552393913,-0.250740423798561,-0.264955475926399,-0.02108646184206,0.19508583843708,-1.52552900463343
0.07575635612011,-0.248319640755653,-0.261076360940933,-0.012529864907265,0.193461775779724,-1.50244770944119
0.075327381491661,-0.247196689248085,-0.259494751691818,-0.012663893401623,0.192469537258148,-1.49584402889013
0.076135948300362,-0.250652089715004,0.211410865187645,-1.58136323094368,0.668226554989815,-3.0852757692337
-0.59293307736516,-0.517528474330902,3.60546499490738,0.157704919576645,0.047866530716419,-2.94746592640877
-0.591897804290056,-0.51954710483551,2.18541677296162,-1.22169816493988,-1.36597005277872,-4.33898079395294
-0.588847003877163,-0.522289276123047,2.17040392756462,-1.19590032100678,-1.36267809569836,-4.32963597774506
-0.588028628379107,-0.517029583454132,2.14962305128574,-1.22716522216797,-1.3785487189889,-4.32934272289276
-0.579261012375355,-0.526327133178711,2.12289461493492,-1.15541076660156,-1.35267145931721,-4.31337356567383
-0.574631057679653,-0.528251826763153,2.11130103468895,-1.11409783363342,-1.33648531138897,-4.28360879421234
-0.270275224000216,0.247025907039642,1.81199865043163,-1.87325763702393,0.19034730643034,-0.391102194786072
-0.262016884982586,0.237454473972321,1.78593283891678,-1.80219376087189,0.213831529021263,-0.377466917037964
-0.257426541298628,0.234419584274292,1.77408351004124,-1.7600771188736,0.22952426224947,-0.353559613227844
-0.253019150346518,0.23136967420578,1.76314420998096,-1.71863639354706,0.245029307901859,-0.330418348312378
-0.248758684843779,0.228329837322235,1.68264092504978,-1.79997247457504,0.19008881598711,-0.429993450641632
-0.244654022157192,0.225355088710785,1.67277425527573,-1.75995844602585,0.204850122332573,-0.407827913761139
-0.240598620846868,0.222126424312592,1.66299442201853,-1.71976739168167,0.219402696937323,-0.387008845806122
-0.240007415413856,0.226745188236237,1.6184301674366,-1.77264165878296,0.178385674953461,-0.41217052936554
-0.232841032557189,0.215850800275803,1.59641192480922,-1.70557618141174,0.199365729466081,-0.410471379756928
-0.232241673395038,0.220333129167557,1.57567300647497,-1.7247274518013,0.182222966104746,-0.40272867679596
-0.230213826522231,0.216155990958214,1.58042119443417,-1.69784958660603,0.199138235300779,-0.400913640856743
-0.219848905690014,0.202108159661293,1.52054498717189,-1.64300759136677,0.201451553031802,-0.43035863339901
-0.216323142871261,0.198938623070717,1.48801164329052,-1.63147987425327,0.190072786062956,-0.437848135828972
-0.215021504089236,0.199992761015892,1.46831994503737,-1.633829459548,0.178190920501947,-0.433872893452644
-0.213822077028453,0.208487555384636,1.44517318531871,-1.66913317143917,0.162240723147988,-0.418207839131355
-0.212904999963939,0.209237694740295,1.50143502280116,-1.60257464647293,0.224005023017526,-0.347148478031158
-0.211248496547341,0.21795192360878,1.47936570644379,-1.64072924852371,0.211874727159739,-0.333017706871033
-0.210646390914917,0.222135633230209,1.47143139690161,-1.648941218853,0.207553051412106,-0.316127419471741
-0.19417118281126,0.182456642389298,1.40004604309797,-1.48169136047363,0.235018946230412,-0.386951506137848
-0.191029194742441,0.179249674081802,1.39277223497629,-1.44792425632477,0.246597066521645,-0.372426211833954
-0.188123790547252,0.176384568214417,1.38631345331669,-1.41586929559708,0.257570710033178,-0.357561886310577
-0.184118991717696,0.170649409294128,1.38071016967297,-1.3696451485157,0.275996219366789,-0.345748692750931
-0.182634909637272,0.178617656230926,1.32566972449422,-1.44051572680473,0.229860266670585,-0.368809789419174
-0.181738778948784,0.182657778263092,1.32952704653144,-1.44036582112312,0.239094372838736,-0.344419151544571
-0.174604851286858,0.166668802499771,1.28359911777079,-1.3777674138546,0.235970010049641,-0.377754598855972
-0.173335456755012,0.170744866132736,1.26356033422053,-1.39436337351799,0.223547593690455,-0.369894176721573
-0.168530103284866,0.161488056182861,1.26306759379804,-1.33289441466331,0.251886974088848,-0.363966077566147
-0.165897359140217,0.158761292695999,1.25741925090551,-1.30342367291451,0.26203509606421,-0.35085591673851
-0.163344626547769,0.156152367591858,1.22076901141554,-1.30592086911201,0.240701252128929,-0.369006663560867
-0.160833787638694,0.153622925281525,1.22680359147489,-1.2697728574276,0.261800865642726,-0.348035305738449
-0.158363483380526,0.151017069816589,1.21021297760308,-1.24961504340172,0.26003207731992,-0.343512624502182
-0.156209181528538,0.151929646730423,1.22380818985403,-1.22517728805542,0.286553100682795,-0.313599407672882
-0.151346224825829,0.146963328123093,1.15932934544981,-1.24027210474014,0.25125199649483,-0.358492136001587
-0.148975312593393,0.144584357738495,1.16532728774473,-1.20605206489563,0.271475412184373,-0.338545918464661
-0.146655069664121,0.142090916633606,1.16035829484463,-1.17934596538544,0.280427876859903,-0.326800465583801
-0.144326540597831,0.139739274978638,1.15517102536978,-1.15346592664719,0.289211781782797,-0.31503027677536
-0.142241893045139,0.143364474177361,1.11870950344019,-1.1930928081274,0.265258145169355,-0.33290596306324
-0.141725963214412,0.146620437502861,1.11165961716324,-1.20066390931606,0.261303837876767,-0.320941284298897
-0.135947379050776,0.133113697171211,1.08377357106656,-1.14085958898067,0.2680892967619,-0.342177405953407
-0.132861164864153,0.130855023860931,1.06930817849934,-1.12588953971863,0.272141189314425,-0.34075939655304
-0.132559133227915,0.130903840065002,1.05444693751633,-1.1272377371788,0.259092138148844,-0.341814696788788
-0.131561969174072,0.137101143598557,1.05596914794296,-1.13976645469666,0.266597332898527,-0.317159593105316
-0.13106028502807,0.140163600444794,1.03959596343339,-1.15316355228424,0.253234253264964,-0.312181949615479
-0.130188116338104,0.140268430113792,1.02451810054481,-1.15443877875805,0.243389402516186,-0.312828198075294
-0.121596054639667,0.113767221570015,1.01431018672884,-1.02044193446636,0.284733858890832,-0.337838605046272
-0.118484501726925,0.117440775036812,0.989541251212358,-1.03905276954174,0.278634240850806,-0.334408119320869
-0.116464973427355,0.11540661752224,0.98513013496995,-1.01693008840084,0.286340294405818,-0.324490383267403
-0.114491397049278,0.113333806395531,0.980683302506804,-0.994619891047478,0.293734920211136,-0.314617052674294
-0.113416069652885,0.113332763314247,0.959390973672271,-1.00764916837215,0.27889455575496,-0.327652588486671
-0.113181566353887,0.113277226686478,0.954734997823834,-1.00286948680878,0.27564559970051,-0.323206126689911
-0.10736246779561,0.107384383678436,0.918384682387114,-0.980513542890549,0.274209875613451,-0.336207240819931
-0.106896288692951,0.110174834728241,0.921170320361853,-0.980801433324814,0.279792588204145,-0.319752424955368
-0.10324639454484,0.100674271583557,0.912137307226658,-0.929881930351257,0.292658939957619,-0.325836300849915
-0.100938451476395,0.101472020149231,0.891436528414488,-0.93682861328125,0.285805819556117,-0.327996492385864
-0.10049716103822,0.104129254817963,0.885593336075544,-0.942983061075211,0.282610369846225,-0.318207532167435
-0.097326941788197,0.097765475511551,0.875921361148357,-0.904817849397659,0.291959710419178,-0.318224996328354
-0.095005486160517,0.093111142516136,0.872560370713472,-0.874378263950348,0.302527453750372,-0.315711408853531
-0.092876309528947,0.093845874071121,0.837800335139036,-0.894476771354675,0.280542477965355,-0.331401526927948
-0.092449303716421,0.096390545368195,0.823985654860735,-0.905877441167831,0.269289832562208,-0.327534168958664
-0.089417720213533,0.090308278799057,0.83120347186923,-0.858546763658524,0.294697150588036,-0.316697090864182
-0.087711092084646,0.088508725166321,0.82739706709981,-0.839343756437302,0.301130514591932,-0.308291405439377
-0.084943057969213,0.086512327194214,0.802317377179861,-0.843688428401947,0.292659029364586,-0.324614465236664
-0.083515567705035,0.082344561815262,0.800030265003443,-0.815734788775444,0.298936858773232,-0.321667417883873
-0.08270906470716,0.087100893259049,0.778892550617456,-0.843340769410133,0.282638162374496,-0.320735409855843
-0.07991711422801,0.081397786736488,0.771589871495962,-0.811453506350517,0.292087186127901,-0.323066785931587
-0.078333871439099,0.079674229025841,0.761689800769091,-0.800510331988335,0.291686572134495,-0.32246495783329
-0.07676512375474,0.078071370720863,0.758089002221823,-0.783100947737694,0.297498259693384,-0.314672723412514
-0.07522480469197,0.076483875513077,0.754542969167233,-0.765937313437462,0.30319414101541,-0.307034060359001
-0.074045314453542,0.075902312994003,0.73026492074132,-0.780453905463219,0.285993034020066,-0.325040027499199
-0.071609831415117,0.068279772996903,0.730689514428377,-0.734877288341522,0.301030525937676,-0.325198650360107
-0.069384668022394,0.071110278367996,0.712348081171513,-0.749297231435776,0.296040073037147,-0.322635561227798
-0.069004653021693,0.073319971561432,0.707402303814888,-0.754459202289581,0.293374385684729,-0.31453937292099
-0.068421026691794,0.072944223880768,0.696695692837238,-0.754918307065964,0.286169532686472,-0.317252963781357
-0.064972246065736,0.061981603503227,0.692576855421066,-0.696929454803467,0.302743379026651,-0.325039833784103
-0.062634788453579,0.064532727003098,0.674810610711575,-0.710349947214127,0.299001879990101,-0.323153585195541
-0.06209565885365,0.066500097513199,0.669851452112198,-0.715125262737274,0.297277498990297,-0.316124677658081
-0.061924638226628,0.066358327865601,0.671923473477364,-0.705373018980026,0.300375644117594,-0.307223051786423
-0.058159960433841,0.060092270374298,0.648311465978622,-0.682950705289841,0.299351703375578,-0.322397083044052
-0.056775914505124,0.058655768632889,0.645032331347466,-0.667737990617752,0.304376844316721,-0.315803378820419
-0.056448113173246,0.060585856437683,0.63519524782896,-0.678249254822731,0.296506568789482,-0.314734116196632
-0.054141834378243,0.05595001578331,0.622783340513706,-0.656397059559822,0.297932334244251,-0.320696964859962
-0.053371012210846,0.05517914891243,0.612899862229824,-0.656389817595482,0.292673788964748,-0.325314924120903
-0.053210537880659,0.055016860365868,0.61595169082284,-0.648938626050949,0.296688463538885,-0.318837463855743
-0.049336485564709,0.050990268588066,0.596559662371874,-0.627821892499924,0.300540748983622,-0.321880280971527
-0.047779552638531,0.049414679408074,0.577312044799328,-0.62899549305439,0.290634728968143,-0.332507416605949
-0.047464730218053,0.051226541399956,0.585050642490387,-0.625213801860809,0.30026226118207,-0.317854553461075
-0.045322369784117,0.046905711293221,0.578603930771351,-0.59924989938736,0.30666971206665,-0.317815631628036
-0.044118272140622,0.045659460127354,0.575784832239151,-0.585806339979172,0.311075199395418,-0.31184957921505
-0.04330469481647,0.046652726829052,0.561529193073511,-0.599850311875343,0.30170102417469,-0.319933950901031
-0.041268633678556,0.042564302682877,0.555373508483171,-0.575152084231377,0.307761706411839,-0.319766268134117
-0.040114678442478,0.041371561586857,0.55265910550952,-0.562183037400246,0.31197103485465,-0.313953667879105
-0.038983140140772,0.040224514901638,0.530598040670157,-0.568993642926216,0.296699199825525,-0.327646553516388
-0.037871956825256,0.039092257618904,0.533320736140013,-0.552841886878014,0.306088995188475,-0.318288341164589
-0.037614928558469,0.040769174695015,0.519758779555559,-0.565388351678848,0.294069208204746,-0.320773303508759
-0.036984933540225,0.03953318297863,0.521810606122017,-0.557771280407906,0.299901004880667,-0.320572182536125
-0.036867586895824,0.039345309138298,0.519138276576996,-0.554726108908653,0.297932755202055,-0.318654254078865
-0.032681647688151,0.033036582171917,0.495052821934223,-0.530615195631981,0.298962935805321,-0.332395702600479
-0.032397665083408,0.034629128873348,0.48630740493536,-0.537579089403152,0.29192141443491,-0.329804316163063
-0.03220671415329,0.034230150282383,0.478655323386192,-0.537775665521622,0.285415038466454,-0.332394763827324
-0.029721083119512,0.026114240288735,0.485799234360456,-0.488356128334999,0.307472735643387,-0.331670686602593
-0.028162613511086,0.028155878186226,0.473018202930689,-0.498449057340622,0.304042521864176,-0.329513788223267
-0.026960184797645,0.026764631271362,0.466412410140038,-0.491562306880951,0.30465130135417,-0.330974519252777
-0.025995965115726,0.025755532085896,0.464143816381693,-0.480415254831314,0.308168025687337,-0.325882062315941
-0.025020611472428,0.024785913527012,0.449221592396498,-0.481568463146687,0.299097923561931,-0.332852981984615
-0.023873154073954,0.023114234209061,0.451453153043985,-0.466844119131565,0.308214228600264,-0.328158713877201
-0.023800976574421,0.02289779484272,0.440648801624775,-0.471645832061768,0.297842942178249,-0.334259063005447
-0.021861692890525,0.020702235400677,0.435334451496601,-0.458066150546074,0.304164294153452,-0.333852738142014
-0.02162442356348,0.022114388644695,0.427649334073067,-0.464204877614975,0.297902792692184,-0.331518545746803
-0.020019506104291,0.01885087788105,0.414603177458048,-0.451648592948914,0.294486140832305,-0.338543325662613
-0.019106616266072,0.017994187772274,0.404406759887934,-0.448700986802578,0.289767062291503,-0.340735860168934
-0.018208026885986,0.017061039805412,0.411796376109123,-0.433651119470596,0.302548214793205,-0.331284880638123
-0.017352271825075,0.016141749918461,0.410002678632736,-0.42345666885376,0.305889047682285,-0.326606169342995
-0.016325125005096,0.012612693011761,0.397110546007752,-0.417865812778473,0.299159795977175,-0.342189654707909
-0.015842686872929,0.014996849000454,0.389013407751918,-0.428624592721462,0.293957286514342,-0.338643498718739
-0.015801172237843,0.014751948416233,0.382802782580256,-0.428835898637772,0.287995749153197,-0.340324208140373
-0.013484283350408,0.010870184749365,0.383870583027601,-0.402673691511154,0.302964882925153,-0.337452583014965
-0.012651655822992,0.010049618780613,0.378581836819649,-0.397089548408985,0.302671901881695,-0.336791835725307
-0.011820960789919,0.009209267795086,0.376599341630936,-0.387801565229893,0.305673576891422,-0.332545958459377
-0.011015143478289,0.008395344018936,0.364191264845431,-0.388664148747921,0.298100403975695,-0.338292084634304
-0.010240366216749,0.007621329277754,0.366282572969794,-0.377250678837299,0.304840375669301,-0.331522703170776
-0.01003667479381,0.008811589330435,0.356489798054099,-0.386081699281931,0.296269749291241,-0.333212163299322
-0.008663642802276,0.006067834794521,0.963983593974262,-1.34246905520558,0.912001737160608,-1.30606204643846
-0.728570274659433,1.20726939290762,4.74088339367881,-5.05530905723572,0.369461745722219,2.18830730021
-0.077065713354386,2.43876957148314,4.08626270154491,-6.28564193844795,3.62386842141859,8.34697549045086
-0.277944713830948,3.0137580037117,3.86476343870163,-9.3693755865097,2.19709515571594,8.7131724357605
-0.276180773973465,3.00541460514069,3.85748904943466,-9.3134241104126,2.20040440559387,8.71906352043152
-0.26406617462635,2.99454629421234,3.82058382034302,-9.26635026931763,2.23618677258492,8.70092749595642
-0.255769088864326,2.99105662107468,3.79860424995422,-9.22933089733124,2.26398971676826,8.71700882911682
-0.249064341187477,2.99126976728439,3.78593027591705,-9.21088862419128,2.29154422879219,8.73672997951508
-0.225609570741653,2.92596501111984,3.69834583997726,-8.95242536067963,2.34468841552734,8.60336470603943
-0.223960250616074,2.91102904081345,3.68428337574005,-8.87327384948731,2.34052187204361,8.59290039539337
-0.217424422502518,2.88725763559341,3.62632542848587,-8.79230320453644,2.32177889347076,8.53124260902405
-0.217983216047287,2.87596744298935,3.65796434879303,-8.6654748916626,2.35006505250931,8.5903297662735
-0.179814293980598,2.84436821937561,3.60353910923004,-8.56343531608582,2.52465334534645,8.50277400016785
-0.183159545063973,2.82313346862793,3.57711380720139,-8.49254637956619,2.47815653681755,8.44625443220139
-0.180916547775269,2.80060893297195,3.56800323724747,-8.37067657709122,2.48250395059586,8.43297702074051
-0.160006761550903,2.77256625890732,3.50867336988449,-8.3541944026947,2.54863280057907,8.28120315074921
-0.16305972635746,2.74314659833908,3.49590808153152,-8.23345005512238,2.51754972338676,8.22542953491211
-0.165780678391457,2.72935307025909,3.48154556751251,-8.17505240440369,2.48686149716377,8.20106601715088
-0.14904859662056,2.68355536460876,3.44847238063812,-8.09473085403442,2.55418080091476,8.00660133361816
-0.154033735394478,2.65257853269577,3.43832713365555,-8.0235168337822,2.51412472128868,7.89195436239243
-0.157972246408463,2.64259576797485,3.5010324716568,-7.8865442276001,2.55319899320602,7.96903038024902
-0.162963420152664,2.64056485891342,3.48975968360901,-7.87447869777679,2.51197916269302,7.96891045570374
-0.164198905229568,2.62829810380936,3.49287527799606,-7.79811680316925,2.50768184661865,7.97167181968689
-0.166182011365891,2.62321639060974,3.49881291389465,-7.75097942352295,2.50172084569931,7.9883189201355
-0.167076215147972,2.61932462453842,3.50028896331787,-7.70903372764587,2.49783167243004,8.00691401958466
-0.166700348258019,2.61626368761063,3.42804473638535,-7.72825628519058,2.42784264683723,7.96932584047318
-0.16157303750515,2.50729447603226,3.39674890041351,-7.61635613441467,2.42731067538261,7.42741072177887
-0.162771925330162,2.49174040555954,3.41343837976456,-7.55189251899719,2.43680682778358,7.39854991436005
-0.165011867880821,2.47642797231674,3.37538689374924,-7.54354918003082,2.38531568646431,7.31501865386963
-0.167606756091118,2.46130567789078,3.36995476484299,-7.50205612182617,2.36431422829628,7.26577794551849
-0.150384768843651,2.44772389531136,3.28428602218628,-7.43287217617035,2.38197740912437,7.25347119569778
-0.14603778719902,2.44415783882141,3.2641988992691,-7.39430451393127,2.38797217607498,7.27064251899719
-0.140398651361465,2.4450089931488,3.2110647559166,-7.39275175333023,2.3686728477478,7.27730220556259
-0.132202118635178,2.44360452890396,3.15339577198029,-7.38364201784134,2.36018306016922,7.27798515558243
-0.121208414435387,2.42475065588951,3.10118055343628,-7.28303200006485,2.37393006682396,7.26547193527222
-0.111542671918869,2.41535192728043,3.03815215826035,-7.2418384552002,2.36889612674713,7.25027310848236
-0.10207211971283,2.40530732274055,3.00554090738296,-7.16813522577286,2.39310818910599,7.26370871067047
-0.128390252590179,2.2866932451725,2.99458485841751,-7.05450981855392,2.22424334287643,6.66564965248108
-0.132195234298706,2.27199020981789,3.0034407377243,-7.00702291727066,2.21026933193207,6.62491834163666
-0.105334639549255,2.2390504181385,2.8854917883873,-6.86342018842697,2.25348395109177,6.57088232040405
-0.096995443105698,2.22758224606514,2.85710161924362,-6.78515923023224,2.27512896060944,6.5803342461586
-0.089441388845444,2.22034922242165,2.76478534936905,-6.77762800455093,2.22813701629639,6.54446732997894
-0.081534966826439,2.20365989208221,2.7380154132843,-6.67929148674011,2.24880561232567,6.54266786575317
-0.074201852083206,2.19149997830391,2.70604556798935,-6.60945552587509,2.26083445549011,6.53954434394836
-0.067082330584526,2.17928978800774,2.63025361299515,-6.57273381948471,2.22775962948799,6.50300490856171
-0.060199201107025,2.16710665822029,2.60721009969711,-6.49372005462647,2.24601489305496,6.50891989469528
-0.053494140505791,2.15485954284668,2.57781213521957,-6.42439919710159,2.25684729218483,6.50475805997849
-0.047226712107658,2.14705342054367,2.50690057873726,-6.40452527999878,2.22354030609131,6.47779524326324
-0.040707796812058,2.13048711419106,2.48510789871216,-6.30933749675751,2.24086111783981,6.47358518838882
-0.078534454107285,1.97695335745811,2.47221317887306,-6.13608318567276,2.00100645422935,5.72563695907593
-0.08272448182106,1.96392068266869,2.45567056536674,-6.11977130174637,1.95932367444038,5.66375279426575
-0.086490660905838,1.95238646864891,2.45033407211304,-6.09807574748993,1.93139010667801,5.61624306440353
-0.069512814283371,1.92917695641518,2.35113289952278,-6.00855076313019,1.93405601382256,5.56651097536087
-0.064034372568131,1.92142781615257,2.34237357974052,-5.92841023206711,1.95816734433174,5.60015666484833
-0.057949870824814,1.88873833417892,2.3159339427948,-5.77870488166809,1.96823471784592,5.55372512340546
-0.052779361605644,1.8771225810051,2.26502585411072,-5.73524832725525,1.94834968447685,5.52748715877533
-0.071693167090416,1.82096928358078,2.26476043462753,-5.67590463161469,1.83460143208504,5.24991106987
-0.075443312525749,1.8098686337471,2.24955856800079,-5.66146373748779,1.7968986928463,5.19774806499481
-0.063850715756416,1.76550555229187,2.19816532731056,-5.47839766740799,1.81506103277206,5.11463564634323
-0.058963492512703,1.75813472270966,2.16022056341171,-5.44553190469742,1.8064396083355,5.10327643156052
-0.06789767742157,1.7322213947773,2.16199222207069,-5.37703090906143,1.75460615754128,5.01629745960236
-0.058581337332726,1.7142841219902,2.10680377483368,-5.30207014083862,1.75531575083733,4.9836345911026
-0.067821562290192,1.69284546375275,2.0949841439724,-5.22852790355682,1.68805477023125,4.92854487895966
-0.063314855098724,1.68234923481941,2.07459768652916,-5.16949218511581,1.69470855593681,4.92460322380066
-0.058872297406197,1.67204079031944,2.0545135140419,-5.11157006025314,1.70127972960472,4.92067468166351
-0.054513841867447,1.66175001859665,2.03488302230835,-5.05400371551514,1.70779997110367,4.91649639606476
-0.079690426588059,1.62506195902824,2.05787777900696,-4.99089515209198,1.57973521947861,4.75947660207748
-0.071181729435921,1.60832166671753,1.96835920214653,-4.94330257177353,1.54126882553101,4.70662742853165
-0.077981919050217,1.57312965393066,1.96575471758842,-4.85467678308487,1.49786320328712,4.58410114049912
-0.079660445451737,1.54873451590538,1.93458577990532,-4.79560852050781,1.4566231071949,4.49679857492447
-0.085724383592606,1.53314253687859,1.92455813288689,-4.77704870700836,1.41021183133125,4.42180651426315
-0.092130988836289,1.51664492487907,1.93390175700188,-4.73760366439819,1.38111582398415,4.36226588487625
-0.098425179719925,1.49911531805992,1.92065799236298,-4.71462190151215,1.33010691404343,4.28007000684738
-0.082507804036141,1.46081590652466,1.85490992665291,-4.54619759321213,1.35986310243607,4.21869784593582
-0.094379380345345,1.42570918798447,1.84280423820019,-4.51309323310852,1.27652795612812,4.04116189479828
-0.099667385220528,1.42066395282745,1.83294081687927,-4.50522977113724,1.23493650555611,4.01875394582748
-0.092839941382408,1.39774787425995,1.79111029207706,-4.4027755856514,1.23407064378262,3.98371165990829
-0.098219558596611,1.39208179712296,1.78670492768288,-4.38740316033363,1.19738757610321,3.9650876224041
-0.090943574905396,1.36514562368393,1.75597032904625,-4.26575243473053,1.21030887961388,3.92512130737305
-0.087345987558365,1.35638844966888,1.72391039133072,-4.22588181495667,1.19983446598053,3.91244888305664
-0.102745682001114,1.33901953697205,1.72978463768959,-4.19933053851128,1.11331054568291,3.834786683321
-0.095746010541916,1.32204586267471,1.70012205839157,-4.11800250411034,1.12564599514008,3.81427267193794
-0.105348229408264,1.31017011404037,1.68821160495281,-4.10785794258118,1.05612222850323,3.75316274166107
-0.09847392141819,1.29350063204765,1.65590307116508,-4.02594131231308,1.06505954265594,3.73506247997284
-0.104034289717674,1.27616938948631,1.64226794242859,-3.98323228955269,1.01806220412254,3.67378404736519
-0.105110660195351,1.25941243767738,1.63195446133614,-3.92147994041443,1.00129050016403,3.63499468564987
-0.10947473347187,1.25343152880669,1.61579392850399,-3.91712599992752,0.958945527672767,3.6034631729126
-0.102957040071487,1.23759850859642,1.59170377254486,-3.83496975898743,0.973961532115936,3.59062129259109
-0.099722728133202,1.22972743213177,1.56224898993969,-3.79892751574516,0.96391262114048,3.57943707704544
-0.109282359480858,1.20662967860699,1.55337454378605,-3.7518353164196,0.897680386900902,3.48794275522232
-0.106192067265511,1.19646875560284,1.53925734758377,-3.69879886507988,0.902104943990707,3.48001366853714
-0.103102743625641,1.18894137442112,1.50773447751999,-3.67017510533333,0.889118015766144,3.46347314119339
-0.100015908479691,1.183991715312,1.49010077118874,-3.63625136017799,0.890005320310593,3.46769893169403
-0.0970299243927,1.1741955280304,1.47626549005508,-3.58502551913261,0.894085943698883,3.46014764904976
-0.118296802043915,1.14520034193993,1.49558781087399,-3.54419615864754,0.785806998610497,3.32700589299202
-0.112376973032951,1.13065439462662,1.46675384044647,-3.48020026087761,0.792492002248764,3.3037261068821
-0.10943728685379,1.12353166937828,1.42338185757399,-3.46061465144157,0.766758136451244,3.28057536482811
-0.106564432382584,1.11654305458069,1.41655571013689,-3.40941733121872,0.777169115841389,3.28984099626541
-0.103716403245926,1.10962080955505,1.38738112151623,-3.3832094669342,0.765082702040672,3.27451539039612
-0.10087576508522,1.10506573319435,1.37131779640913,-3.35135951638222,0.766063205897808,3.27903488278389
-0.098154589533806,1.09599792957306,1.35879223048687,-3.30406078696251,0.769864693284035,3.27192679047585
-0.095408827066422,1.08929064869881,1.34609301388264,-3.26634979248047,0.773640051484108,3.26939409971237
-0.092695891857147,1.08268311619759,1.31220369040966,-3.24466970562935,0.756028339266777,3.25142899155617
-0.090013653039932,1.07616150379181,1.30256776511669,-3.20270907878876,0.762485846877098,3.2542599439621
-0.087363809347153,1.06970019638538,1.27837358415127,-3.17319080233574,0.754190728068352,3.24501037597656
-0.084698438644409,1.06542505323887,1.26017529517412,-3.14920347929001,0.751984663307667,3.2433468401432
-0.082093358039856,1.05696964263916,1.24230036884546,-3.10855287313461,0.749740220606327,3.23326498270035
-0.127196609973908,0.98012113571167,1.2721027135849,-3.01244947314262,0.508923053741455,2.8682773411274
-0.128090143203735,0.966254517436028,1.26363956928253,-2.96388092637062,0.49509871006012,2.83364617824554
-0.128512993454933,0.955039605498314,1.2414025105536,-2.93565604090691,0.470324549823999,2.79458159208298
-0.128662407398224,0.944100141525269,1.22909798845649,-2.89488524198532,0.457123544067144,2.76971560716629
-0.131193399429321,0.939149379730225,1.22947648540139,-2.87993562221527,0.442316088825464,2.75496065616608
-0.13376921415329,0.930374562740326,1.22998071834445,-2.84972712397575,0.427365433424711,2.7325202524662
-0.126533582806587,0.916757956147194,1.19898486882448,-2.78555247187614,0.439783371984959,2.71499526500702
-0.12413127720356,0.912897124886513,1.16439859196544,-2.77731549739838,0.419610928744078,2.7000672519207
-0.121784940361977,0.90912838280201,1.14586842432618,-2.76049104332924,0.415158782154322,2.69427925348282
-0.119476065039635,0.905422821640968,1.12767082825303,-2.74391239881515,0.410814438015223,2.68862453103065
-0.117188349366188,0.901768580079079,1.10969646088779,-2.72756463289261,0.406566364690661,2.68304684758186
-0.132601290941238,0.864049732685089,1.1281491778791,-2.63648228347301,0.332541432231665,2.54781611263752
-0.128111720085144,0.856914937496185,1.1040011793375,-2.60175134241581,0.335330858826637,2.5397382825613
-0.133396744728088,0.847887814044952,1.10297920741141,-2.5865943133831,0.302598739042878,2.50073257088661
-0.129072472453117,0.835493803024292,1.07729558646679,-2.53536516427994,0.302860751748085,2.47759765386581
-0.126930072903633,0.830307751893997,1.06044591031969,-2.51296958327293,0.298865472897887,2.46887692809105
-0.124839350581169,0.825229108333588,1.04392027156428,-2.49105000495911,0.29488416807726,2.46032464504242
-0.122748777270317,0.820180863142013,1.04176889394876,-2.45002138614655,0.305276230326854,2.47106379270554
-0.134014710783958,0.794666320085526,1.04548413003795,-2.40127995610237,0.241395865334198,2.36671796441078
-0.13198921084404,0.789746880531311,1.02254273742437,-2.38118168711662,0.230607472360134,2.35729959607124
-0.136914163827896,0.781589269638062,1.02177540399134,-2.36757522821426,0.200290421023965,2.32196038961411
-0.139369189739227,0.777599424123764,1.01655629556626,-2.36207494139671,0.180341157130897,2.30352160334587
-0.141961723566055,0.773874759674072,1.01157771516591,-2.35684671998024,0.159807373769581,2.28640183806419
-0.134034723043442,0.754817366600037,0.978802341967821,-2.26765988767147,0.174594003707171,2.26124431192875
-0.132060468196869,0.750093087553978,0.963491350412369,-2.24725435674191,0.171128541231155,2.25330416858196
-0.130166083574295,0.745554566383362,0.948630625382066,-2.22765286266804,0.167634123936296,2.24567453563213
-0.138663232326508,0.73094829916954,0.949985528364778,-2.21158443391323,0.118006134405732,2.17410536110401
-0.134894758462906,0.72499942779541,0.935786113142967,-2.17120736837387,0.126417562365532,2.17878919839859
-0.136618494987488,0.71503821015358,0.930202230811119,-2.14700944721699,0.110491260886192,2.14321981370449
-0.138192147016525,0.706117451190949,0.930690685287118,-2.11483511328697,0.101537803187966,2.12186959385872
-0.134582936763763,0.700370252132416,0.914950102567673,-2.08623568713665,0.107452481985092,2.11598582565784
-0.132810860872269,0.694665849208832,0.90982892550528,-2.05608406662941,0.112963760271668,2.11191102862358
-0.131082281470299,0.690471515059471,0.904830316081643,-2.03204061090946,0.118336627259851,2.11078847944736
-0.134789079427719,0.674919068813324,0.894144332967699,-2.003353536129,0.085409856401384,2.04616087675095
-0.134367972612381,0.669410169124603,0.886501854285598,-1.98493507504463,0.080294018611312,2.03152593970299
-0.132700681686401,0.664028465747833,0.877591213211417,-1.95905908942223,0.081387123093009,2.02511170506477
-0.131104081869125,0.660042211413384,0.873216662555933,-1.93644066154957,0.086592171341181,2.02381260693073
-0.129435703158379,0.656056761741638,0.868487188592553,-1.91408713161945,0.091872969642282,2.02225343883038
-0.127798646688461,0.652155786752701,0.852979279588908,-1.89827850461006,0.08618739945814,2.01465621590614
-0.134975671768188,0.638128727674484,0.857825057581067,-1.88018217682838,0.047971026971936,1.94859018921852
-0.13653227686882,0.632824525237083,0.860878689214587,-1.86167101562023,0.041685028001666,1.93527613580227
-0.131711915135384,0.623919025063515,0.843031775206327,-1.82029611617327,0.052760284394026,1.92321803420782
-0.130122840404511,0.620166704058647,0.826432332396507,-1.80830798298121,0.045695289969444,1.91269224137068
-0.133322566747665,0.607479631900787,0.824375212192535,-1.77768175303936,0.024439811706543,1.86719603836536
-0.131779760122299,0.605042636394501,0.819273415952921,-1.76273293048143,0.028594855219126,1.86752288788557
-0.134971052408218,0.598996460437775,0.815721191465855,-1.75851959735155,0.005894877016544,1.8354591652751
-0.136578366160393,0.592422619462013,0.819651521742344,-1.73325203359127,0.000181324779987,1.82128368318081
-0.132069453597069,0.584176361560822,0.802381912246347,-1.69559718668461,0.009965190663934,1.80946098268032
-0.133722886443138,0.575812757015228,0.791052121669054,-1.68055827915669,-0.011285196989775,1.77431826293468
-0.134037956595421,0.568257123231888,0.783575940877199,-1.65953095257282,-0.020651798695326,1.7500117868185
-0.132610559463501,0.564847499132156,0.776921536773443,-1.64005626738071,-0.018741820007563,1.74902872741222
-0.131192654371262,0.561498358845711,0.768751889467239,-1.62418817728758,-0.01840403676033,1.74480197578669
-0.129786849021912,0.558188661932945,0.763494957238436,-1.60681873559952,-0.015226136893034,1.74231323599815
-0.128395959734917,0.554923042654991,0.75264947116375,-1.59277981519699,-0.017726287245751,1.73675844073296
-0.135080888867378,0.539325028657913,0.75257109478116,-1.56831566989422,-0.057914238423109,1.66763450205326
-0.133729353547096,0.535042844712734,0.743431378155947,-1.54904420673847,-0.058944743126631,1.66121286153793
-0.13238762319088,0.531873159110546,0.73368214815855,-1.53442841768265,-0.060643590986729,1.65681053698063
-0.131058529019356,0.528743475675583,0.724046491086483,-1.51999067515135,-0.062304683029652,1.65247017890215
-0.129786044359207,0.525621682405472,0.71872191503644,-1.50344625860453,-0.059994351118803,1.6502838358283
-0.133474260568619,0.513890825212002,0.714748952537775,-1.48096322268248,-0.086096610873938,1.60238172858953
-0.132181465625763,0.510856188833714,0.708683155477047,-1.46660158783197,-0.084405638277531,1.59853554517031
-0.130681350827217,0.507022120058537,0.702450271695852,-1.45137925818563,-0.08163783326745,1.59075346216559
-0.129417344927788,0.5040637627244,0.698885105550289,-1.43558319285512,-0.077618964016438,1.58879938349128
-0.12827555835247,0.499672040343285,0.690707214176655,-1.42164387181401,-0.078946135938168,1.5763883702457
-0.127020925283432,0.496776655316353,0.684851203113794,-1.4076156578958,-0.077274348586798,1.57304427400231
-0.12579271197319,0.493881620466709,0.678923387080431,-1.39369639381766,-0.075832884758711,1.56959332898259
-0.124441102147102,0.488725498318672,0.675235852599144,-1.37645282223821,-0.07141076028347,1.55590016767383
-0.123527050018311,0.485923819243908,0.672593556344509,-1.36169806867838,-0.068568743765354,1.55384484678507
-0.123023077845573,0.483835086226463,0.674011427909136,-1.35313034802675,-0.064127039164305,1.54988016933203
-0.120519310235977,0.478767782449722,0.658495761454105,-1.33875144273043,-0.064620099961758,1.53385525196791
-0.119775384664536,0.478566288948059,0.655670389533043,-1.33907558768988,-0.06298191845417,1.53232214599848
-0.117041751742363,0.472626589238644,0.650999154895544,-1.30912715569139,-0.051251355558634,1.52663237974048
-0.115217283368111,0.469440817832947,0.647332917898893,-1.29467016085982,-0.043970782309771,1.52197474613786
-0.114139914512634,0.467697381973267,0.63863180950284,-1.29172698780894,-0.046207677572966,1.51445730403066
-0.11299455165863,0.465933263301849,0.632510464638472,-1.28551841899753,-0.045456845313311,1.51008116081357
-0.11299455165863,0.465933263301849,0.627129770815372,-1.28249874338508,-0.05083753913641,1.51310083642602
-0.112394005060196,0.452187784016132,0.624051403254271,-1.23975063487887,-0.050312627106905,1.47337606921792
-0.11234787106514,0.450398460030556,0.636639963835478,-1.21310119144619,-0.037447262555361,1.48928956873715
-0.112449273467064,0.44933232665062,0.636662349104881,-1.2125284653157,-0.038033291697502,1.48346549458802
-0.112559959292412,0.448354139924049,0.63641083240509,-1.21040223352611,-0.038948923349381,1.47972260601819
-0.104543849825859,0.437024958431721,0.629957564175129,-1.18656623549759,0.002694465219975,1.43558351509273
-0.104656934738159,0.435096494853497,0.630233883857727,-1.18294529803097,0.002292275428772,1.42763367109001
-0.104065388441086,0.433047629892826,0.62905528396368,-1.1824470628053,0.004662953317165,1.41583871655166
-0.10427014529705,0.43120951205492,0.632942341268063,-1.1716254032217,0.00732146948576,1.41563166910782
-0.103128090500832,0.426039837300777,0.630232825875282,-1.15418485552073,0.011464282870293,1.40205416828394
-0.102808207273483,0.424554668366909,0.630009770393372,-1.14847311656922,0.013160526752472,1.39885489363223
-0.102787002921104,0.422133401036263,0.631098099052906,-1.14350390527397,0.01437608152628,1.3892965009436
-0.102738380432129,0.420849107205868,0.631367929279804,-1.13616617346997,0.014937646687031,1.38892846976523
-0.102667853236198,0.419334106147289,0.631519615650177,-1.12800676806364,0.015512496232987,1.38799786882009
-0.102772802114487,0.418446935713291,0.631735734641552,-1.13063754572067,0.015098921954632,1.38004406855907
-0.102838531136513,0.417597986757755,0.633692964911461,-1.12587579153478,0.016661778092384,1.37971212901175
-0.102935239672661,0.416791759431362,0.63343933224678,-1.12418488226831,0.015827894210816,1.37656567431986
-0.102935239672661,0.416791759431362,0.633007705211639,-1.12607187591493,0.015396267175675,1.37467868067324
-0.102058306336403,0.412391781806946,0.632470227777958,-1.1034099413082,0.020120389759541,1.37094074953347
-0.100924029946327,0.404764890670776,0.631823427975178,-1.09367805533111,0.026279248297215,1.33491128869355
-0.100381225347519,0.402243480086327,0.631209626793861,-1.08790215197951,0.028922274708748,1.32555872853845
-0.099887311458588,0.401299923658371,0.628902524709702,-1.08568003866822,0.029578655958176,1.32211950328201
-0.098724737763405,0.400986269116402,0.626435749232769,-1.08420750312507,0.03408732265234,1.32171011157334
-0.09744319319725,0.401252426207066,0.621505007147789,-1.08472116477788,0.036845847964287,1.32279339246452
-0.096247151494026,0.397728443145752,0.620794199407101,-1.08387571386993,0.043311290442944,1.30249494500458
-0.094338476657868,0.398675106465816,0.613703660666943,-1.08708897698671,0.047672800719738,1.30496166180819
-0.093382626771927,0.399072483181953,0.610236637294292,-1.08854296244681,0.049940876662731,1.30589193664491
-0.092661172151566,0.397833406925201,0.609822183847427,-1.09275739174336,0.053855150938034,1.29424304980785
-0.090933382511139,0.3988131955266,0.603270068764687,-1.09684692882001,0.057669773697853,1.29603224433959
-0.09007540345192,0.399157211184502,0.599875345826149,-1.0985196037218,0.059422925114632,1.29642366338521
-0.08909547328949,0.397690713405609,0.599258944392204,-1.10076634492725,0.064686104655266,1.2853779355064
-0.087084457278252,0.398207888007164,0.592456161975861,-1.10376533120871,0.069949418306351,1.28548199683428
-0.086283341050148,0.398603335022926,0.590385518968105,-1.10823115613312,0.072685472667217,1.28338885400444
-0.085136875510216,0.398750498890877,0.586073763668537,-1.11028492357582,0.075252510607243,1.28221806976944
-0.084297865629196,0.399014256894589,0.582642406225205,-1.1124544357881,0.076855212450028,1.28163110557944
-0.082966387271881,0.398765802383423,0.579553045332432,-1.11507073882967,0.081754721701145,1.27752407547086
-0.082118853926659,0.399537935853004,0.575814209878445,-1.12013548333198,0.083101086318493,1.27709213178605
-0.080291569232941,0.400517463684082,0.571276046335697,-1.12593669909984,0.089526630938053,1.27716808300465
-0.079759791493416,0.401061706244945,0.568724602460861,-1.13029732275754,0.090165853500366,1.27607291471213
-0.07895527780056,0.401437327265739,0.564769506454468,-1.13211517222226,0.091037839651108,1.27650879137218
-0.075707778334618,0.401570081710815,0.559694550931454,-1.13539900816977,0.105447880923748,1.27402148209512
-0.074764207005501,0.40212918817997,0.554660677909851,-1.13815755397081,0.106075435876846,1.27461757510901
-0.074301555752754,0.402072742581368,0.551317751407623,-1.14111196249723,0.105508416891098,1.27132449299097
-0.07355023920536,0.401768982410431,0.547955706715584,-1.14267808943987,0.106654271483421,1.26793580502272
-0.073343321681023,0.401340305805206,0.548202686011791,-1.14107354357839,0.108142755925655,1.26696829125285
-0.072203382849693,0.400800988078117,0.543658331036568,-1.1413331143558,0.110438033938408,1.2634728141129
-0.07183450460434,0.400320909917355,0.542575761675835,-1.13881063088775,0.111568734049797,1.26311482861638
-0.071865290403366,0.399913765490055,0.54201228171587,-1.14077111706138,0.110820539295673,1.25871147587895
-0.063614815473557,0.398499466478825,0.532765209674835,-1.1414184384048,0.151076316833496,1.24957836046815
-0.062540829181671,0.398185826838017,0.530735924839973,-1.14319728687406,0.155490949749947,1.24591767415404
-0.061687260866165,0.396485812962055,0.52835363894701,-1.13456495292485,0.158230073750019,1.24434992484748
-0.059613704681397,0.395862646400928,0.525335431098938,-1.13622553087771,0.167653203010559,1.23895034752786
-0.057884842157364,0.395430855453014,0.520256988704205,-1.13534263148904,0.172947935760021,1.23724250122905
-0.056975245475769,0.395080469548702,0.51905058324337,-1.13832214847207,0.177199110388756,1.23216066882014
-0.056235015392304,0.393116272985935,0.515948839485645,-1.1299034897238,0.178538747131825,1.22879414819181
-0.055443555116654,0.39309024810791,0.51206461340189,-1.13039669767022,0.179403282701969,1.22814479097724
-0.054435238242149,0.393272235989571,0.50749795883894,-1.13156434334815,0.180886529386044,1.22806907258928
-0.053485795855522,0.393738195300102,0.503342904150486,-1.13844575360417,0.182428129017353,1.22398341819644
-0.052508383989334,0.394125811755657,0.498616836965084,-1.1417800784111,0.183566533029079,1.22297479212284
-0.051711514592171,0.394517540931702,0.494577504694462,-1.14530433341861,0.184308417141438,1.2218009121716
-0.050969541072846,0.394923061132431,0.491470329463482,-1.14852549880743,0.185653083026409,1.22101286798716
-0.050459459424019,0.395164825022221,0.489110745489597,-1.15146740712225,0.186353988945484,1.21952154301107
-0.044792041182518,0.394273675978184,0.483179487287998,-1.15234652161598,0.21442724019289,1.21329553425312
-0.043735504150391,0.394841529428959,0.47875788807869,-1.15657089650631,0.216344863176346,1.21247828006744
-0.042704939842224,0.394550062716007,0.47723014652729,-1.15842236578465,0.221000507473946,1.2088780105114
-0.042160600423813,0.394450180232525,0.476843431591988,-1.15936921164393,0.22387982904911,1.20733186975122
-0.040717646479607,0.394674189388752,0.470488861203194,-1.1619767434895,0.226182982325554,1.20606839284301
-0.038951888680458,0.394039884209633,0.462984889745712,-1.15986389294267,0.229273557662964,1.20437541231513
-0.036603033542633,0.393291383981705,0.458534836769104,-1.16101038083434,0.238916635513306,1.19873792305589
-0.035803407430649,0.393021911382675,0.457933977246285,-1.16191014647484,0.243113532662392,1.19622132182121
-0.035420596599579,0.392455771565437,0.456101834774017,-1.16058586724103,0.243578255176544,1.1941487621516
-0.035351663827896,0.392062351107597,0.454947359859943,-1.16048212349415,0.242837376892567,1.19189198315144
-0.033521965146065,0.391664117574692,0.446935027837753,-1.16033456288278,0.245803236961365,1.18965014256537
-0.03045579791069,0.389619082212448,0.443582765758038,-1.15832718275487,0.260847978293896,1.17938731051981
-0.029499471187592,0.389121010899544,0.441846944391727,-1.15991084091365,0.264850117266178,1.17481522448361
-0.028096169233322,0.388091430068016,0.435505464673042,-1.1539777033031,0.266928449273109,1.174570877105
-0.026139199733734,0.387314453721046,0.432654291391373,-1.15616103634238,0.275819092988968,1.1677256859839
-0.025143340229988,0.386599197983742,0.427967272698879,-1.15490393713117,0.277107231318951,1.16469125077128
-0.024270281195641,0.386708743870258,0.423636265099049,-1.15704075619578,0.278014577925205,1.16321170702577
-0.023509129881859,0.387227468192577,0.419905610382557,-1.16070243343711,0.278850831091404,1.16266237571836
-0.02117358148098,0.38669890910387,0.416904896497726,-1.16162877157331,0.289863407611847,1.15856468304992
-0.019299447536469,0.387231342494488,0.409072004258633,-1.165088519454,0.293275319039822,1.15829953551292
-0.018744319677353,0.387609831988811,0.406496696174145,-1.16679411754012,0.294030778110027,1.15886487439275
-0.01787468791008,0.387672059237957,0.405259110033512,-1.16841514408588,0.298010982573032,1.15761721134186
-0.017301678657532,0.387501575052738,0.403827652335167,-1.16999585926533,0.300017580389976,1.1550135910511
-0.01545350253582,0.388019017875195,0.39615686237812,-1.17349775508046,0.3034358471632,1.15461635217071
-0.012894585728645,0.387107267975807,0.388692155480385,-1.17049028724432,0.311324641108513,1.15215332061052
-0.012602239847183,0.386987939476967,0.387148901820183,-1.17277874797583,0.311535462737083,1.14914888888597
-0.01150681078434,0.386810436844826,0.382744170725346,-1.17108181118965,0.313703306019306,1.1497808098793
-0.010999374091625,0.386632576584816,0.380252957344055,-1.17217457666993,0.314256712794304,1.14762088283896
-0.010640278458595,0.386058144271374,0.378132849931717,-1.17172899469733,0.314291179180145,1.14461987093091
-0.010090701282024,0.385251775383949,0.375214152038097,-1.16786299273372,0.314669944345951,1.14364765956998
-0.009772315621376,0.384569264948368,0.373706325888634,-1.16787901520729,0.315072432160377,1.13953657448292
-0.00960984826088,0.384280897676945,0.372368909418583,-1.16663140803576,0.314709819853306,1.13905397802591
-0.004186078906059,0.381266944110393,0.364589214324951,-1.1655227728188,0.339472740888596,1.12207889184356
-0.002587825059891,0.38158094137907,0.357781447470188,-1.1667447052896,0.342254497110844,1.12274094298482
-0.001133285462856,0.380834579467773,0.354717716574669,-1.16728067398071,0.347918003797531,1.11772680282593
1.7993152141571E-05,0.381083160638809,0.34940955042839,-1.1698907352984,0.34951750934124,1.11660822853446
0.001389555633068,0.380641937255859,0.345947034657001,-1.16934304311872,0.35428436845541,1.11450858041644
0.001986257731915,0.380480825901031,0.343647480010986,-1.17059868201613,0.355565026402473,1.11228627339005
0.003660693764687,0.380279794335365,0.336104512214661,-1.16906144842505,0.35806867480278,1.11261731758714
0.004585564136505,0.380261734127998,0.331837542355061,-1.16933421045542,0.359350927174091,1.11223619431257
0.006386816501617,0.379503801465034,0.329340122640133,-1.17204109951854,0.367661021649837,1.10498170927167
0.00793331861496,0.379224210977554,0.324159808456898,-1.1722554564476,0.371759720146656,1.10308980941772
0.008346542716026,0.379149347543716,0.322052255272865,-1.17333283647895,0.372131511569023,1.10156324878335
0.008932024240494,0.379282772541046,0.31883642077446,-1.17520827800035,0.372428566217422,1.10048835724592
0.011278569698334,0.378731556236744,0.30883826315403,-1.17137787491083,0.376509681344032,1.10101146250963
0.011808425188065,0.378869347274303,0.306076504290104,-1.17426854372025,0.376927055418491,1.09894753992558
0.012921221554279,0.37883061170578,0.301090635359287,-1.17351723462343,0.378617964684963,1.09946643561125
0.016525216400623,0.377616673707962,0.295081965625286,-1.17504979670048,0.394233264029026,1.09065024554729
0.017063237726688,0.377308398485184,0.293721280992031,-1.17612237296999,0.396100707352161,1.08772801794112
0.017591632902622,0.37704935669899,0.29249469935894,-1.17732291854918,0.398044496774674,1.08497322164476
0.020585119724274,0.37683092802763,0.280623659491539,-1.17427362687886,0.404134377837181,1.08671194128692
0.021576546132565,0.376747190952301,0.276328876614571,-1.17368970625103,0.405788153409958,1.08679343946278
0.022104881703854,0.376607581973076,0.27430597692728,-1.17616929300129,0.406935267150402,1.08347619883716
0.023472204804421,0.37626825273037,0.268446147441864,-1.17569923400879,0.409279376268387,1.08191028237343
0.023976176977158,0.376376122236252,0.266136087477207,-1.17650836333632,0.409993149340153,1.08174837008119
0.025218717753887,0.376189403235912,0.260125547647476,-1.17715445533395,0.411437854170799,1.07998196408153
0.025750137865543,0.37625228613615,0.257641926407814,-1.17755137197673,0.412142753601074,1.07996234484017
0.026993304491043,0.376213431358337,0.252261519432068,-1.17753739468753,0.414221346378326,1.07974319346249
0.031846567988396,0.373875007033348,0.24491149187088,-1.17486327700317,0.435990899801254,1.06838676519692
0.032216332852841,0.373321577906609,0.243244260549545,-1.1736440192908,0.436542257666588,1.06628544814885
0.033443734049797,0.37320339679718,0.238903433084488,-1.17297600768507,0.43956583738327,1.06624437309802
0.034178629517555,0.373275749385357,0.235571712255478,-1.17305350862443,0.440643489360809,1.06660098768771
0.035116359591484,0.37308607250452,0.230686239898205,-1.17674924992025,0.441384397447109,1.06176718510687
0.035505846142769,0.372928194701672,0.229435615241528,-1.17652970179915,0.442470692098141,1.06103946641088
0.03686086833477,0.371742054820061,0.226326949894428,-1.17463198676705,0.44749215990305,1.05582034215331
0.037731006741524,0.371687561273575,0.222780987620354,-1.17576315999031,0.449167028069496,1.05436220765114
0.038135811686516,0.37142539024353,0.221649967133999,-1.17679465562105,0.450464837253094,1.05175768584013
0.038834288716316,0.370880544185638,0.220590747892857,-1.175069026649,0.453596480190754,1.05021423846483
0.041568443179131,0.370549246668816,0.207853503525257,-1.17685441114008,0.45726416260004,1.04644106887281
0.041959553956986,0.37022690474987,0.205161906778812,-1.17462197877467,0.456919230520725,1.04673944972456
0.042521305382252,0.370068341493607,0.202225096523762,-1.17325587756932,0.457352928817272,1.04715417139232
0.045696713030338,0.368176214396954,0.195322073996067,-1.17373244836926,0.469502352178097,1.03532483801246
0.04672184586525,0.367719426751137,0.192736484110355,-1.17290354892612,0.473067559301853,1.03341301158071
0.047854349017143,0.367622576653957,0.190303362905979,-1.17196048423648,0.477429457008839,1.03377497568727
0.049616873264313,0.36750204116106,0.182600803673267,-1.17125980183482,0.480302043259144,1.03375244513154
0.049894168972969,0.367468945682049,0.180484779179096,-1.1704821176827,0.479849793016911,1.0343315564096
0.050510756671429,0.366960376501083,0.175903506577015,-1.17317117750645,0.478968046605587,1.02859108150005
0.051067344844341,0.366783484816551,0.172520771622658,-1.17334186146036,0.478924840688705,1.02735904743895
0.054195784032345,0.364347189664841,0.16654147952795,-1.17074642027728,0.491716183722019,1.01533671771176
0.05562573671341,0.363672487437725,0.162086583673954,-1.16917641903274,0.495841003954411,1.01285850559361
0.056449770927429,0.363262586295605,0.159341469407082,-1.1701607669238,0.498040094971657,1.00941475084983
0.057323157787323,0.362969987094402,0.155594557523727,-1.17009098711424,0.499533504247665,1.00772893545218
0.057879187166691,0.362886510789394,0.15278971195221,-1.16960929217748,0.500064834952354,1.00770977255888
0.059040024876595,0.362287923693657,0.151016503572464,-1.16848622891121,0.505256652832031,1.00524131325074
0.059922210872173,0.362238362431526,0.146454632282257,-1.17033799155615,0.505987897515297,1.003092183033
0.060585044324398,0.362155705690384,0.143803030252457,-1.17049730895087,0.507313296198845,1.00243692519143
0.060980327427387,0.362175196409225,0.141837634146214,-1.171253452776,0.507719598710537,1.00179772567935
0.061743326485157,0.361577391624451,0.14144379645586,-1.17048546927981,0.511903755366802,0.998978880466893
0.062709867954254,0.361297100782394,0.13843834400177,-1.17006011819467,0.514697551727295,0.997722486499697
0.062760069966316,0.361220240592956,0.139274999499321,-1.17008908907883,0.515835419297218,0.997232354478911
0.062858238816261,0.360932752490044,0.139332175254822,-1.16943334857933,0.51648160815239,0.99616316636093
0.062908366322517,0.360864028334618,0.13924141228199,-1.16987559618428,0.516691610217094,0.995308573823422
0.063082464039326,0.360905781388283,0.13835071772337,-1.1698335185647,0.516845501959324,0.995601169764996
0.062787495553494,0.360752180218697,0.139630563557148,-1.16863818885759,0.516355536878109,0.995874892454594
0.061828844249249,0.361490115523338,0.140322089195251,-1.16993405018002,0.511295154690743,0.999006642960012
0.061834543943405,0.361449144780636,0.14007031917572,-1.17032664362341,0.511077582836151,0.998368225060403
0.061427615582943,0.361437663435936,0.141699604690075,-1.17012935271487,0.510265298187733,0.998496627900749
0.061021558940411,0.36141012609005,0.143429420888424,-1.17032888671383,0.509558774530888,0.998131869826466
0.061062537133694,0.361979305744171,0.144012771546841,-1.17044071853161,0.510387994349003,1.00143511593342
0.06125920265913,0.362018093466759,0.144088625907898,-1.16946847713552,0.511643841862679,1.00264008366503
0.061547935009003,0.362460419535637,0.143938548862934,-1.17070412787143,0.51322615891695,1.00405838934239
0.060647822916508,0.362371765077114,0.147979460656643,-1.16937994070759,0.511866398155689,1.0048506497551
0.060836277902126,0.362075060606003,0.148041054606438,-1.16728057572618,0.513058722019196,1.00516978790984
0.061082348227501,0.361989431083202,0.146890923380852,-1.16661255666986,0.513385012745857,1.00532402982935
0.061295390129089,0.361962087452412,0.146904036402702,-1.16565499798162,0.514676377177238,1.00611752673285
0.063934870064259,0.361464530229568,0.143663093447685,-1.1634065490216,0.527272313833237,1.00538063235581
0.064357973635197,0.36120468378067,0.143838450312614,-1.16175352432765,0.529986292123795,1.00547457835637
0.064455755054951,0.361104398965836,0.144593760371208,-1.16101788915694,0.531328290700913,1.00560850463808
0.064964719116688,0.360901027917862,0.14365104585886,-1.1601865044795,0.533439360558987,1.00521966302767
0.06444489210844,0.360562726855278,0.146246410906315,-1.15806971071288,0.532915763556957,1.00530665041879
0.064958803355694,0.360355988144875,0.145464368164539,-1.15720713464543,0.535217188298702,1.00492879422382
0.064488880336285,0.36037503182888,0.148167870938778,-1.15487877791747,0.535101152956486,1.00737141305581
0.064993672072888,0.361232586205006,0.146734416484833,-1.15713839465752,0.536696448922157,1.01025712257251
0.066273100674152,0.360729560256004,0.145561933517456,-1.15541961276904,0.54320053756237,1.00895774876699
0.066369421780109,0.360482111573219,0.147214539349079,-1.152791778557,0.545431070029736,1.01010089088231
0.06606686860323,0.360388785600662,0.148997321724892,-1.15155182266608,0.545398533344269,1.01078089093789
0.066010572016239,0.36026431620121,0.149413056671619,-1.15106023009866,0.545476488769054,1.0105256671086
0.06608297675848,0.360330820083618,0.14859152585268,-1.15123260486871,0.545089386403561,1.010752315633
0.065836854279041,0.360329702496529,0.149578481912613,-1.15068806195632,0.544599607586861,1.01129015302286
0.065450266003609,0.360449783504009,0.150903701782227,-1.1512342565693,0.543605297803879,1.01146444445476
0.065496399998665,0.360295951366425,0.150979787111282,-1.15027895057574,0.543958187103272,1.01149675762281
0.065788507461548,0.360183358192444,0.148970939218998,-1.15029154205695,0.543701983988285,1.01080860709772
0.066049136221409,0.359932601451874,0.148288063704968,-1.14836140209809,0.544582881033421,1.01123420661315
0.067579098045826,0.360418692231178,0.145880773663521,-1.14931521425024,0.551355361938477,1.01319693913683
0.066316477954388,0.360211692750454,0.151001557707787,-1.14770921319723,0.548900425434112,1.01356094330549
0.065718837082386,0.359850905835628,0.153815641999245,-1.14590251538903,0.548128664493561,1.01320291962475
0.064457960426807,0.361109219491482,0.155866228044033,-1.14692997047678,0.542613990604878,1.01972534647211
0.063941463828087,0.361275300383568,0.157528676092625,-1.14605701575056,0.541177459061146,1.02159478655085
0.064330630004406,0.360680356621742,0.156405501067638,-1.1436873213388,0.542389281094074,1.02039481839165
0.064844816923142,0.360587440431118,0.15428314357996,-1.14305061707273,0.543352045118809,1.02047402551398
0.065852202475071,0.360263511538506,0.151254527270794,-1.14191237697378,0.54636774212122,1.01966869225726
0.066548578441143,0.360169157385826,0.147995673120022,-1.14148400584236,0.54728714376688,1.0195309384726
0.066861517727375,0.359972923994064,0.144525192677975,-1.14632455501123,0.545694299042225,1.01351298895315
0.067679591476917,0.359364055097103,0.140705518424511,-1.14476602766081,0.546783067286015,1.01141830292181
0.067489184439182,0.358608305454254,0.140161298215389,-1.14225294682547,0.545096404850483,1.00939688590006
0.069311894476414,0.355412669479847,0.137896500527859,-1.13585939499899,0.553767867386341,0.996616621880094
0.069450259208679,0.354642704129219,1.19108083099127,-2.40525538715883,1.60778238624334,-0.277399162383517
-0.847806826233864,-0.251138404011726,3.92097848653793,-1.19542220234871,-1.16586247086525,-2.70225262641907
-0.949162289500236,0.296110510826111,3.48225352168083,-4.69497686624527,-2.21272021532059,-2.9183138012886
-0.949920207262039,0.295375108718872,3.48992082476616,-4.67933255434036,-2.20960041880608,-2.90708190202713
-0.951651036739349,0.293149143457413,3.4931705892086,-4.65115159749985,-2.21673563122749,-2.89225673675537
-0.951508015394211,0.28703311085701,3.4925522506237,-4.61579889059067,-2.21649584174156,-2.89360022544861
-0.951187402009964,0.276903092861176,3.48013514280319,-4.57608366012573,-2.22698926925659,-2.91466510295868
-0.948606550693512,0.268066167831421,3.48395249247551,-4.50529479980469,-2.20768681168556,-2.89689779281616
-0.949144899845123,0.265316367149353,3.48813283443451,-4.47778749465942,-2.20673656463623,-2.88588929176331
-0.950600177049637,0.26519113779068,3.47900474071503,-4.47212958335876,-2.22459632158279,-2.88098275661469
-0.941381260752678,0.248283118009567,3.42631810903549,-4.3992817401886,-2.22196945548058,-2.9095830321312
-0.942554041743278,0.248769849538803,3.41450989246368,-4.39580452442169,-2.24081435799599,-2.90318542718887
-0.936960533261299,0.238166093826294,3.3749760389328,-4.34806501865387,-2.24678716063499,-2.91906845569611
-0.934678107500076,0.233520746231079,3.42463654279709,-4.22565960884094,-2.18343210220337,-2.82453513145447
-0.935280829668045,0.234725564718246,3.41240155696869,-4.22188514471054,-2.19928342103958,-2.81353175640106
-0.93562638759613,0.236172586679459,3.39533734321594,-4.22216427326202,-2.21842098236084,-2.80512875318527
-0.9216348528862,0.220995426177978,3.3628309071064,-4.20604622364044,-2.1669782102108,-2.88007366657257
-0.909735485911369,0.200951009988785,3.30720153450966,-4.10834193229675,-2.15121138095856,-2.90263587236404
-0.906390607357025,0.197392344474792,3.33869841694832,-4.01550829410553,-2.09964522719383,-2.83115422725677
-0.902936726808548,0.194164514541626,3.32998737692833,-3.9704424738884,-2.08763298392296,-2.80545538663864
-0.899258732795715,0.191098093986511,3.31995090842247,-3.92677825689316,-2.07560148835182,-2.78018969297409
-0.880442917346954,0.185990273952484,3.2461000084877,-3.9532282948494,-2.03655749559402,-2.83728665113449
-0.873855605721474,0.177934467792511,3.22418642044067,-3.89038479328156,-2.01894721388817,-2.82277798652649
-0.8634003251791,0.178186535835266,3.18934094905853,-3.88705098628998,-1.99106100201607,-2.81793177127838
-0.856432855129242,0.170317471027374,3.16567087173462,-3.82571548223495,-1.97292625904083,-2.80381065607071
-0.844433605670929,0.171343475580215,3.15032532811165,-3.80325359106064,-1.91627630591393,-2.77519273757935
-0.837204903364182,0.163579940795898,3.07979908585548,-3.78483772277832,-1.94343033432961,-2.80335807800293
-0.831957012414932,0.160546958446503,3.03956332802773,-3.76638644933701,-1.95217874646187,-2.80310469865799
-0.828842163085938,0.162164926528931,3.04403707385063,-3.72618091106415,-1.92901590466499,-2.75319135189056
-0.821313127875328,0.154402166604996,3.00697043538094,-3.67543429136276,-1.92090833187103,-2.74902129173279
-0.81790916621685,0.155707716941834,2.97462323307991,-3.67400443553925,-1.93283176422119,-2.73975813388824
-0.788271501660347,0.156364917755127,2.92643839120865,-3.66813033819199,-1.80319061875343,-2.72994083166122
-0.776013031601906,0.159169763326645,2.87377500534058,-3.67108088731766,-1.78230318427086,-2.71606230735779
-0.758995860815048,0.143137872219086,2.85927069187164,-3.53851473331451,-1.69470447301865,-2.6796875
-0.75323112308979,0.139466941356659,2.83986592292786,-3.4969407916069,-1.67952081561089,-2.66013914346695
-0.747494846582413,0.13586500287056,2.82023733854294,-3.45609998703003,-1.66473174095154,-2.64090996980667
-0.726448059082031,0.135669738054275,2.74279510974884,-3.44974327087402,-1.61589324474335,-2.63572484254837
-0.715724602341652,0.133294492959976,2.70732140541077,-3.41795092821121,-1.58702620863915,-2.61818397045135
-0.711724773049355,0.133485972881317,2.67373102903366,-3.41236925125122,-1.59661760926247,-2.61145341396332
-0.701818123459816,0.136653542518616,2.66724848747253,-3.38565820455551,-1.54366025328636,-2.56573694944382
-0.688470140099525,0.124635994434357,2.61693346500397,-3.31263601779938,-1.51388737559319,-2.56482005119324
-0.6844632178545,0.124478995800018,2.5740105509758,-3.31244689226151,-1.5327687561512,-2.5655729174614
-0.665949121117592,0.129657745361328,2.52659061551094,-3.31033617258072,-1.46910411119461,-2.53238970041275
-0.656940512359142,0.117634028196335,2.51349461078644,-3.21534723043442,-1.42814846336842,-2.50954306125641
-0.651271037757397,0.113307774066925,2.46469384431839,-3.19823282957077,-1.44293238222599,-2.51838618516922
-0.645727165043354,0.109020978212357,2.42619037628174,-3.17485481500626,-1.44817261397839,-2.52072894573212
-0.640219263732433,0.104703783988953,2.38810324668884,-3.15127396583557,-1.45321233570576,-2.52305126190186
-0.611522510647774,0.111054033041,2.36600755155087,-3.09430766105652,-1.30312751233578,-2.42798346281052
-0.607650294899941,0.110190987586975,2.35344056785107,-3.06781435012817,-1.29246120154858,-2.40666842460632
-0.600816518068314,0.102292418479919,2.32862828671932,-3.01384896039963,-1.27627082169056,-2.40009444952011
-0.587724149227142,0.109403669834137,2.28198231756687,-3.02672117948532,-1.24436257779598,-2.3702991604805
-0.577255018055439,0.100515902042389,2.25164119899273,-2.95863258838654,-1.2118889093399,-2.3555371761322
-0.563668549060822,0.10107484459877,2.22522297501564,-2.92391842603683,-1.15678831934929,-2.31746935844421
-0.558584578335285,0.096629768610001,2.17220509052277,-2.91153293848038,-1.17930237948895,-2.33175432682037
-0.553586170077324,0.092146098613739,2.15452870726585,-2.86772763729095,-1.16698831319809,-2.31485104560852
-0.548664517700672,0.087694019079208,2.13721591234207,-2.82869809865952,-1.15477119386196,-2.30253398418427
-0.543813660740852,0.083242654800415,2.09498646855354,-2.81027090549469,-1.16789549589157,-2.3108149766922
-0.524020820856094,0.09632021188736,2.06094114482403,-2.81756448745728,-1.08318378031254,-2.23964321613312
-0.51453522592783,0.087410241365433,2.01712782680988,-2.77111732959747,-1.0700835287571,-2.24665588140488
-0.509849667549133,0.082984417676926,2.00934003293514,-2.71418479084969,-1.04975797235966,-2.21627828478813
-0.495298221707344,0.089825719594956,1.97107662260532,-2.71113952994347,-1.00071270763874,-2.17218521237373
-0.489513270556927,0.082422822713852,1.9422469586134,-2.67109140753746,-0.994832664728165,-2.17655447125435
-0.485045187175274,0.078010708093643,1.94258053600788,-2.61518511176109,-0.967690587043762,-2.14712086319923
-0.48065485060215,0.073640257120133,1.90375466644764,-2.59272533655167,-0.98017443716526,-2.15088379383087
-0.476336985826492,0.069284647703171,1.88852925598621,-2.55635955929756,-0.96949265897274,-2.14065167307854
-0.473291218280792,0.067777663469315,1.8783955425024,-2.53158432245255,-0.96135176718235,-2.12491834163666
-0.452497929334641,0.084601074457169,1.85963948071003,-2.52985960245132,-0.855348095297813,-2.02225315570831
-0.449225336313248,0.087430268526077,1.85849879682064,-2.5143795311451,-0.836853221058846,-1.98979791998863
-0.43556147813797,0.071675181388855,1.76796953380108,-2.45564520359039,-0.845399335026741,-2.02559411525726
-0.43151068687439,0.067399621009827,1.75368835031986,-2.42065724730492,-0.835375770926476,-2.01625952124596
-0.427524872124195,0.063178777694702,1.71809141337872,-2.40293520689011,-0.847057819366455,-2.02386254072189
-0.424244239926338,0.05893811583519,1.69287057220936,-2.38080161809921,-0.852594867348671,-2.02717292308807
-0.405876249074936,0.068781495094299,1.65308722853661,-2.37302276492119,-0.782170265913009,-1.96033379435539
-0.399787716567516,0.067596763372421,1.62569051980972,-2.35465595126152,-0.773035779595375,-1.94907537102699
-0.393788278102875,0.066539585590363,1.63998444378376,-2.29195433855057,-0.722745224833488,-1.89271682500839
-0.390593945980072,0.062606126070023,1.6088343411684,-2.27521714568138,-0.734729334712029,-1.89958038926125
-0.38748387247324,0.058695107698441,1.60503329336643,-2.23508042097092,-0.719869941473007,-1.88290977478027
-0.384421601891518,0.054832577705383,1.59455199539661,-2.20325773954391,-0.711977615952492,-1.87426227331162
-0.373585179448128,0.065998315811157,1.55915270745754,-2.21720236539841,-0.682358369231224,-1.82121247053146
-0.364889711141586,0.061184823513031,1.54022511839867,-2.16618850827217,-0.649113148450851,-1.79907956719399
-0.361726969480514,0.057640552520752,1.5292960703373,-2.13623517751694,-0.641065746545792,-1.79039186239243
-0.358588103204966,0.054144114255905,1.51836575567722,-2.10684767365456,-0.63316286355257,-1.78198298811913
-0.356815177947283,0.052936136722565,1.48739562928677,-2.10111138224602,-0.653495438396931,-1.78349456191063
-0.355382949113846,0.048798382282257,1.4832780957222,-2.06935676932335,-0.649019598960876,-1.77656647562981
-0.355311051011085,0.047607034444809,1.4722258746624,-2.05654835700989,-0.659640431404114,-1.77090615034103
-0.355107352137566,0.046525806188583,1.4612158536911,-2.04773288965225,-0.669428259134293,-1.76857805252075
-0.354801803827286,0.044895619153977,1.46142277121544,-2.02277541160583,-0.667388051748276,-1.75340169668198
-0.354670148342848,0.043970108032227,1.46246843039989,-2.00446289777756,-0.665552459657192,-1.7406422495842
-0.354490336030722,0.04290708899498,1.45156566798687,-1.99223187565804,-0.67537634819746,-1.73478934168816
-0.354273643344641,0.041965067386627,1.44087143242359,-1.98405641317368,-0.684770427644253,-1.73226600885391
-0.353895224630833,0.041172444820404,1.44628098607063,-1.96001437306404,-0.677090361714363,-1.71297970414162
-0.353499613702297,0.04036071896553,1.44616964459419,-1.94273906946182,-0.674828037619591,-1.70057475566864
-0.353177510201931,0.039560943841934,1.42423376441002,-1.94141814112663,-0.694831296801567,-1.70405247807503
-0.352558501064777,0.03879314661026,1.42841449379921,-1.91829301416874,-0.686936512589455,-1.68553413450718
-0.352028794586658,0.03806534409523,1.42774704098701,-1.90182830393314,-0.684425726532936,-1.67343623936176
-0.351652074605227,0.037329733371735,1.427549675107,-1.88544662296772,-0.682362772524357,-1.66146822273731
-0.323233302682638,0.084679186344147,1.39923697710037,-1.91747304797173,-0.540162838995457,-1.40939792990685
-0.322940178215504,0.083784222602844,1.3993341177702,-1.9007796049118,-0.538306951522827,-1.39807426929474
-0.322529442608356,0.083258420228958,1.36187602579594,-1.90943685173988,-0.573300629854202,-1.40988633036613
-0.32061292976141,0.082553535699844,1.35505376756191,-1.89068983495235,-0.568623811006546,-1.39536862075329
-0.31190849468112,0.091909050941467,1.33117169886827,-1.89385060966015,-0.540279269218445,-1.34239630401135
-0.310179341584444,0.094333708286285,1.33045773208141,-1.88068769872189,-0.530618317425251,-1.31468544900417
-0.306277398020029,0.092768758535385,1.31605760753155,-1.86200769245625,-0.521606780588627,-1.30539514124393
-0.304135791957378,0.092103183269501,1.29887211322784,-1.85235947370529,-0.525942638516426,-1.29974037408829
-0.302178271114826,0.091123044490814,1.28277069330215,-1.84445038437843,-0.530298933386803,-1.29771211743355
-0.300560861825943,0.090074121952057,1.26807433366776,-1.83634789288044,-0.535290837287903,-1.2959031611681
-0.29892336204648,0.088876217603684,1.25813286006451,-1.82519169151783,-0.535407312214375,-1.29193438589573
-0.287825543433428,0.101263880729675,1.24961794912815,-1.81118236482143,-0.477335311472416,-1.20359908044338
-0.285479858517647,0.09986686706543,1.24135306477547,-1.79390451312065,-0.471526086330414,-1.19470331072807
-0.284627944231033,0.09974080324173,1.22970128059387,-1.78668066859245,-0.478066384792328,-1.18823584914207
-0.281924329698086,0.097601860761643,1.21109649538994,-1.77438059449196,-0.480449482798576,-1.1887694299221
-0.281405918300152,0.097454309463501,1.20974490046501,-1.7595589607954,-0.478690609335899,-1.1748331040144
-0.28116562217474,0.096939861774445,1.20119398832321,-1.75391727685928,-0.485799744725227,-1.17227810621262
-0.280016541481018,0.09445983171463,1.20165327191353,-1.72784787416458,-0.47844597697258,-1.1610888838768
-0.279925897717476,0.093546062707901,1.1935987174511,-1.71763041615486,-0.48595666885376,-1.15635403990746
-0.271508507430553,0.113773912191391,1.17781276255846,-1.73424878716469,-0.45123828202486,-1.05160531401634
-0.271018832921982,0.109609007835388,1.1686122789979,-1.71398836374283,-0.457500718533993,-1.0563343167305
-0.269193138927221,0.112321257591248,1.17064749449492,-1.69312165677547,-0.444511339068413,-1.01919411122799
-0.268497589975595,0.11460354924202,1.16288980841637,-1.69181571900845,-0.448095731437206,-1.00419442355633
-0.267236474901438,0.113889664411545,1.15262680500746,-1.67861090600491,-0.450792044401169,-0.995272919535637
-0.266461607068777,0.115551650524139,1.14435495436192,-1.67456431686878,-0.454414688050747,-0.981254413723946
-0.266214948147535,0.114824712276459,1.13647282123566,-1.66825167834759,-0.460816867649555,-0.979303404688835
-0.266004990786314,0.114044040441513,1.14756032824516,-1.63785084336996,-0.448469616472721,-0.953586600720882
-0.263698745518923,0.120328187942505,1.14160727709532,-1.63340424746275,-0.440585196018219,-0.91143511980772
-0.262548804283142,0.115901976823807,1.13032803684473,-1.61234696954489,-0.444964788854122,-0.916935108602047
-0.262021020054817,0.114560604095459,1.12161735445261,-1.6036776304245,-0.450508765876293,-0.916314005851746
-0.261561952531338,0.113220989704132,1.11327924579382,-1.59510762989521,-0.456092469394207,-0.915781691670418
-0.258333683013916,0.1213239133358,1.11989895254374,-1.57675981521606,-0.430103145539761,-0.848816335201263
-0.257838923484087,0.119842678308487,1.11863552778959,-1.56138503178954,-0.428398013114929,-0.84232896193862
-0.257342554628849,0.118442237377167,1.11725365370512,-1.54656805470586,-0.426801674067974,-0.835914630442858
-0.255176544189453,0.124601751565933,1.10000465810299,-1.54919129610062,-0.43105460703373,-0.801580786705017
-0.254958659410477,0.123916059732437,1.09292469918728,-1.54339346289635,-0.436827257275581,-0.799897104501724
-0.253572508692741,0.128404825925827,1.08537065982819,-1.54471149295568,-0.436064392328262,-0.774282537400723
-0.253001488745213,0.130462229251862,1.0881409868598,-1.53125617466867,-0.429867945611477,-0.7484827991575
-0.251084387302399,0.128943920135498,1.07923961430788,-1.51220667734742,-0.427266709506512,-0.738543156534433
-0.249990403652191,0.126516222953796,1.06895973533392,-1.49941956624389,-0.430982686579227,-0.740322228521109
-0.248668476939201,0.129737377166748,1.06090284138918,-1.49806411191821,-0.431108020246029,-0.719639848917723
-0.24814660847187,0.131471246480942,1.06344293802977,-1.4849014300853,-0.425436712801456,-0.696073951199651
-0.246345013380051,0.127979904413223,1.05046520382166,-1.46798572875559,-0.427604876458645,-0.700106302276254
-0.245747074484825,0.126655489206314,1.0423786714673,-1.4597754497081,-0.432103775441647,-0.69984251447022
-0.243898317217827,0.131388157606125,1.04257974773645,-1.4479140911717,-0.420810155570507,-0.659585145534948
-0.242414638400078,0.131310015916824,1.035749822855,-1.43515708809719,-0.418738007545471,-0.647296992596239
-0.241864684969187,0.129953622817993,1.03393718600273,-1.42170691490173,-0.417250923812389,-0.641985177993774
-0.24123764783144,0.128638803958893,1.0228179693222,-1.41504225321114,-0.424607917666435,-0.643209429457784
-0.240577306598425,0.127528339624405,1.01475176215172,-1.40784226544201,-0.428712077438831,-0.642672227695584
-0.239780649542809,0.126456916332245,1.01416631042957,-1.39001961518079,-0.424517586827278,-0.631278117187321
-0.23630690574646,0.134793996810913,1.00886394828558,-1.39007600396872,-0.40897748619318,-0.581312023103237
-0.235859632492065,0.133875846862793,1.00622797757387,-1.38095028279349,-0.408929817378521,-0.577695201616734
-0.235401008278131,0.132896810770035,1.00373218208551,-1.37144363900006,-0.408673867583275,-0.574062774379854
-0.231867965310812,0.135563910007477,0.998153392225504,-1.36547248321585,-0.393054399639368,-0.552089023170993
-0.231450241059065,0.134499132633209,0.995563838630915,-1.35586090991274,-0.393137607723474,-0.54886611411348
-0.228932205587625,0.135937929153442,0.991197165101767,-1.34842949453741,-0.382396068423986,-0.532801919616759
-0.227482307702303,0.135981231927872,0.98772780969739,-1.33991218917072,-0.377166036516428,-0.524024797603488
-0.227029927074909,0.134938985109329,0.986180443316698,-1.32867131568491,-0.375999119132757,-0.519037405028939
-0.226513013243675,0.133919805288315,0.982465196400881,-1.32111646607518,-0.376612883061171,-0.517597634345293
-0.223370354622602,0.136264324188232,0.977019567042589,-1.31597957015038,-0.363202560693026,-0.498393625020981
-0.223518006503582,0.135244160890579,0.977201957255602,-1.30684231966734,-0.36390608176589,-0.495377354323864
-0.223854750394821,0.134156852960587,0.978256303817034,-1.2975511662662,-0.364872198551893,-0.492610048502684
-0.222556561231613,0.136069655418396,0.977652437984943,-1.29129847884178,-0.357686929404736,-0.474880546331406
-0.223097044974565,0.134602457284927,0.979340828955174,-1.28050002455711,-0.35924144089222,-0.472885280847549
-0.222151134163141,0.135601818561554,0.978511743247509,-1.27409072965384,-0.354395061731338,-0.460479818284512
-0.222713947296143,0.134007394313812,0.980967544019222,-1.26135956123471,-0.355316139757633,-0.457315195351839
-0.223082352429628,0.132824808359146,0.982616387307644,-1.25020211189985,-0.355877727270126,-0.453253261744976
-0.22353658080101,0.13163760304451,0.984619788825512,-1.23912464827299,-0.356599695980549,-0.449299030005932
-0.223974633961916,0.130316168069839,0.986547835171223,-1.22758392989635,-0.357299968600273,-0.445686921477318
-0.221145447343588,0.134157568216324,0.980389088392258,-1.23348183557391,-0.34648359566927,-0.428536426275969
-0.221953622996807,0.132017850875855,0.983791813254356,-1.21877653896809,-0.347929924726486,-0.426669433712959
-0.221271481364965,0.132113218307495,0.982898853719234,-1.21179687231779,-0.344730034470558,-0.41911756247282
-0.221002515405416,0.132087737321854,0.979176335036755,-1.21091052889824,-0.346838757395744,-0.418384104967117
-0.221640814095736,0.130405247211456,0.985744573175907,-1.19264250248671,-0.344100311398506,-0.410211019217968
-0.222037401050329,0.128998517990112,0.98644020408392,-1.18816575407982,-0.345784202218056,-0.414174646139145
-0.222409285604954,0.127595782279968,0.990622125566006,-1.17492443323135,-0.343833588063717,-0.409349739551544
-0.222783785313368,0.126414552330971,0.992352806031704,-1.16792088001966,-0.344349905848503,-0.40943356603384
-0.223263368010521,0.125099748373032,0.9953368678689,-1.15864766389132,-0.344243340194225,-0.408049173653126
-0.223557844758034,0.124039903283119,0.997571654617786,-1.15101583302021,-0.343775413930416,-0.406776413321495
-0.220747422426939,0.128757834434509,0.995885465294123,-1.1504171192646,-0.328599069267511,-0.377870112657547
-0.220977108925581,0.127449184656143,0.998062539845705,-1.1419775262475,-0.327800113707781,-0.377282418310642
-0.220613025128841,0.127981960773468,0.999870851635933,-1.13462719321251,-0.323807299137115,-0.366735428571701
-0.22070125490427,0.127265989780426,1.00041505694389,-1.12957126647234,-0.323792472481728,-0.365975327789783
-0.220991156995296,0.126099824905396,1.00249998271465,-1.12139931321144,-0.323446959257126,-0.364800363779068
-0.22106384858489,0.125163421034813,1.00386700034142,-1.11464585363865,-0.322516091167927,-0.363665327429771
-0.221218500286341,0.124125212430954,1.00553035736084,-1.1078230291605,-0.321780644357204,-0.363071754574776
-0.219771303236485,0.126706659793854,1.00520307943225,-1.10554797947407,-0.313424739986658,-0.345308020710945
-0.220459099858999,0.125299215316772,1.00717861577868,-1.10102389007807,-0.315575983375311,-0.349228598177433
-0.220755185931921,0.124153390526772,1.00761451944709,-1.09777185320854,-0.316916596144438,-0.352851510047913
-0.221042275428772,0.123002618551254,1.01177969947457,-1.08796548843384,-0.314473953098059,-0.349949777126312
-0.21995609998703,0.124833166599274,1.01157871261239,-1.08787932246923,-0.30815788730979,-0.338880322873592
-0.220108598470688,0.123266145586967,1.01191905513406,-1.08180689811707,-0.308732535690069,-0.342210024595261
-0.220142249017954,0.123412266373634,1.01399575173855,-1.07883093506098,-0.306857742369175,-0.338357336819172
-0.220037393271923,0.122027903795242,1.01298952102661,-1.07376405596733,-0.307234838604927,-0.341596633195877
-0.219978667795658,0.12160088121891,1.01380576938391,-1.07022666186094,-0.306066237390041,-0.340621374547482
-0.219964370131493,0.120839014649391,1.01440051198006,-1.06525836884975,-0.305385708808899,-0.340224280953407
-0.219062715768814,0.122877672314644,1.01209492981434,-1.06936293840408,-0.302281364798546,-0.33209690451622
-0.219120070338249,0.121967747807503,1.01108059287071,-1.06690077483654,-0.303639829158783,-0.335094287991524
-0.219535768032074,0.12081815302372,1.01520872116089,-1.05609427392483,-0.302005887031555,-0.331185355782509
-0.21881777793169,0.12188158929348,1.01402840018272,-1.05669660866261,-0.298878267407417,-0.325407072901726
-0.218823529779911,0.120718821883202,1.01305989921093,-1.05242531746626,-0.299881279468536,-0.328112386167049
-0.21876909583807,0.120206698775291,1.01195256412029,-1.050696156919,-0.300662010908127,-0.329455964267254
-0.218214739114046,0.121440395712852,1.01056472584605,-1.05222679674625,-0.298723708838224,-0.323584422469139
-0.21791660040617,0.121904388070106,1.00921899080276,-1.05208615213633,-0.298280611634254,-0.320659823715687
-0.217693220824003,0.122678622603416,1.00799376145005,-1.05255733430386,-0.298165563493967,-0.316485598683357
-0.218432229012251,0.119328901171684,1.01780317351222,-1.02462731301785,-0.292790200561285,-0.30865390598774
-0.217930946499109,0.120304808020592,1.01765297725797,-1.02272632718086,-0.289932701736689,-0.300897479057312
-0.217880669981241,0.119114220142365,1.01728186383843,-1.01417243480682,-0.290002156049013,-0.299487113952637
-0.21837804466486,0.118042305111885,1.01915134117007,-1.0067487731576,-0.291116926819086,-0.298494942486286
-0.21747687458992,0.118997409939766,1.01805318146944,-1.00427178293467,-0.28680806607008,-0.29028732329607
-0.217537626624107,0.117385983467102,1.01742000877857,-0.994278132915497,-0.287805750966072,-0.289962232112885
-0.217494413256645,0.116601213812828,1.01645503938198,-0.987911202013493,-0.28851144015789,-0.288303919136524
-0.217819880694151,0.115187436342239,1.01575461030006,-0.980604976415634,-0.291164673864841,-0.289480358362198
-0.216959338635206,0.116192802786827,1.01506844162941,-0.974676847457886,-0.286687590181828,-0.277520030736923
-0.216805573552847,0.115546971559525,1.01368588209152,-0.969157241284847,-0.287147559225559,-0.2758754119277
-0.216143805533648,0.115924060344696,1.01191227883101,-0.9651213362813,-0.28495055437088,-0.269576974213123
-0.216438438743353,0.115717202425003,1.01324101164937,-0.960686720907688,-0.285389620810747,-0.26638350635767
-0.216363284736872,0.113885819911957,1.01324092596769,-0.950144000351429,-0.284938782453537,-0.266829080879688
-0.216370139271021,0.113193646073341,1.01317839324474,-0.943495333194733,-0.285042442381382,-0.264333456754684
-0.216837085783482,0.112052261829376,1.01513323932886,-0.937213130295276,-0.285889275372028,-0.264899559319019
-0.216808632016182,0.111095443367958,1.01512060314417,-0.931526564061642,-0.285731188952923,-0.264953903853893
-0.216717287898064,0.110408455133438,1.01459004729986,-0.926228865981102,-0.28571368008852,-0.263778135180473
-0.21691033989191,0.109387427568436,1.01595216244459,-0.918556109070778,-0.285509876906872,-0.262231543660164
-0.216896899044514,0.108631744980812,1.01546025276184,-0.913816139101982,-0.285921141505241,-0.26202566921711
-0.217252545058727,0.108478680253029,1.01751054823399,-0.909657314419746,-0.286004722118378,-0.258785232901573
-0.214672893285751,0.111405268311501,1.01461167633533,-0.909959241747856,-0.273425683379173,-0.241527631878853
-0.214908827096224,0.108742564916611,1.01676478236914,-0.894938558340073,-0.272688180208206,-0.242483168840408
-0.214515451341867,0.108378231525421,1.01766511797905,-0.88919610530138,-0.269427590072155,-0.238926716148853
-0.214414302259684,0.107585847377777,1.01817506551743,-0.88169103115797,-0.268310748040676,-0.236175946891308
-0.214872840791941,0.106345355510712,1.02070944756269,-0.874949812889099,-0.26852759718895,-0.236877679824829
-0.214871108531952,0.105437099933624,1.02039284259081,-0.869213491678238,-0.268833808600903,-0.236590892076492
-0.213957671076059,0.106353312730789,1.01978344097734,-0.866048961877823,-0.263962585479021,-0.227929085493088
-0.21377856656909,0.104783102869987,1.01776019856334,-0.856845483183861,-0.264911200851202,-0.228146865963936
-0.213259303942323,0.104211881756783,1.01674249581993,-0.851592019200325,-0.26281332783401,-0.22632072865963
-0.213022692129016,0.103603318333626,1.01429483853281,-0.847341313958168,-0.26384131424129,-0.225721403956413
-0.212842745706439,0.10295644402504,1.01376126520336,-0.841175094246864,-0.263295209035277,-0.223436430096626
-0.212979694828391,0.101983934640884,1.01450487785041,-0.836173757910728,-0.263373291119933,-0.224270150065422
-0.212919360026717,0.101394832134247,1.01495963148773,-0.833950012922287,-0.262556528672576,-0.225581020116806
-0.212635535746813,0.09953847527504,1.01425184682012,-0.826778426766396,-0.261561367660761,-0.229547575116158
-0.212436635047197,0.098749250173569,1.0133847258985,-0.821922078728676,-0.26123508438468,-0.229426577687263
-0.212734010070562,0.097879931330681,1.01437798514962,-0.81736133992672,-0.262026075273752,-0.230081751942635
-0.212749950587749,0.096961662173271,1.01416691765189,-0.813231885433197,-0.262332785874605,-0.23146191239357
-0.212807117030025,0.096295103430748,1.01365039683878,-0.811629384756088,-0.263192305341363,-0.2338587641716
-0.213079053908586,0.095915898680687,1.01461783796549,-0.811263471841812,-0.263856485486031,-0.23576807975769
-0.212183002382517,0.093449354171753,1.80084379762411,-2.39419662952423,0.52774578332901,-1.83350050449371
0.204971253871918,0.739292472600937,1.15342900902033,-4.18319660425186,2.38325653225183,0.25255823135376
0.204840257763863,0.738168090581894,1.15201846510172,-4.17427498102188,2.38106001168489,0.254733562469482
1.11051218211651,2.80288487672806,0.237006016075611,-6.22936138510704,6.90007910877466,10.5879478752613
1.11723092198372,2.79161781072617,-0.940665781497955,-7.60130226612091,5.76271975040436,9.14840459823608
1.119614392519,2.79103735089302,-0.965101480484009,-7.60448575019836,5.75258487462997,9.14173835515976
1.13068671524525,2.7765496969223,-1.00949019193649,-7.52225017547607,5.77463009953499,9.13704800605774
1.13777576386929,2.76958978176117,-1.03252846002579,-7.46502840518951,5.79412612318993,9.1525102853775
1.09065221250057,2.79114127159119,-1.00418305397034,-7.50796914100647,5.5397302210331,9.23887848854065
1.10257165133953,2.77893087267876,-1.05629444122314,-7.44306921958923,5.55913546681404,9.23051601648331
1.10790890455246,2.77314954996109,-1.1029646396637,-7.43837702274323,5.54448878765106,9.20052027702332
1.11184200644493,2.76786452531815,-1.09702885150909,-7.37317085266113,5.57402318716049,9.23401629924774
1.09932547807693,2.78957432508469,-1.11198991537094,-7.37358248233795,5.48396295309067,9.36386346817017
1.10296429693699,2.78919261693954,-1.10600763559341,-7.30825567245483,5.51177814602852,9.42690002918243
1.10170537233353,2.78899729251862,-1.09367781877518,-7.27944135665894,5.51655441522598,9.45454239845276
1.10290603339672,2.78387904167175,-1.09141248464584,-7.23147535324097,5.52602371573448,9.47179889678955
1.10241076350212,2.77851510047913,-1.0823609828949,-7.18305099010468,5.53210359811783,9.48803961277008
1.10098786652088,2.77275240421295,-1.06974774599075,-7.13354551792145,5.53617945313454,9.50296890735626
1.09583254158497,2.77363646030426,-1.12371706962585,-7.21403193473816,5.45127817988396,9.4277868270874
1.09020052850246,2.77398157119751,-1.09287947416306,-7.19243210554123,5.44832369685173,9.45145732164383
1.08411972224712,2.77376240491867,-1.0866294503212,-7.19189184904099,5.41808888316155,9.45068258047104
1.14596396684647,2.72136509418488,-1.17557770013809,-7.03262054920197,5.7002061009407,9.29557001590729
1.13605277240276,2.71233722567558,-1.15390002727509,-6.99680137634277,5.6624166071415,9.27722197771072
1.13229149580002,2.7039355635643,-1.13086551427841,-6.94131177663803,5.6628834605217,9.28230160474777
1.13228848576546,2.66768229007721,-1.11617165803909,-6.88755440711975,5.67755925655365,9.11853933334351
1.12176105380058,2.64620611071587,-1.09132540225983,-6.8475781083107,5.63924092054367,9.0296585559845
1.12278123944998,2.62324151396751,-1.08979669213295,-6.73328810930252,5.64689074456692,9.00616097450256
1.11879120767117,2.61305630207062,-1.06860321760178,-6.67037749290466,5.64414402842522,9.00796031951904
1.11479870229959,2.60278090834618,-1.07983902096748,-6.64446485042572,5.60895319283009,8.97222059965134
1.10864809900522,2.59859013557434,-1.07323625683784,-6.62818789482117,5.57865233719349,8.96335291862488
1.06929890066385,2.50252175331116,-1.05157831311226,-6.53257322311401,5.36421509087086,8.48255729675293
1.06026075035334,2.48389279842377,-1.01359835267067,-6.47373270988464,5.34796614944935,8.42962408065796
1.05090156942606,2.466264128685,-1.02012655138969,-6.45831614732742,5.28528286516666,8.33926862478256
1.03878800570965,2.41656550765038,-0.967023432254791,-6.23910045623779,5.2657046020031,8.26029258966446
1.03549503535032,2.40545320510864,-0.949319571256638,-6.17452526092529,5.2636506408453,8.25819396972656
1.03234477341175,2.39446064829826,-0.962763667106628,-6.14425832033157,5.23130497336388,8.22250556945801
0.994014576077461,2.32593747973442,-0.941582202911377,-6.07611536979675,5.02250525355339,7.87950950860977
0.988021478056908,2.30390426516533,-0.934376537799835,-5.98822033405304,4.99375233054161,7.83520525693893
0.985171303153038,2.29281309247017,-0.93963623046875,-5.94388943910599,4.97139158844948,7.81298911571503
0.980615690350532,2.28737503290176,-0.89320719242096,-5.88744711875916,4.99048694968224,7.83680307865143
0.942388609051704,2.22266465425491,-0.871440768241882,-5.82291865348816,4.78289088606834,7.51306927204132
0.93281652033329,2.20675534009933,-0.856450021266937,-5.79025083780289,4.7404491007328,7.45028120279312
0.926964320242405,2.16832712292671,-0.829152971506119,-5.61853384971619,4.73263294994831,7.39142888784409
0.910154893994331,2.13261020183563,-0.832277774810791,-5.56823319196701,4.6286515891552,7.22742801904678
0.903676025569439,2.11645272374153,-0.822151690721512,-5.50380909442902,4.59990446269512,7.19490724802017
0.901387564837933,2.10587951540947,-0.799274355173111,-5.43624359369278,4.60905103385448,7.19903349876404
0.899216040968895,2.09538176655769,-0.787008345127106,-5.37707531452179,4.60828790068626,7.19521528482437
0.897122137248516,2.08499854803085,-0.775193482637405,-5.318738758564,4.60753934085369,7.19125252962112
0.895057007670403,2.07467216253281,-0.799455046653748,-5.29832774400711,4.57088699936867,7.14970523118973
0.893060468137264,2.06444424390793,-0.788120478391647,-5.24109977483749,4.57024233043194,7.14556568861008
0.889595799148083,2.05914136767387,-0.788761466741562,-5.22197067737579,4.54881332814693,7.13287752866745
0.820425897836685,1.93312588334084,-0.725426852703095,-5.05086398124695,4.19712853431702,6.54789131879807
0.815253734588623,1.91783902049065,-0.718831300735474,-4.99180442094803,4.17269110679626,6.51522970199585
0.797921001911163,1.8903041779995,-0.71596086025238,-4.96430110931397,4.0715651512146,6.37752395868301
0.791520088911057,1.88004860281944,-0.686359941959381,-4.90909904241562,4.06276059150696,6.37119257450104
0.792571097612381,1.8610512316227,-0.695539712905884,-4.82607650756836,4.0598868727684,6.34023088216782
0.768022745847702,1.82250419259071,-0.676045060157776,-4.78071933984757,3.93209141492844,6.15430581569672
0.762640409171581,1.80074942111969,-0.675765126943588,-4.7170792222023,3.9000773280859,6.08741730451584
0.755033634603024,1.78144079446793,-0.642539471387863,-4.62518393993378,3.88766233623028,6.06346082687378
0.752137921750546,1.77653187513351,-0.660125643014908,-4.62155821919441,3.85270188748837,6.03763303160667
0.728793822228909,1.73989087343216,-0.625360816717148,-4.56393960118294,3.7474021166563,5.87540563941002
0.72319408506155,1.73028585314751,-0.623904377222061,-4.53355434536934,3.71526013314724,5.8481607735157
0.707969807088375,1.70654758810997,-0.621785849332809,-4.50982961058617,3.62603299319744,5.72945591807365
0.700503431260586,1.69485959410667,-0.602264136075974,-4.478885024786,3.60075645148754,5.69027253985405
0.69319536536932,1.68341752886772,-0.607673496007919,-4.46741235256195,3.551498696208,5.63309282064438
0.684210278093815,1.62351363897324,-0.605991750955582,-4.26181051135063,3.49926991760731,5.47927132248879
0.68283835798502,1.61464338004589,-0.581638246774673,-4.20016399025917,3.51539190113544,5.48769629001617
0.668686665594578,1.59246127307415,-0.57892307639122,-4.17891728878021,3.43319691717625,5.37585034966469
0.665999125689268,1.57574719190598,-0.580387875437737,-4.11216622591019,3.41560687869787,5.34231692552567
0.652215611189604,1.55406016111374,-0.578587874770165,-4.09046560525894,3.33470579236746,5.23389536142349
0.647401329129934,1.54536035656929,-0.541702523827553,-4.03122276067734,3.34270545095205,5.2409393787384
0.645038526505232,1.54105499386787,-0.55081744492054,-4.02080255746841,3.31941371411085,5.22552740573883
0.642745804041624,1.53685265779495,-0.553308591246605,-4.00404736399651,3.30316623300314,5.21706858277321
0.645978409796953,1.51372900605202,-0.549125507473946,-3.88781210780144,3.32674495130777,5.19456192851067
0.61244099214673,1.46127042174339,-0.533528819680214,-3.84196472167969,3.14111713320017,4.92565780878067
0.610152348875999,1.445626527071,-0.514918386936188,-3.76202642917633,3.14599570631981,4.91173273324966
0.597267165780067,1.42535504698753,-0.512629181146622,-3.74275502562523,3.07097381353378,4.80937525629997
0.59427423030138,1.41076056659222,-0.511331290006638,-3.68490150570869,3.05431409180164,4.7796618938446
0.592390555888414,1.40387545526028,-0.494875505566597,-3.64050868153572,3.05946782976389,4.78274405002594
0.573961216956377,1.37478284537792,-0.492315873503685,-3.61828967928886,2.95145142823458,4.63040739297867
0.570401690900326,1.36108909547329,-0.469228893518448,-3.54709497094154,2.95318125188351,4.61943960189819
0.556574620306492,1.33538649976254,-0.459319204092026,-3.50269213318825,2.88012851774693,4.50962686538696
0.553815983235836,1.33172971010208,-0.45185250043869,-3.48375722765923,2.87104339897633,4.50662103295326
0.551127545535564,1.32814410328865,-0.450819402933121,-3.47011783719063,2.85594587028027,4.49874678254128
0.533745102584362,1.30084928870201,-0.442828357219696,-3.44335788488388,2.75964225828648,4.36173784732819
0.532037381082773,1.28104275465012,-0.445347353816032,-3.36435657739639,2.74687693268061,4.3218999505043
0.530195411294699,1.27460110187531,-0.417047962546349,-3.3134480714798,2.76412450522184,4.33415853977203
0.511511646211147,1.24209728837013,-0.407049953937531,-3.26844745874405,2.66201992332935,4.18413627147675
0.504275746643543,1.2272440046072,-0.403792232275009,-3.23540878295898,2.62186224758625,4.12805524468422
0.502704102545977,1.22070848941803,-0.406671270728111,-3.21016871929169,2.60955334454775,4.11408221721649
0.500374663621187,1.21785047650337,-0.406122758984566,-3.19907251000404,2.59612522274256,4.10803034901619
0.499720446765423,1.20900994539261,-0.412147134542465,-3.16448304057121,2.58617554605007,4.08957663178444
0.497499443590641,1.20608955621719,-0.375771760940552,-3.12554466724396,2.60922490060329,4.1109926700592
0.496838968247175,1.19739447534084,-0.371158733963966,-3.08109760284424,2.60987507551908,4.10326924920082
0.49532325938344,1.19171610474586,-0.363350167870522,-3.04905772209167,2.60858938843012,4.10123890638351
0.456436101347208,1.1310767531395,-0.329692408442497,-2.98784376680851,2.40892419964075,3.79861675202847
0.452801847830415,1.11738204956055,-0.333440400660038,-2.95397265255451,2.38337068632245,3.75031964480877
0.449209809303284,1.10903413593769,-0.32154506444931,-2.91691875457764,2.37371379137039,3.73728606104851
0.447815353050828,1.10360531508923,-0.314340390264988,-2.88641399145126,2.37255172803998,3.73521789908409
0.431340659037232,1.07824543118477,-0.297985531389713,-2.85467141866684,2.29005842283368,3.61480116844177
0.430753409862518,1.07032655179501,-0.294094264507294,-2.81430396437645,2.29042619466782,3.60765534639359
0.42940673045814,1.06506860256195,-0.287134163081646,-2.78476110100746,2.2893062196672,3.60565051436424
0.428034322336316,1.05989189445972,-0.291795440018177,-2.77130500972271,2.27641049399972,3.58804635703564
0.426680628210306,1.05477222800255,-0.28482361137867,-2.7423827201128,2.27526015788317,3.58625064790249
0.425246937200427,1.04976235330105,-0.277662120759487,-2.71407853066921,2.27381950244308,3.58449558913708
0.423907114192843,1.04475985467434,-0.287166319787502,-2.70471833646297,2.25627636536956,3.56384079158306
0.422594618052244,1.03977561742067,-0.275724545121193,-2.67296497523785,2.25984316319227,3.56568872928619
0.384560350328684,0.977157436311245,-0.232374086976051,-2.58766932785511,2.07498801499605,3.27527529001236
0.383338700979948,0.972229592502117,-0.226065739989281,-2.56011538207531,2.07396646589041,3.27326217293739
0.382145768031478,0.96749272197485,-0.239010564982891,-2.55710390210152,2.05386404320598,3.24785242974758
0.380324510857463,0.965164355933666,-0.22937785834074,-2.54130965471268,2.05256920680404,3.24967648088932
0.379618141800165,0.958326682448387,-0.233262673020363,-2.51419469714165,2.04444617778063,3.23576539754868
0.378353010863066,0.953726813197136,-0.222413077950478,-2.48474797606468,2.04770498722792,3.23761290311813
0.35317213460803,0.914116844534874,-0.207286223769188,-2.45038011670113,1.91174658387899,3.03432095050812
0.349569816142321,0.909638628363609,-0.19085319340229,-2.42634838819504,1.90656570345163,3.03148338198662
0.347754534333944,0.907549560070038,-0.185770943760872,-2.4150071144104,1.90075626224279,3.03029024600983
0.34840646199882,0.896684966981411,-0.187147788703442,-2.36440965533257,1.90329098328948,3.0157001465559
0.332737086340785,0.872113786637783,-0.180960528552532,-2.34463143348694,1.81546198949218,2.88805128633976
0.328911570832133,0.866100631654262,-0.183129720389843,-2.33925637602806,1.79033970460296,2.85734741389751
0.325628550723195,0.853251330554485,-0.160389997065067,-2.27427959442139,1.7933813072741,2.84522838890553
0.324540309607983,0.849062323570251,-0.158895999193192,-2.25384351611137,1.7883458584547,2.84053042531013
0.314111994579434,0.833171017467976,-0.144765056669712,-2.22131726145744,1.73990691080689,2.77770884335041
0.311114514246583,0.826712243258953,-0.154075272381306,-2.21875806152821,1.71261181309819,2.74151539802551
0.307768637314439,0.822378687560558,-0.15640950948,-2.21510661393404,1.69020231440663,2.71916551142931
0.302499728277326,0.810418657958508,-0.141153164207935,-2.16765113174915,1.67384520545602,2.69486081600189
0.301256557926536,0.806457199156284,-0.130402199923992,-2.14246594905853,1.67713714763522,2.69627724587917
0.300195241346955,0.802569448947907,-0.131600178778172,-2.12749002873898,1.66957126930356,2.68792666494846
0.287918144837022,0.785470604896545,-0.124731875956059,-2.11078417301178,1.60277699306607,2.60203945636749
0.285819632001221,0.777933187782764,-0.12166591361165,-2.08109579235315,1.59325187839568,2.58650333434343
0.284406629391015,0.776099748909473,-0.106946144253016,-2.061150200665,1.59949363209307,2.59544829279184
0.284073296934366,0.770716533064842,-0.107963919639587,-2.03632865101099,1.59647586196661,2.58797054737806
0.283345651812851,0.767208851873875,-0.110302899032831,-2.02268093079329,1.58977101184428,2.58057218044996
0.267891583032906,0.7481604591012,-0.100038427859545,-2.00398925691843,1.50731107033789,2.48497349768877
0.266547451261431,0.741333104670048,-0.089286411181092,-1.96324095875025,1.50999829638749,2.48475766927004
0.261178249958903,0.734581507742405,-0.092051098123193,-1.96031565964222,1.47501840163022,2.44717338681221
0.259832339826971,0.732059016823769,-0.086751783266664,-1.94397661089897,1.47224225569516,2.44837749004364
0.254798295442015,0.72562862932682,-0.086930641904473,-1.93784520030022,1.44185913074762,2.41592657566071
0.251208728179336,0.715872794389725,-0.085075937211514,-1.90931690856814,1.4221764318645,2.3859198577702
0.246660279110074,0.707531370222569,-0.071666769683361,-1.87620512023568,1.40829490497708,2.36898310109973
0.245618310756981,0.705029927194119,-0.069967184215784,-1.86292665824294,1.4037426803261,2.36725290492177
0.244571654126048,0.702587395906448,-0.065387643873692,-1.8469507060945,1.4020422808826,2.36857366934419
0.237257740460336,0.690491072833538,-0.055202197283506,-1.82216068729758,1.36834424547851,2.32078574970365
0.236827305518091,0.689533337950707,-0.061229329556227,-1.82126884162426,1.35973450355232,2.31593118607998
0.231850167736411,0.680244073271751,-0.055241800844669,-1.79983624443412,1.3358592055738,2.28162819519639
0.231428635306656,0.67817872017622,-0.058364439755678,-1.79180351644754,1.33020737208426,2.27726880460978
0.227150483056903,0.670037925243378,-0.05223786085844,-1.77136516943574,1.31066503748298,2.24886238202453
0.226568912155926,0.667876958847046,-0.054646749049425,-1.76282767951489,1.30476672388613,2.24443407356739
0.225983103737235,0.665723212063313,-0.049165062606335,-1.74585376679897,1.30673355981708,2.2484855055809
0.225223413668573,0.663593679666519,-0.045870032161474,-1.73184438049793,1.30547044984996,2.24971769750118
0.217844299040735,0.652592808008194,-0.045684512704611,-1.72368103079498,1.2613812815398,2.19187581725419
0.216677343472838,0.648472204804421,-0.043099783360958,-1.70448660384864,1.25696427747607,2.18634662497789
0.216073421761394,0.64637053757906,-0.040752090513706,-1.69085531961173,1.25568844005466,2.18736790586263
0.215383395552635,0.644274547696114,-0.03802140057087,-1.67722376715392,1.25427897274494,2.18842351902276
0.214614240452647,0.642197392880917,-0.035381264984608,-1.66380187403411,1.25230417773128,2.18938248325139
0.213875536806881,0.640228696167469,-0.032741222530604,-1.65075101982802,1.25051199831069,2.19062115717679
0.205173661001027,0.624231733381748,-0.036462221294642,-1.64309815724846,1.19457974471152,2.10229224304203
0.204378259368241,0.622656367719173,-0.037617612630129,-1.63694717304315,1.18865194357932,2.09899103327189
0.204090026207268,0.621846906840801,-0.037283230572939,-1.62833755277097,1.18725692667067,2.10274388827384
0.200242665596306,0.61403464525938,-0.037651721388102,-1.62054936820641,1.16380427218974,2.06365850334987
0.197911162860692,0.607804469764233,-0.02872184291482,-1.59047679882497,1.15874513424933,2.05635001976043
0.19716895185411,0.606367446482181,-0.025712184607983,-1.57999249082059,1.15730152651668,2.0582121880725
0.192746639251709,0.597834153100848,-0.023719504475594,-1.56687148939818,1.13276033103466,2.02013342920691
0.1926250141114,0.596386240795255,-0.0272271707654,-1.56097816862166,1.128522913903,2.01733927614987
0.190840159542859,0.590825198218226,-0.024816367775202,-1.54554198123515,1.12022458948195,1.99940920807421
0.190225161612034,0.58637848123908,-0.029851600527763,-1.5343124717474,1.11149936914444,1.98395841568708
0.190600553527474,0.584796335548162,-0.033506996929646,-1.52555656246841,1.1100963242352,1.98322145082057
0.190653244033456,0.584219370037317,-0.035775624215603,-1.5211817920208,1.10814383998513,1.98413442820311
0.188480058684945,0.575597884133458,-0.035548366606236,-1.50087200850248,1.09533198550344,1.95271529629827
0.18886726628989,0.574087763205171,-0.036988403648138,-1.49039363116026,1.0962151940912,1.95413294807076
0.187601762823761,0.568204257637262,-0.042889248579741,-1.48181369528174,1.08272132836282,1.92741185054183
0.187976812012494,0.566758912056685,-0.044733811169863,-1.47177630290389,1.0831270609051,1.92877716943622
0.188332726247609,0.565295396372676,-0.050353471189737,-1.46572855114937,1.07964288629591,1.92604382708669
0.185999440029264,0.558154404163361,-0.051022715866566,-1.45363477990031,1.06497392430902,1.89529164507985
0.185764839872718,0.555032301694155,-0.053913049399853,-1.44543939456344,1.06067598983645,1.88475441560149
0.18590079061687,0.552830178290605,-0.054568313062191,-1.43231108412147,1.06083643063903,1.88466998562217
0.185235765762627,0.547600787132978,-0.05953811481595,-1.42632228136063,1.05187647975981,1.85928244143724
0.185252966359258,0.546113282442093,-0.058345012366772,-1.41409142315388,1.05317278578877,1.86258827149868
0.184959100559354,0.541885942220688,-0.063198186457157,-1.41190373525023,1.04655641689897,1.83941191807389
0.185246141627431,0.539507606998086,-0.062716372311115,-1.39613569155335,1.04876047745347,1.84090995043516
0.184500129893422,0.534654865041375,-0.06648426502943,-1.3919644728303,1.0405165143311,1.81596471741796
0.18406836129725,0.532654205337167,-0.066165678203106,-1.38586551323533,1.03824448958039,1.81005971878767
0.183633791282773,0.530683735385537,-0.068900942802429,-1.38387825340033,1.03290180489421,1.8002241589129
0.182954194024205,0.529966371133924,-0.068627282977104,-1.38022873923182,1.02909788116813,1.79956948757172
0.182445028796792,0.526240693405271,-0.06523784250021,-1.36924267932773,1.02943233028054,1.7882014811039
0.182072261348367,0.52439977414906,-0.065054878592491,-1.36409237608314,1.02737868949771,1.78230626881123
0.181571999564767,0.522813456133008,-0.065001413226128,-1.35932440683246,1.02443058416247,1.77755632996559
0.180102268233895,0.52227876521647,-0.064074963331223,-1.35624064132571,1.01653864607215,1.77743194997311
0.179596216417849,0.516209945082665,-0.061678241938353,-1.32715393975377,1.01589905656874,1.77010573074222
0.178278925828636,0.510707939043641,-0.063582990318537,-1.31887817010283,1.00609056465328,1.74536946415901
0.177236774004996,0.510137582197785,-0.058980595320463,-1.31249737367034,1.00444004870951,1.74832811951637
0.177251063287258,0.509801489301026,-0.062511637806892,-1.31098606437445,1.00099474191666,1.74782287143171
0.177184589207172,0.510118526406586,-0.065072640776634,-1.31131253764033,0.9980348944664,1.74939862079918
0.174842737615109,0.509102386422455,-0.063311047852039,-1.30869213864207,0.985745377838612,1.74592217989266
0.17441962659359,0.508942020125687,-0.066779613494873,-1.30800076574087,0.979738146066666,1.74565135501325
0.173836298286915,0.510534790344536,-0.065933339297772,-1.31233360245824,0.977084450423718,1.75087513960898
0.173370860517025,0.511107889004052,-0.065850473940373,-1.3140530474484,0.974374689161778,1.75259428657591
0.174582658335567,0.510609321296215,-0.072400070726872,-1.31137160211802,0.975095879286528,1.75228432565928
0.174423215910792,0.511112238280475,-0.072053723037243,-1.31260170415044,0.974485572427511,1.75407172553241
0.178873648867011,0.511991943232715,-0.07862164825201,-1.31374157965183,0.994620244950056,1.75821007974446
0.17787373624742,0.513498443178833,-0.075654707849026,-1.31935472786427,0.991587709635496,1.76163593120873
0.17762011103332,0.514101686887443,-0.077168561518192,-1.32083756476641,0.98855210468173,1.76377255655825
0.1774748172611,0.514656196348369,-0.076082102954388,-1.32281734794378,0.988766800612211,1.76511983014643
0.177329590544105,0.515145796351135,-0.078016512095928,-1.32407015562058,0.985961031168699,1.76680462248623
0.17724291048944,0.515576320700347,-0.080126591026783,-1.32563216611743,0.983330871909857,1.76782575808465
0.177264174446464,0.515952336601913,-0.078429073095322,-1.32804385945201,0.98515597358346,1.76767016015947
0.189008819404989,0.514698031358421,-0.10266893543303,-1.32290875539184,1.03138398099691,1.76527943275869
0.189703989308327,0.514230901841074,-0.106148077175021,-1.32126579619944,1.03207585867494,1.764119614847
0.190622983500361,0.51380308624357,-0.110808305442333,-1.31932662054896,1.03292959555984,1.76349189691246
0.186822098214179,0.514185707550496,-0.113444419577718,-1.31912821345031,1.00748816970736,1.76598603185266
0.18760895403102,0.513413477223367,-0.117363573983312,-1.3156786095351,1.00829015020281,1.7648022538051
0.187987458426505,0.512984245084226,-0.120290296152234,-1.3136277757585,1.0076344544068,1.76427769474685
0.18920472310856,0.512671577744186,-0.126649694517255,-1.31223567947745,1.0085786441341,1.76379378698766
0.184491903055459,0.512146639637649,-0.1279935259372,-1.3121770657599,0.978957892395556,1.760702772066
0.186985978158191,0.511519032064825,-0.14007915277034,-1.30939241312444,0.981836716178804,1.75972177926451
0.186746166320518,0.511204729322344,-0.143821057863534,-1.30837564729154,0.976655940059572,1.75885272864252
0.188738118624315,0.510408951435238,-0.15192876663059,-1.30540103279054,0.980499945115298,1.75705267582089
0.189910601475276,0.509932348504663,-0.156980438623577,-1.30355076864362,0.982483170228079,1.75604332238436
0.190824072458781,0.509496131911874,-0.164394317660481,-1.30021557956934,0.980550117092207,1.7567612119019
0.197970590437762,0.507110408041626,-0.17760482756421,-1.2953433226794,1.01021871506237,1.74731912557036
0.199013580102474,0.506797340931371,-0.181363211944699,-1.29399659577757,1.01271826867014,1.74678744981065
0.19980335352011,0.506402008701116,-0.185412396676838,-1.29147007875144,1.01340772444382,1.74694197345525
0.20014271850232,0.506229759659618,-0.186212575528771,-1.29158724285662,1.01464373548515,1.74579131510109
0.207958199665882,0.504123613238335,-0.193291778210551,-1.28946963325143,1.05445741978474,1.73527204617858
0.207240008283406,0.50450734840706,-0.189621353521943,-1.2904859688133,1.0538186961785,1.73655812162906
0.211413540411741,0.504295394290239,-0.188524330034852,-1.29270177520812,1.07995691243559,1.73307059053332
0.211315670749173,0.504945840220898,-0.187593496404588,-1.29496788047254,1.08030052809045,1.73470716085285
0.210640512173995,0.505556932184845,-0.184459528885782,-1.29715439863503,1.07938354415819,1.73618719447404
0.210061569232494,0.506184517405927,-0.18146007694304,-1.29921996966004,1.07890933845192,1.73788713477552
0.209402994951233,0.50673420378007,-0.175013295374811,-1.30041222367436,1.08140467433259,1.73999299900606
0.219879154348746,0.503806779161096,-0.18421230558306,-1.29889663308859,1.13506262050942,1.72394404187799
0.219418190419674,0.504252764862031,-0.182529054582119,-1.29996363632381,1.13398008793592,1.72555295284837
0.21891425549984,0.504612709861249,-0.178963892161846,-1.29994423873723,1.13452164083719,1.72773202043027
0.218601438915357,0.504751608241349,-0.177960908971727,-1.29973335005343,1.13364772452042,1.72877629939467
0.215711924945936,0.505319998133928,-0.177274673245847,-1.29964074678719,1.11699687642977,1.73227924201638
0.215395536040887,0.505446166265756,-0.178000464104116,-1.30012562312186,1.11437275214121,1.73255137447268
0.214953447692096,0.505297312047333,-0.177760031074286,-1.29948715679348,1.11196065507829,1.73229671549052
0.214838886400685,0.504939988953993,-0.178866638801992,-1.2979280455038,1.11016667960212,1.73171188822016
0.214965978404507,0.504722007317469,-0.182457535527647,-1.29755905549973,1.1073383348994,1.73077298840508
0.215002892073244,0.504208388272673,-0.184328017756343,-1.29502751491964,1.10568933468312,1.7302228147164
0.215368131059222,0.503777144243941,-0.187290064524859,-1.29289863910526,1.10491872183047,1.72976422635838
0.215862581389956,0.503282544901595,-0.191147610079497,-1.29049983527511,1.10402787826024,1.72919543413445
0.2161129306769,0.502873814897612,-0.193858475890011,-1.28827967215329,1.10281910817139,1.72896321723238
0.201771650812589,0.50394896348007,-0.179725283291191,-1.28966056276113,1.03090462158434,1.73403321811929
0.204085775651038,0.503304115962237,-0.190769422799349,-1.2853365149349,1.03374523110688,1.73448818083853
0.201815822161734,0.502447597216815,-0.186956364661455,-1.28421493060887,1.02393856830895,1.73047065269202
0.203900852706283,0.50206657522358,-0.19669614546001,-1.28059696126729,1.02670897077769,1.73180249007419
0.205095367040485,0.501823526341468,-0.202329939231276,-1.27824690006673,1.02824226301163,1.73269425798208
0.20585418632254,0.501507353503257,-0.202531209215522,-1.27662432380021,1.03259390871972,1.73241979721934
0.207316461484879,0.501073432154954,-0.208776911720633,-1.27355328574777,1.03512185718864,1.73288730718195
0.207786682527512,0.49805234093219,-0.208469232544303,-1.27021858468652,1.03825086262077,1.71809546090662
0.209324720781296,0.497416195459664,-0.213897963985801,-1.26712261140347,1.04205036070198,1.71737456135452
0.210785759612918,0.497246544575319,-0.219239667057991,-1.26593939494342,1.04547489061952,1.7175398725085
0.211654894519597,0.496736676897854,-0.223109120503068,-1.2617568243295,1.04682024661452,1.71866323705763
0.212331925053149,0.496305723208934,-0.224525528028607,-1.25874775089324,1.04946602229029,1.71908658836037
0.223116454202682,0.49327992182225,-0.235053854063153,-1.25465637072921,1.10364487115294,1.70502316020429
0.222996485419571,0.493070440134034,-0.234579730778933,-1.2535053556785,1.1033991817385,1.7049172851257
0.227936305571347,0.492233439348638,-0.238863425329328,-1.25184249505401,1.12875440809876,1.70155814103782
0.230033465195447,0.491371973417699,-0.24124644882977,-1.24843868240714,1.13895434234291,1.69979315809906
0.231567822862416,0.49038006272167,-0.242558808997273,-1.24637623503804,1.14684812817723,1.69590414129198
0.230835187248886,0.491516665322706,-0.240321937948465,-1.24938874971122,1.14468918554485,1.69971124222502
0.232667881064117,0.490606278879568,-0.243426319211721,-1.24725355859846,1.15258096717298,1.69638411467895
0.232610916718841,0.490333625581116,-0.243573509156704,-1.2465590108186,1.15209199115634,1.69544274266809
0.232784441206604,0.490337472641841,-0.245875583961606,-1.24509764928371,1.15083106327802,1.69692718656734
0.230092933867127,0.490183335030451,-0.244323158636689,-1.24389297980815,1.13623444456607,1.69720703037456
0.231174467131495,0.490256886230782,-0.249646782875061,-1.2429448151961,1.13740001991391,1.69859650218859
0.231462804600596,0.490222106920555,-0.250266835093498,-1.24198954273015,1.13850999251008,1.69934309879318
0.232004129327834,0.490170430624858,-0.253087047487497,-1.24136603716761,1.1389377284795,1.69965654658154
0.225414040498435,0.489769095554948,-0.248201098293066,-1.23973865061998,1.10428314469755,1.6988759227097
0.22541671525687,0.489682095125318,-0.249543208628893,-1.23892616853118,1.10295708291233,1.69916640222073
0.225477940402925,0.489488741150126,-0.251678746193647,-1.23742839600891,1.1011888962239,1.69950405089185
0.2255759970285,0.489450256805867,-0.253506230190396,-1.23628184758127,1.0999497519806,1.70041969325393
0.225596657488495,0.489323924761266,-0.254714595153928,-1.2357460912317,1.09886534977704,1.70019745733589
0.218197243753821,0.488426179857925,-0.250274354591966,-1.23317832220346,1.05890910793096,1.69737875694409
0.218693669885397,0.488324271747842,-0.253569804131985,-1.23144913557917,1.0585922151804,1.69849649490789
0.216687854379415,0.486857610056177,-0.252479426562786,-1.22885041031986,1.04764769971371,1.6922952500172
0.216479402035475,0.486652041086927,-0.25211076438427,-1.22784875426441,1.04676564782858,1.69206349225715
0.215446632355452,0.483132160850801,-0.252452120184898,-1.21841054270044,1.04022767394781,1.68038242240436
0.215586266480386,0.482838231837377,-0.253620725125074,-1.21520457323641,1.03989687375724,1.68182481778786
0.217315114103258,0.47962312749587,-0.25514006242156,-1.2115780217573,1.04875062219799,1.66616074321792
0.216954751871526,0.479505415773019,-0.253749947994947,-1.20778958406299,1.04797856323421,1.66924291057512
0.216862760484219,0.478522668301594,-0.253304973244667,-1.20331853884272,1.04787158966064,1.66781747096684
0.216701127588749,0.478246252838289,-0.252722509205341,-1.2016563633224,1.04748425632715,1.66782115370734
0.216548457741737,0.477913403781713,-0.252081356942654,-1.199956297467,1.04720938950777,1.66752412522328
0.216261491179466,0.477922575446428,-0.249816417694092,-1.19368165318156,1.04775252938271,1.67385379949701
0.216117472853512,0.477283371263184,-0.248690819367766,-1.18891176069155,1.0480140177533,1.67478846688755
0.225788792129606,0.465927837067284,-0.257528139278293,-1.17384977871552,1.09720461349934,1.62171724368818
0.224384243134409,0.465520713245496,-0.251369031146169,-1.17043959628791,1.09493642766029,1.62268468318507
0.226478809956461,0.461657706415281,-0.253207163885236,-1.16333917807788,1.10566569585353,1.60660706041381
0.224272548221052,0.460630661342293,-0.243532564491034,-1.15721190534532,1.10210272483528,1.60657206270844
0.223152707330883,0.460283207008615,-0.238077644258738,-1.15380280185491,1.10083859972656,1.60789644019678
0.222393880598247,0.460080119082704,-0.235374893993139,-1.150718905963,1.09898838959634,1.60976180853322
0.222091327421367,0.460043730447069,-0.233904797583818,-1.14721643645316,1.09864316694438,1.61304594622925
0.223864978179336,0.452877204865217,-0.235119804739952,-1.13815020769835,1.10807006433606,1.57911302149296
0.224578326568007,0.452726375311613,-0.238136857748032,-1.13758993521333,1.10933310166001,1.57876831665635
0.222236927598715,0.452285173814744,-0.2384043186903,-1.13578210957348,1.09501724690199,1.57792893331498
0.221918498165905,0.451821994734928,-0.242038194090128,-1.13408497627825,1.08947279490531,1.57684699213132
0.220882032997906,0.45158935780637,-0.240293767303228,-1.13452559616417,1.08499843068421,1.57501055067405
0.221942333970219,0.451458692550659,-0.24581197835505,-1.13277224823833,1.08584202546626,1.57597990706563
0.222240220755339,0.451584616675973,-0.24771387130022,-1.13352519646287,1.08572745323181,1.57598250359297
0.223914029076695,0.451235877582803,-0.255935780704021,-1.13042518962175,1.08754839375615,1.57699007587507
0.21938812918961,0.448855357477441,-0.251660116016865,-1.12987058702856,1.0646686591208,1.56326155783609
0.220405669882894,0.448541829595342,-0.256490513682365,-1.12875973526388,1.065943505615,1.56249124230817
0.218545766547322,0.447203139076009,-0.25480755418539,-1.12825116235763,1.05646704509854,1.55496767209843
0.217484148219228,0.446530321845785,-0.254864558577538,-1.12674703169614,1.05004033073783,1.55243489937857
0.222191713750362,0.445425416808575,-0.27382193505764,-1.12331291101873,1.05932834744453,1.54923958983272
0.223552185110748,0.445069443434477,-0.280466917902231,-1.11997147649527,1.06084619276226,1.5504451841116
0.224608018063009,0.444806354120374,-0.285276714712381,-1.11826771497726,1.06237139366567,1.55057040974498
0.225739495828748,0.444616200402379,-0.290203101933003,-1.11685417592525,1.06423387303948,1.55084302648902
0.225806968286633,0.44024789519608,-0.28883396089077,-1.11591055989265,1.06600784882903,1.52557681128383
0.228443651460111,0.439711764687672,-0.299578178673983,-1.11298100743443,1.07108373008668,1.52528958069161
0.229280001483858,0.439310237998143,-0.302845697849989,-1.11142210755497,1.07283431105316,1.52443932043389
0.235224386677146,0.43600550875999,-0.31327623873949,-1.10668625775725,1.09807008132339,1.5093467948027
0.236066510900855,0.43561420426704,-0.31633099168539,-1.10687822196633,1.10006807371974,1.50680700363591
0.238743519410491,0.433346634963527,-0.31938274949789,-1.10554047767073,1.11307836696506,1.49453933211043
0.239609410054982,0.433659452944994,-0.323044005781412,-1.10769837349653,1.11461245454848,1.49425834417343
0.242636650800705,0.432480986928567,-0.3359749391675,-1.0999863287434,1.11984496563673,1.49489959282801
0.244564101099968,0.429128225659952,-0.338639661669731,-1.09552229847759,1.12874494493008,1.47924705548212
0.247279569506645,0.42830383265391,-0.350284993648529,-1.09133915044367,1.13339242339134,1.47848384547979
0.248505720868707,0.427897503133863,-0.356196321547031,-1.08872727118433,1.13483800366521,1.47865774761885
0.24979626853019,0.42756764148362,-0.360566150397062,-1.09111414570361,1.13821146078408,1.47429170319811
0.251078901812434,0.42734406539239,-0.366710655391216,-1.08872854802758,1.13976275548339,1.47533584432676
0.252073248848319,0.426870446885005,-0.371367499232292,-1.08769843075424,1.14107199385762,1.47352425055578
0.252998201176524,0.426454838598147,-0.375697575509548,-1.08700938615948,1.1422916315496,1.4717196454294
0.252082465216517,0.419495257548988,-0.379616744816303,-1.07786723598838,1.1328780464828,1.43910430930555
0.251544715836644,0.418678524903953,-0.380896098911762,-1.07601122185588,1.1283721961081,1.43605992756784
0.250755624845624,0.418112847022712,-0.379909947514534,-1.07750171795487,1.12462380155921,1.4311753641814
0.249716999009252,0.417566391639411,-0.379158407449722,-1.0777943097055,1.11914358660579,1.42760404013097
0.254004525020719,0.414975139312446,-0.397057861089706,-1.06662930175662,1.12696928903461,1.42322153411806
0.252688961103559,0.413175764493644,-0.396230198442936,-1.06570432707667,1.11990356817842,1.41335025988519
0.256179807707667,0.412300870986655,-0.410443767905235,-1.06273024249822,1.12663507834077,1.41107498342171
0.257465902715921,0.411619788734242,-0.4163728505373,-1.0577159402892,1.12842256575823,1.41200279211625
0.256780359894037,0.408719696337357,-0.417431369423866,-1.05365183297545,1.12325078994036,1.3986663450487
0.258592961356044,0.407548939110711,-0.425042666494846,-1.05005945730954,1.12651510164142,1.39523417735472
0.258131792768836,0.405463847448118,-0.428678646683693,-1.04620883287862,1.12011210992932,1.38657425181009
0.259284317493439,0.40474665351212,-0.43377348035574,-1.04412803053856,1.12193242460489,1.38435189053416
0.258046537637711,0.402987720444799,-0.432997763156891,-1.04320979863405,1.11528146266937,1.37471652403474
0.260275302454829,0.400582582107745,-0.443279281258583,-1.03743320843205,1.11837253347039,1.36606228421442
0.259858889505267,0.399667591205798,-0.44460840523243,-1.03240378340706,1.11454493179917,1.36560176382773
0.26245354861021,0.398284730850719,-0.455855160951614,-1.02566877519712,1.11886613070965,1.3640396099072
0.263428755104542,0.397596166818403,-0.4600815102458,-1.02456778800115,1.12049102038145,1.36100921290927
0.264533577486873,0.393470798968337,-0.467216767370701,-1.01940307533368,1.11998469755054,1.34142171847634
0.26643530651927,0.391632294049487,-0.474354572594166,-1.01300705131143,1.12425726652145,1.33678671298549
0.267793422564864,0.391071486286819,-0.480026170611382,-1.01125118508935,1.1267343647778,1.33517773263156
0.269022192806005,0.390435889014043,-0.485554397106171,-1.00741282710806,1.12857875972986,1.3352025069762
0.26969987526536,0.389970071264543,-0.488062471151352,-1.00636060396209,1.13013678044081,1.33345982362516
0.270449053496122,0.389477647491731,-0.491348586976528,-1.00378169724718,1.13134573400021,1.33308418770321
0.272401344031095,0.388906674226746,-0.499245204031467,-1.00161690171808,1.13516286015511,1.3318231436424
0.273364869877696,0.388446028344333,-0.503703959286213,-1.00073454156518,1.13648525997996,1.32994162850082
0.274412129074335,0.387875193962827,-0.50786629319191,-0.999314450658858,1.1386064812541,1.32793671311811
0.275460932403803,0.387331315549091,-0.512078069150448,-0.994546552188694,1.14068752527237,1.32944134110585
0.286679649725556,0.375401650788262,-0.526474833488464,-0.980131302960217,1.19360306486487,1.27227860176936
0.287762731313705,0.374816323863342,-0.530587427318096,-0.979640585370362,1.19598896056414,1.26925735780969
0.290146186947823,0.372469331370667,-0.533172391355038,-0.975273293443024,1.2077047303319,1.25954269478098
0.292122667655349,0.371307092253119,-0.540760315954685,-0.971664281561971,1.21197568997741,1.25617827195674
0.294201238080859,0.368241033051163,-0.544596590101719,-0.966911384835839,1.22061083838344,1.24253481347114
0.295262381434441,0.366178889758885,-0.550892472267151,-0.962038543075323,1.22068181633949,1.23503479547799
0.295226898044348,0.364307710668072,-0.554059080779552,-0.957868955098093,1.21730230748653,1.22797730891034
0.294083531945944,0.363295474788174,-0.553083248436451,-0.958105429075658,1.21141794323921,1.22166741965339
0.295301076024771,0.36214112280868,-0.558448635041714,-0.954675233922899,1.21335782110691,1.21817150292918
0.297032009810209,0.361069105332717,-0.565734162926674,-0.946920274756849,1.21645789593458,1.21949435723946
0.29762327298522,0.360446125036106,-0.568592254072428,-0.946771702729166,1.21714738383889,1.21590504748747
0.295368224382401,0.35497964033857,-0.570698339492083,-0.939264016225934,1.20151100680232,1.19061382580549
0.296438852325082,0.354187784250826,-0.575133953243494,-0.93205058388412,1.203499160707,1.19307612162083
0.297240743413568,0.353605908807367,-0.579239312559366,-0.930323226377368,1.20420514792204,1.19131222646683
0.296330893412232,0.349221268203109,-0.580299943685532,-0.923911375924945,1.19768541678786,1.17141623329371
0.298232577741146,0.348393966676667,-0.588131260126829,-0.919099417515099,1.20126420632005,1.17126438254491
0.299146696925163,0.34771263343282,-0.591914303600788,-0.917371791787446,1.20296587795019,1.16890400880948
0.30001138523221,0.346988472621888,-0.596139699220657,-0.91322978399694,1.2039286121726,1.16870105173439
0.303101092576981,0.341602776199579,-0.600259743630886,-0.906279295682907,1.218346811831,1.14333736151457
0.304154798388481,0.340359784662724,-0.604934737086296,-0.90475108474493,1.21999405324459,1.13740762323141
0.305051609873772,0.337735332548618,-0.605141915380955,-0.90065549314022,1.22516774386168,1.12575650215149
0.305547386407852,0.336309976875782,-0.605949092656374,-0.898795552551746,1.22733522579074,1.11906430870295
0.308574970811605,0.333964382763952,-0.618178494274616,-0.888073867186904,1.23327133059502,1.11571242939681
0.309069018810987,0.333394160028547,-0.620076775550842,-0.88791342638433,1.23433733731508,1.11245153378695
0.309646364301443,0.332840060349554,-0.622767679393292,-0.886742284521461,1.23511050641537,1.11029807757586
0.310820203274488,0.327778791543096,-0.623252183198929,-0.878004914149642,1.241669036448,1.08866783510894
0.313364923000336,0.325810029637068,-0.63365651294589,-0.868670938536525,1.24653302505612,1.08618923928589
0.314823508262634,0.322215926833451,-0.637716334313154,-0.861167814582586,1.25122471526265,1.07212774641812
0.31559843569994,0.321501267142594,-0.640531796962023,-0.86101559177041,1.25305881723762,1.06799201108515
0.316402830183506,0.318482899107039,-0.641906395554543,-0.855968419462442,1.25651058554649,1.05492897517979
0.317785497754812,0.315769521985203,-0.646255809813738,-0.849845411255956,1.26045717671514,1.04477172065526
0.31826838478446,0.314124538097531,-0.648122496902943,-0.845420131459832,1.26148781180382,1.03932709712535
0.319348402321339,0.312054554931819,-0.652138419449329,-0.839572291821241,1.2639519944787,1.03275503776968
0.320181917399168,0.311257317662239,-0.6549953520298,-0.837684966623783,1.26609615236521,1.02985893934965
0.320323508232832,0.308337315917015,-0.655139483511448,-0.834518000483513,1.26680156588554,1.01550589501858
0.322047915309668,0.305318512953818,-0.661468349397182,-0.826230008155108,1.27081914246082,1.0056810695678
0.322723511606455,0.304546437226236,-0.663661431521177,-0.82290868088603,1.27267963811755,1.00436994247139
0.32324567809701,0.301386767067015,-0.665353428572416,-0.817654516547918,1.27412064000964,0.990666085854173
0.324376732110977,0.300572566688061,-0.670046247541904,-0.815294153988361,1.27621414512396,0.988141246140003
0.325311467051506,0.3000657139346,-0.673479910939932,-0.811774592846632,1.2783888913691,0.98861969076097
0.326080784201622,0.295833951793611,-0.676196627318859,-0.805400442332029,1.28028807789087,0.969603268429637
0.327373068779707,0.295332438312471,-0.681471761316061,-0.803014416247606,1.28276665136218,0.968980213627219
0.328507285565138,0.292198021896183,-0.684568148106337,-0.797715101391077,1.28647556528449,0.955473029986024
0.329693771898746,0.291693502105772,-0.689361453056335,-0.794759023934603,1.28880117833614,0.955401988700032
0.330472968518734,0.291002184152603,-0.692903727293015,-0.793666452169418,1.28993408381939,0.952346652746201
0.3320147767663,0.28804811835289,-0.6935960277915,-0.789270639419556,1.2984926328063,0.939018070697784
0.332442618906498,0.286953568458557,-0.693581808358431,-0.789626032114029,1.30107390508056,0.932095378637314
0.333125673234463,0.285835325717926,-0.694029714912176,-0.787595063447952,1.3047243244946,0.927416890859604
0.335194878280163,0.283734984695911,-0.702420052140951,-0.779092706739903,1.30874921754003,0.923317201435566
0.338638674467802,0.280448341742158,-0.712733294814825,-0.771278820931912,1.31909875199199,0.911411229521036
0.339118998497725,0.27990991063416,-0.714917026460171,-0.77096550911665,1.31979696452618,0.908493954688311
0.339568790048361,0.279378386214375,-0.716460794210434,-0.767797254025936,1.32095194607973,0.908473063260317
0.34106633067131,0.278392025269568,-0.722610116004944,-0.764034498482943,1.32378786802292,0.906317653134465
0.341793525964022,0.277828221209347,-0.725352168083191,-0.761094745248556,1.32540898770094,0.905874582007527
0.344461340457201,0.272763167507946,-0.727628327906132,-0.757260579615831,1.33913971483707,0.879318425431848
0.345443058758974,0.271639364771545,-0.731742728501558,-0.752766501158476,1.34091562405229,0.877069687470794
0.346951682120562,0.270772956311703,-0.73745084553957,-0.750959664583206,1.3442592471838,0.87367807328701
0.347754545509815,0.270272526890039,-0.740093022584915,-0.74967385828495,1.34643425047398,0.871961303055286
0.348565362393856,0.269726902246475,-0.74128732830286,-0.745323047041893,1.35010484606028,0.873038366436958
0.349345091730356,0.269169305451214,-0.744204588234425,-0.744841057807207,1.35186596214771,0.870174774900079
0.35013373196125,0.268475708551705,-0.746605407446623,-0.740614760667086,1.35419698432088,0.870239490643144
0.350842274725437,0.267945303581655,-0.749009348452091,-0.740104373544455,1.35604429990053,0.867567447945476
0.352359659969807,0.261669530533254,-0.750043787062168,-0.734704133123159,1.36411417275667,0.835313050076366
0.353245608508587,0.260661008767784,-0.753216877579689,-0.731554489582777,1.36625677347183,0.832411563023925
0.353710822761059,0.260126017034054,-0.752972356975079,-0.727901890873909,1.36929257959127,0.832854211330414
0.356236137449741,0.256610600277781,-0.76085826009512,-0.720602601766586,1.37655856460333,0.819060999900103
0.356633625924587,0.256039465777576,-0.762378890067339,-0.720251325517893,1.37742286548018,0.815985469147563
0.357721507549286,0.255202274769545,-0.766418479382992,-0.71791286021471,1.37991056591272,0.813300788402557
0.358466409146786,0.254543337039649,-0.769269339740276,-0.716229427605867,1.38152911514044,0.81103059463203
0.359215598553419,0.254088560119271,-0.76993103697896,-0.712762042880058,1.38536255434155,0.811769317835569
0.359399016946554,0.251097122207284,-0.768369350582361,-0.710342735052109,1.38802475109696,0.796239998191595
0.359690736979246,0.250255594030023,-0.768747996538878,-0.710450112819672,1.3893964253366,0.791083451360464
0.362064853310585,0.248621054925024,-0.777350690215826,-0.70286663249135,1.39503842964768,0.788859697058797
0.362394988536835,0.248205648735166,-0.778433937579393,-0.702092621475458,1.39593599364162,0.787141270935535
0.363392300903797,0.247671704739332,-0.78194472938776,-0.699564330279827,1.39840907603502,0.786465898156166
0.363833330571651,0.24711447628215,-0.784199371933937,-0.698690125718713,1.39880061149597,0.783996731974185
0.364792812615633,0.246322217863053,-0.787281729280949,-0.694824321195483,1.40147514641285,0.783108985982835
0.365433000028133,0.245619721245021,-0.789593629539013,-0.691877072677016,1.40300437062979,0.781841254793108
0.366127721965313,0.245135650038719,-0.791974265128374,-0.689479719847441,1.4047920666635,0.781334180384874
0.368362493813038,0.238911345601082,0.064427435398102,-1.92233781144023,2.27460239827633,-0.488869737833738
-1.32001598924398,-1.84782053530216,2.75249874591827,1.49009828642011,-5.16759718954563,-9.59682492539287
-2.26431050151587,-1.19410715810955,6.52824312448502,-1.12039228156209,-7.05761988461018,-8.28503523021936
-2.26222982257605,-1.19080768339336,5.38324174284935,-2.28772062808275,-8.19013719260693,-9.43256672844291
-2.52216339111328,-0.558630228042603,6.42063629627228,-4.79353213310242,-8.71234405040741,-8.14531350135803
-2.52010679244995,-0.556784331798553,6.40247130393982,-4.79862284660339,-8.71816945075989,-8.13932883739471
-2.49853014945984,-0.497629582881928,6.37016296386719,-4.84685873985291,-8.62101793289185,-7.83263623714447
-2.4887021780014,-0.489119291305542,6.31906616687775,-4.86976623535156,-8.61314690113068,-7.80448198318481
-2.47838564217091,-0.493809640407562,6.27125805616379,-4.82786548137665,-8.59905579686165,-7.79072332382202
-2.46828378736973,-0.494950354099274,6.26208204030991,-4.72078418731689,-8.54762068390846,-7.69048631191254
-2.44420494139194,-0.385922133922577,6.20986473560333,-4.843510389328,-8.45536491274834,-7.15904319286346
-2.42668701708317,-0.361047148704529,6.14723610877991,-4.8259117603302,-8.4128859937191,-6.99219465255737
-2.42794241011143,-0.343250870704651,6.13219517469406,-4.83287060260773,-8.4354592859745,-6.89237582683563
-2.40965296328068,-0.341502666473389,6.04218024015427,-4.82910537719727,-8.4157375395298,-6.8781213760376
-2.40014757215977,-0.341578960418701,5.98696351051331,-4.81806766986847,-8.4139219224453,-6.86754143238068
-2.37336485087872,-0.36882346868515,5.91817629337311,-4.60434782505035,-8.32201281189919,-6.81728863716126
-2.39333169162273,-0.311094582080841,5.92330062389374,-4.64109748601913,-8.43668952584267,-6.50766497850418
-2.36828052997589,-0.3227379322052,5.82782089710236,-4.55493903160095,-8.38186228275299,-6.49136662483215
-2.38330221176147,-0.301735758781433,5.81483465433121,-4.57445931434631,-8.48497861623764,-6.38487386703491
-2.38592234253883,-0.304392158985138,5.81970703601837,-4.49035108089447,-8.49582701921463,-6.3167040348053
-2.35686978697777,-0.311761856079102,5.67519450187683,-4.45869362354279,-8.46602421998978,-6.3292647600174
-2.34222666919231,-0.322793543338776,5.6349088549614,-4.35906255245209,-8.41845116019249,-6.29582381248474
-2.35807977616787,-0.326916038990021,5.64858168363571,-4.30622428655624,-8.49989697337151,-6.26772052049637
-2.33723966777325,-0.337623536586761,5.52662467956543,-4.26843637228012,-8.49681332707405,-6.29417759180069
-2.33307829499245,-0.351698219776154,5.49593675136566,-4.18602377176285,-8.50253301858902,-6.29621309041977
-2.3217681646347,-0.359267711639404,5.43297213315964,-4.14455646276474,-8.49763685464859,-6.30016273260117
-2.31689894199371,-0.372703075408936,5.44676524400711,-4.07903975248337,-8.45462840795517,-6.31525820493698
-2.294756680727,-0.38797128200531,5.36385178565979,-3.9834116101265,-8.40468829870224,-6.31123930215836
-2.28387716412544,-0.395635008811951,5.28287053108215,-3.9552298784256,-8.4203924536705,-6.3290399312973
-2.25667878985405,-0.419138610363007,5.26708084344864,-3.87114685773849,-8.27299189567566,-6.38597851991653
-2.24600395560265,-0.424211919307709,5.22946381568909,-3.861223757267,-8.24655991792679,-6.40649527311325
-2.23184296488762,-0.427889406681061,5.2337429523468,-3.80865389108658,-8.15731483697891,-6.37599033117294
-2.20861573517323,-0.439785957336426,5.1762535572052,-3.74489158391953,-8.07544085383415,-6.38360732793808
-2.16559967398643,-0.463605463504791,4.98768389225006,-3.63843756914139,-8.00591415166855,-6.42007035017014
-2.13046011328697,-0.462358057498932,4.93628364801407,-3.62841367721558,-7.84647703170776,-6.40256202220917
-2.11488643288612,-0.470602691173554,4.90429323911667,-3.53350305557251,-7.78502535820007,-6.35711920261383
-2.10736432671547,-0.474646329879761,4.84901678562164,-3.51160782575607,-7.79516917467117,-6.35948580503464
-2.09128995239735,-0.491371214389801,4.7932333946228,-3.40407168865204,-7.75450631976128,-6.35229897499085
-2.0840221196413,-0.495344758033752,4.7608528137207,-3.362748503685,-7.74327990412712,-6.33481705188751
-1.98865349590778,-0.477573394775391,4.64037084579468,-3.34349715709686,-7.29155012965202,-6.20893752574921
-1.98865349590778,-0.477573394775391,4.62530303001404,-3.33259433507919,-7.30661794543266,-6.19803470373154
-1.94661035388708,-0.474895566701889,4.57450208067894,-3.25511437654495,-7.10516004264355,-6.10448777675629
-1.92565666884184,-0.486467689275742,4.47838947176933,-3.18888735771179,-7.0755505412817,-6.10769349336624
-1.88909603655338,-0.473975002765656,4.4345715045929,-3.15558755397797,-6.9000047147274,-5.9994375705719
-1.87343122065067,-0.484349370002747,4.37705308198929,-3.08583927154541,-6.86353424191475,-5.99193549156189
-1.86479645222425,-0.490787208080292,4.34769102931023,-3.03235179185867,-6.8410876840353,-5.97707504034042
-1.81861334294081,-0.461744487285614,4.2610094845295,-3.06398099660873,-6.65067057311535,-5.83444792032242
-1.80556204169989,-0.469014823436737,4.19448617100716,-3.02469718456268,-6.63888607919216,-5.83878612518311
-1.76383785903454,-0.460446298122406,4.14244312047958,-2.9453561604023,-6.44058403372765,-5.70803394913673
-1.75761412084103,-0.463914632797241,4.09546673297882,-2.92531159520149,-6.45021799206734,-5.70879939198494
-1.75139831006527,-0.46739012002945,4.0777804851532,-2.87603211402893,-6.43060937523842,-5.68037283420563
-1.73948507010937,-0.478523701429367,4.0167670249939,-2.82151800394058,-6.42014339566231,-5.69266021251678
-1.73153807222843,-0.484441339969635,3.99983423948288,-2.75975906848907,-6.38939419388771,-5.66640710830689
-1.66059394925833,-0.435766160488129,3.90220585465431,-2.79501581192017,-6.06135784089565,-5.40961277484894
-1.64708264917135,-0.425270736217499,3.8955297768116,-2.77151399850845,-5.98696611821651,-5.32313841581345
-1.63442345708609,-0.415082156658173,3.87001743912697,-2.77208298444748,-5.93652330338955,-5.26257592439652
-1.62199362367392,-0.404994547367096,3.86402276158333,-2.74932473897934,-5.86793898046017,-5.17929202318192
-1.59249936789274,-0.421491205692291,3.74111452698708,-2.67053160071373,-5.81388168036938,-5.19947883486748
-1.57761453092098,-0.436447441577911,3.66131854057312,-2.60471984744072,-5.80436864495277,-5.22340449690819
-1.57206456363201,-0.439549267292023,3.65474301576614,-2.54899069666862,-5.77764436602593,-5.18628630042076
-1.56300716102123,-0.44719809293747,3.62295752763748,-2.49486336112022,-5.75508543848991,-5.17805191874504
-1.49571803212166,-0.402627736330032,3.53860241174698,-2.50063520669937,-5.43570578098297,-4.91640162467957
-1.48866325616837,-0.407822847366333,3.48398834466934,-2.47709906101227,-5.44799119234085,-4.92403614521027
-1.48165229707956,-0.412905007600784,3.44409081339836,-2.44792503118515,-5.44582296907902,-4.92535507678986
-1.47644985467196,-0.415825992822647,3.41162315011024,-2.42747882008553,-5.44707597792149,-4.92243477702141
-1.43123377114534,-0.377178937196732,3.35503116250038,-2.45747324824333,-5.23237146437168,-4.72054687142372
-1.41606818884611,-0.389190763235092,3.28304436802864,-2.40081298351288,-5.21336476504803,-4.73595756292343
-1.41101732105017,-0.392023235559463,3.25158542394638,-2.38100996613502,-5.21451850235462,-4.73314937949181
-1.3786671385169,-0.363986402750015,3.27550894021988,-2.32360863685608,-4.99649389088154,-4.50752705335617
-1.36801841109991,-0.354733377695084,3.26066133379936,-2.32190787792206,-4.9474491328001,-4.45030814409256
-1.34314235299826,-0.354120492935181,3.18394604325294,-2.27465692162514,-4.8749080747366,-4.39937987923622
-1.33021728694439,-0.366767287254333,3.12934267520905,-2.20628187060356,-4.85196104645729,-4.40688559412956
-1.3255308419466,-0.369429469108582,3.09995594620705,-2.18755236268044,-4.85322910547257,-4.40412917733192
-1.31776038557291,-0.37584400177002,3.0584574341774,-2.15391680598259,-4.84810487926006,-4.40898081660271
-1.27826986461878,-0.341091871261597,3.03185212612152,-2.15251022577286,-4.63776706159115,-4.19906145334244
-1.26614475995302,-0.349957793951035,2.98693141341209,-2.09739318490028,-4.60993714630604,-4.19713994860649
-1.24693311005831,-0.332976669073105,2.95887038111687,-2.10003091394901,-4.52272827923298,-4.09789092838764
-1.23507789522409,-0.341604292392731,2.91486740112305,-2.04663035273552,-4.49559997022152,-4.0962561070919
-1.21224660426378,-0.327732086181641,2.87015968561172,-2.0390390753746,-4.40331993997097,-4.00543159246445
-1.20792383700609,-0.33019694685936,2.85016852617264,-2.01300705969334,-4.39737449586391,-3.99418874084949
-1.19940382242203,-0.337810128927231,2.80648842453957,-1.97518579661846,-4.3899345099926,-4.00204657018185
-1.19519805908203,-0.340204954147339,2.79418155550957,-1.94115160405636,-4.37700679898262,-3.98238132894039
-1.18828757107258,-0.345905900001526,2.76980862021446,-1.90059046447277,-4.35991680622101,-3.97602586448193
-1.18280164152384,-0.349900901317596,2.75102645158768,-1.86704760789871,-4.34578339755535,-3.96645301580429
-1.17873115092516,-0.35222589969635,2.71426713466644,-1.85485070943832,-4.35811977088451,-3.96820610761642
-1.17206434533,-0.357744485139847,2.69745860993862,-1.80725190043449,-4.33492746204138,-3.95371881127357
-1.10111800953746,-0.294469028711319,2.61210812628269,-1.86582259833813,-3.99459993094206,-3.63263677060604
-1.09238032624125,-0.286641627550125,2.61296682059765,-1.84850126504898,-3.94131513684988,-3.56835103034973
-1.07668185606599,-0.298037707805634,2.53618921339512,-1.79812946915627,-3.92390192300081,-3.58635571599007
-1.06069541350007,-0.283688366413116,2.52415038645267,-1.79029247909784,-3.84002209454775,-3.49242267757654
-1.05274206772447,-0.276671707630158,2.5076562911272,-1.79081451147795,-3.80879611521959,-3.45084475725889
-1.04129976406693,-0.283126592636108,2.46572245657444,-1.74320749938488,-3.78207612782717,-3.44196705520153
-1.03255189582706,-0.291181951761246,2.42852152884006,-1.69706141203642,-3.76678984612226,-3.44415312260389
-1.00958533212543,-0.270465284585953,2.4033609777689,-1.70406066998839,-3.65415101498365,-3.32685237750411
-0.999869786202908,-0.277393877506256,2.35643145442009,-1.67004088684917,-3.64278726279736,-3.3344041518867
-0.995086826384068,-0.280814498662949,2.32939478754997,-1.6501687951386,-3.64112617075443,-3.33505578711629
-0.990437746047974,-0.28412589430809,2.32045695185661,-1.60933096334338,-3.62216952443123,-3.31408632919192
-0.985777685418725,-0.287456303834915,2.30462432652712,-1.58108593337238,-3.61004178598523,-3.30582375638187
-0.948938915506005,-0.254154711961746,2.26084146648645,-1.60323079675436,-3.43279202654958,-3.12815906852484
-0.939887907356024,-0.260685801506042,2.22727970778942,-1.56274660490453,-3.41204773634672,-3.12686141394079
-0.935387963429093,-0.263900458812714,2.19712198525667,-1.54578706435859,-3.41520579531789,-3.12918981723487
-0.930991146713495,-0.267078936100006,2.18756513297558,-1.51223732344806,-3.39838174730539,-3.1147109400481
-0.903118584305048,-0.241804301738739,2.15314592421055,-1.52680789399892,-3.26556558161974,-2.97763370443135
-0.889789376407862,-0.239306330680847,2.11308790743351,-1.51263959798962,-3.22564835101366,-2.9484775820747
-0.883385110646486,-0.244898676872253,2.08026312291622,-1.48479612264782,-3.2200475409627,-2.95418818388134
-0.867200169712305,-0.23478838801384,2.06325291097164,-1.46486445143819,-3.13994810730219,-2.87359477952123
-0.861943608149886,-0.239009618759155,2.03521551936865,-1.4425390176475,-3.13644612953067,-2.87659673020244
-0.84915960393846,-0.227430462837219,2.01550110429525,-1.44873877614737,-3.07945651933551,-2.81332155317068
-0.840786445885897,-0.22410461306572,2.01344515383244,-1.41940972022712,-3.03127352148294,-2.76403739862144
-0.830700810998678,-0.230385988950729,1.97559870779514,-1.38138622930273,-3.00860615819693,-2.76370216300711
-0.826714163646102,-0.233264148235321,1.94453402608633,-1.36756796570262,-3.01575095579028,-2.76715285511455
-0.822794506326318,-0.236069798469543,1.93167222291231,-1.33939631283283,-3.0050948150456,-2.75581510365009
-0.818935841321945,-0.238826304674149,1.91450446844101,-1.31744120270014,-2.99911057949066,-2.75039903074503
-0.815162782557309,-0.241534769535065,1.89770909026265,-1.29591278918087,-2.9932676050812,-2.74512140639126
-0.774898489005864,-0.211276590824127,1.83974330499768,-1.31297707930207,-2.8096476290375,-2.58063662424684
-0.771225061267614,-0.213974893093109,1.83181799948215,-1.28461185470223,-2.79553236812353,-2.56846121326089
-0.767521973699331,-0.216615706682205,1.81154948472977,-1.26500773429871,-2.79358235746622,-2.56470197439194
-0.749334409832954,-0.201891213655472,1.78449411690235,-1.27170849218965,-2.71151234209537,-2.48305577412248
-0.743053650483489,-0.205993354320526,1.76592215150595,-1.23851319402456,-2.69239975139499,-2.47447331994772
-0.739482664968818,-0.208532005548477,1.74622285924852,-1.21970624104142,-2.69067313056439,-2.47089827433228
-0.735980822239071,-0.211034506559372,1.73054271377623,-1.19983135163784,-2.6853422196582,-2.46603839099407
-0.711587397847325,-0.192587494850159,1.6968109253794,-1.20412883907557,-2.57271346170455,-2.35965380817652
-0.701896527316421,-0.191119164228439,1.67623915337026,-1.18439719825983,-2.53514001052827,-2.33111218363047
-0.698545773047954,-0.19353923201561,1.65773524530232,-1.1664936542511,-2.5335393929854,-2.32772904634476
-0.688261945266277,-0.184211701154709,1.64173425920308,-1.17133092135191,-2.48783741239458,-2.27660112828016
-0.676537879277021,-0.184287995100021,1.6044986564666,-1.15279967337847,-2.45472861919552,-2.2585276439786
-0.668278064345941,-0.182082414627075,1.59291429724544,-1.12885200232267,-2.4167540888302,-2.22134649008512
-0.665043438842986,-0.184321224689484,1.57459170767106,-1.11575450003147,-2.41566892538685,-2.22168184816837
-0.652029666729504,-0.177764445543289,1.5577507900307,-1.10052266716957,-2.35442721034633,-2.16710934042931
-0.648898485233076,-0.180008828639984,1.54709219606593,-1.08148683607578,-2.34629871533252,-2.16153980791569
-0.638504644506611,-0.172156095504761,1.52626135060564,-1.08026515692472,-2.30476651643403,-2.11320172995329
-0.633158994838595,-0.175642549991608,1.50337745994329,-1.05771755427122,-2.29557650908828,-2.11157285422087
-0.623047820525244,-0.16794365644455,1.49264239985496,-1.05344617366791,-2.24564452329651,-2.0611081123352
-0.613891653018072,-0.166325777769089,1.46160763222724,-1.04440778493881,-2.22174228588119,-2.04236245155334
-0.610146110411733,-0.169337004423141,1.45186232589185,-1.01848247647285,-2.20901433657855,-2.0345045030117
-0.607231524307281,-0.171431481838226,1.43215169198811,-1.0073453783989,-2.21123745385557,-2.03593426942825
-0.593900081235915,-0.159131050109863,1.42102836258709,-1.00717380642891,-2.1423721248284,-1.96196010708809
-0.588230387773365,-0.163247972726822,1.39348421059549,-0.987008690834045,-2.1358981160447,-1.96649652719498
-0.585404215380549,-0.165269374847412,1.38449872285128,-0.966828942298889,-2.12792656943202,-1.95844519138336
-0.582674123346806,-0.167267262935638,1.37229010462761,-0.95100311934948,-2.12375463545322,-1.95460669696331
-0.57993293274194,-0.169249475002289,1.36003889515996,-0.935352012515068,-2.11955870129168,-1.9508488625288
-0.577242081984878,-0.17115193605423,1.35085252672434,-0.919147327542305,-2.11259996518493,-1.94605894386768
-0.575244491919875,-0.172309875488281,1.33886761218309,-0.907919734716415,-2.11259933933616,-1.9417789876461
-0.571930406615138,-0.174983441829681,1.32123035937548,-0.893662199378014,-2.11035208031535,-1.9435628503561
-0.569330805912614,-0.176864594221115,1.3155836686492,-0.873779311776161,-2.10040116682649,-1.93496687710285
-0.566766497679055,-0.178734660148621,1.30155086889863,-0.859827384352684,-2.0990481171757,-1.93223534524441
-0.564239445142448,-0.180562019348145,1.28715124353766,-0.849116444587708,-2.09828542731702,-1.93248856067657
-0.561712017282844,-0.182389318943024,1.28164082765579,-0.829870402812958,-2.08863127604127,-1.9242063164711
-0.510446866974235,-0.13570249080658,1.22366169095039,-0.874159783124924,-1.83901951089501,-1.6883747279644
-0.505876747891307,-0.139311611652374,1.20131605863571,-0.856488853693008,-1.83394442871213,-1.69235852360725
-0.50440527126193,-0.141085922718048,1.20050327479839,-0.835106387734413,-1.82592835277319,-1.6816219240427
-0.503771621733904,-0.142186164855957,1.1938957720995,-0.82754822075367,-1.82873395830393,-1.68066520988941
-0.501526171341538,-0.144465357065201,1.18090579658747,-0.81528790295124,-1.82825123146176,-1.68208004534245
-0.481842281296849,-0.12810093164444,1.16389919817448,-0.815163254737854,-1.72715448960662,-1.58376884460449
-0.479620095342398,-0.130346238613129,1.15389668941498,-0.799609407782555,-1.72382388263941,-1.58168683946133
-0.471810791641474,-0.124704539775848,1.14313166588545,-0.796117007732391,-1.68773308396339,-1.54434424638748
-0.466825406998396,-0.122693240642548,1.12966030091047,-0.791705071926117,-1.6712921410799,-1.5278645157814
-0.46466844342649,-0.124924123287201,1.12268327921629,-0.773215562105179,-1.66532738134265,-1.52276030182838
-0.462942752987146,-0.126232475042343,1.11461839079857,-0.761908188462257,-1.66303812712431,-1.51930303871632
-0.462124850600958,-0.126925259828568,1.10763701796532,-0.7562385648489,-1.66511208564043,-1.51779012382031
-0.459597665816546,-0.128708153963089,1.09912960976362,-0.740030854940414,-1.65845638513565,-1.51227977871895
-0.457746908068657,-0.129892706871033,1.09297210723162,-0.728539526462555,-1.65350934118032,-1.50789576768875
-0.455898020416498,-0.131118506193161,1.08676593005657,-0.717073947191238,-1.64862219244242,-1.5037849843502
-0.432465896010399,-0.116719990968704,1.05213838815689,-0.72584256529808,-1.5426569879055,-1.42616251111031
-0.431052969768643,-0.117860168218613,1.04572287201881,-0.716306209564209,-1.54059494659305,-1.42346721887589
-0.429694952443242,-0.118937909603119,1.0368138551712,-0.710089802742004,-1.54135585948825,-1.42371726036072
-0.420587182044983,-0.116087585687637,1.02433744445443,-0.701574146747589,-1.49918564781547,-1.39809966087341
-0.417288770899177,-0.115427821874619,1.01979515329003,-0.694342702627182,-1.48393747210503,-1.38690963387489
-0.415089139714837,-0.116700798273087,1.00805762410164,-0.685623705387116,-1.48247721418738,-1.38582849502563
-0.409640040248632,-0.114565163850784,0.999135043472052,-0.681895762681961,-1.45870519801974,-1.36928674578667
-0.406304873526096,-0.115200579166412,0.988779228180647,-0.674268573522568,-1.44905001297593,-1.36547204852104
-0.405410587787628,-0.116398930549622,0.988565988838672,-0.660718351602554,-1.4438975378871,-1.35911193490028
-0.402319073677063,-0.114010632038116,0.984969805926084,-0.660290151834488,-1.42894463613629,-1.34435394406319
-0.401458770036697,-0.112724184989929,0.984483499079943,-0.657027393579483,-1.42426912114024,-1.33337250351906
-0.397761322557926,-0.114259511232376,0.972599823027849,-0.642364650964737,-1.41396811231971,-1.32792171835899
-0.397263392806053,-0.114791840314865,0.971082232892513,-0.636077255010605,-1.41249812394381,-1.3248282968998
-0.394068665802479,-0.11327937245369,0.963130943477154,-0.633277356624603,-1.40128105133772,-1.31295359134674
-0.393173933029175,-0.114368051290512,0.958591513335705,-0.627432584762573,-1.40045208483934,-1.31364089250565
-0.389339819550514,-0.113221287727356,0.953497294336557,-0.615288227796555,-1.38254162296653,-1.29461595416069
-0.387463439255953,-0.112675458192825,0.948209635913372,-0.612158924341202,-1.37657099962235,-1.28821167349815
-0.385813478380442,-0.114538341760635,0.940718688070774,-0.599703222513199,-1.37416218221188,-1.28693327307701
-0.384745258837938,-0.115327477455139,0.935843233019114,-0.591478705406189,-1.37262832000852,-1.28344357013702
-0.383750881999731,-0.115817785263062,0.929235059767962,-0.590524643659592,-1.37327023223042,-1.28543135523796
-0.377269446849823,-0.111972808837891,0.919885486364365,-0.588579922914505,-1.34373119473457,-1.26041677594185
-0.375875264406204,-0.111044883728027,0.917495738714933,-0.585761874914169,-1.33775584772229,-1.25203117728233
-0.372677180916071,-0.111800312995911,0.903641141951084,-0.579513430595398,-1.33242194354534,-1.25031530857086
-0.371836546808481,-0.111551940441132,0.898924134671688,-0.579137653112412,-1.3320951461792,-1.2484492957592
-0.367477733641863,-0.1082643866539,0.89104413241148,-0.582713276147842,-1.3138222694397,-1.23229959607124
-0.365284632891417,-0.107064098119736,0.886388119310141,-0.5787253677845,-1.30531967803836,-1.22110995650291
-0.362454794347286,-0.108492702245712,0.874765310436487,-0.570125281810761,-1.29996345564723,-1.22108149528503
-0.361735943704843,-0.108118444681168,0.869405720382929,-0.572497725486755,-1.30100994184613,-1.22120839357376
-0.358184281736612,-0.105884581804276,0.864243570715189,-0.574356406927109,-1.28486211970449,-1.20966389775276
-0.354333084076643,-0.106111347675323,0.850497860461473,-0.570128113031387,-1.27550064399838,-1.20679619908333
-0.353906761854887,-0.104350447654724,0.848942372947931,-0.571201652288437,-1.27449819818139,-1.19730433821678
-0.352168802171946,-0.103210300207138,0.845212496817112,-0.560022562742233,-1.26780031621456,-1.17928436398506
-0.351471841335297,-0.10409289598465,0.841630332171917,-0.555953055620194,-1.26720071583986,-1.18051043152809
-0.351032890379429,-0.104947507381439,0.839175201952457,-0.551627606153488,-1.26702214032412,-1.18131265044212
-0.352247603237629,-0.099549293518066,0.841002494096756,-0.550104171037674,-1.27248312532902,-1.14739993214607
-0.352064102888107,-0.100785851478577,0.840237017720938,-0.542400807142258,-1.27214759960771,-1.14711591601372
-0.351956512778997,-0.101388692855835,0.838858103379607,-0.538884043693543,-1.27288097329438,-1.14721620082855
-0.355991866439581,-0.096830785274506,0.841263061389327,-0.543666034936905,-1.29468813724816,-1.12465074658394
-0.35563825070858,-0.097922950983048,0.838010836392641,-0.538027405738831,-1.29581866785884,-1.12556511163712
-0.358688995242119,-0.09569576382637,0.83970632776618,-0.539098083972931,-1.31242764368653,-1.11327266693115
-0.357979655265808,-0.095617562532425,0.832056993618608,-0.535234481096268,-1.31582093797624,-1.10893985629082
-0.357015866786242,-0.097268998622894,0.828061172738671,-0.531021505594254,-1.31403402797878,-1.11463549733162
-0.35672427713871,-0.097511976957321,0.826053569093347,-0.5307597219944,-1.31429209373891,-1.11583158373833
-0.355789806693792,-0.098198592662811,0.821594515815377,-0.528853625059128,-1.31314432434738,-1.118045181036
-0.354979384690523,-0.098477303981781,0.818858843296766,-0.523886770009995,-1.31101746484637,-1.11475059390068
-0.354439832270145,-0.098070919513702,0.815652381628752,-0.52658599615097,-1.31098661199212,-1.11501151323318
-0.35330605879426,-0.098160773515701,0.81079612672329,-0.524926602840424,-1.30904022604227,-1.11389124393463
-0.352745890617371,-0.097601890563965,0.807424917817116,-0.528059393167496,-1.30905042588711,-1.11367073655128
-0.355250455439091,-0.091845601797104,0.808241125196219,-0.531523823738098,-1.32326160743833,-1.08259743452072
-0.354394987225533,-0.091772079467774,0.805749531835318,-0.533198148012161,-1.32062039151788,-1.0838306248188
-0.352336194366217,-0.090386062860489,0.801992516964674,-0.534822016954422,-1.31202464923263,-1.07713839411736
-0.351580616086721,-0.090348720550537,0.799358801916242,-0.535303384065628,-1.31012489460409,-1.07739570736885
-0.350709047168493,-0.090364634990692,0.794644432142377,-0.535834789276123,-1.30960985086858,-1.07802259922028
-0.349189810454845,-0.089504480361939,0.795089153572917,-0.536081552505493,-1.30004970915616,-1.07310843467712
-0.347707264125347,-0.088948249816895,0.788283077999949,-0.539153605699539,-1.29796050675213,-1.07284310460091
-0.345744036138058,-0.087586015462875,0.785085087642074,-0.541550815105438,-1.28937912918627,-1.06706690788269
-0.344617608934641,-0.087918639183045,0.779951471835375,-0.539704620838165,-1.28775418177247,-1.06721645593643
-0.343431804329157,-0.086649477481842,0.778488148003817,-0.54226416349411,-1.28210267797112,-1.06216102838516
-0.342120420187712,-0.086892753839493,1.48326241225004,-2.34614878892899,-0.569460108876228,-2.86750531196594
-0.474094837903976,-1.27283927798271,1.75361913442612,1.37925887107849,-1.09094989299774,-6.25777679681778
-0.72994039952755,-0.946154415607452,2.77620035409927,0.078450202941895,-1.60344204306602,-5.59847629070282
-0.730899930000305,-0.948963582515717,2.78055840730667,0.108184695243835,-1.60484117269516,-5.58559679985046
-0.731045603752136,-0.954064071178436,2.77714270353317,0.144684672355652,-1.60913091897964,-5.57969975471497
-0.731152400374413,-0.960636079311371,2.76624411344528,0.169221520423889,-1.62067028880119,-5.59459495544434
-0.731548056006432,-0.96639084815979,2.78512597084045,0.240246415138245,-1.60416236519814,-5.5580986738205
-0.732158169150353,-0.971214950084686,2.79446798563004,0.291002750396729,-1.59848102927208,-5.53628695011139
-0.732824549078941,-0.975134015083313,2.80403620004654,0.337405562400818,-1.59291109442711,-5.51339852809906
-0.515350237488747,0.589638471603394,2.59331890940666,-1.19720995426178,-0.498782515525818,2.34062087535858
-0.523239716887474,0.600342273712158,2.63158264756203,-1.21063303947449,-0.507855653762817,2.39142060279846
-0.515510648488998,0.580550789833069,2.55088505148888,-1.21712267398834,-0.542178839445114,2.26618206501007
-0.518082961440086,0.586077511310577,2.54379990696907,-1.24573814868927,-0.564697861671448,2.27072691917419
-0.520941361784935,0.561518490314484,2.52858427166939,-1.22668468952179,-0.597063899040222,2.14242625236511
-0.514213740825653,0.546241283416748,2.48311856389046,-1.17108583450317,-0.602163881063461,2.10636186599731
-0.512499779462814,0.543363153934479,2.50150176882744,-1.12024658918381,-0.573496907949448,2.13993233442307
-0.510706454515457,0.540900349617004,2.48691764473915,-1.10529917478561,-0.577321082353592,2.14010292291641
-0.508773013949394,0.538659572601318,2.4718767106533,-1.091796875,-0.58076137304306,2.14016056060791
-0.506682381033897,0.536547034978867,2.4445746243,-1.08873355388641,-0.595519661903381,2.13054865598679
-0.509051963686943,0.510925978422165,2.4278093278408,-1.06823742389679,-0.626502454280853,1.9973184466362
-0.50445069372654,0.506950557231903,2.42557379603386,-1.02988433837891,-0.601130366325378,2.01181900501251
-0.502493396401405,0.496839910745621,2.40886479616165,-1.01041126251221,-0.60609558224678,1.97062820196152
-0.502512037754059,0.499427229166031,2.38931900262833,-1.03816092014313,-0.625753223896027,1.95840245485306
-0.502121061086655,0.506009966135025,2.36874443292618,-1.06964302062988,-0.64398193359375,1.96641677618027
-0.50190657377243,0.504626959562302,2.38318203389645,-1.06832414865494,-0.628257408738136,1.95943760871887
-0.501276403665543,0.507148951292038,2.37333069741726,-1.08739143610001,-0.634327724575996,1.95550227165222
-0.488718375563621,0.472413212060928,2.31600873172283,-0.945925533771515,-0.616301521658897,1.88855373859406
-0.485537335276604,0.470564842224121,2.30751125514507,-0.921317219734192,-0.605712756514549,1.90207183361053
-0.48580513894558,0.458818256855011,2.31196658313274,-0.892817199230194,-0.602864250540733,1.86009234189987
-0.479455076158047,0.455857813358307,2.25660230219364,-0.908498346805572,-0.620128154754639,1.82664853334427
-0.477460242807865,0.440532386302948,2.25286492705345,-0.853979706764221,-0.611896529793739,1.78921461105347
-0.474709533154964,0.452835917472839,2.22353813052177,-0.915966629981995,-0.624719068408012,1.80104887485504
-0.469467170536518,0.444043129682541,2.20637586712837,-0.865215182304382,-0.610427156090736,1.79904359579086
-0.467900343239307,0.449990302324295,2.18208435177803,-0.901406109333038,-0.625317707657814,1.79853570461273
-0.462644301354885,0.44116622209549,2.1647724211216,-0.851087033748627,-0.611093387007713,1.79591029882431
-0.459182366728783,0.439664006233215,2.15448516607285,-0.830340802669525,-0.60060903429985,1.80764323472977
-0.457451239228249,0.445377230644226,2.1089061498642,-0.885180950164795,-0.635801285505295,1.78708243370056
-0.456951022148132,0.419532954692841,2.12241964042187,-0.838800489902496,-0.619286492466927,1.67839723825455
-0.456820636987686,0.415870785713196,2.10528881847858,-0.847260296344757,-0.635635003447533,1.64796441793442
-0.444630451500416,0.404634654521942,2.0598388761282,-0.788534998893738,-0.607943832874298,1.63927292823792
-0.441052883863449,0.403218775987625,2.04878796637058,-0.769405126571655,-0.597529336810112,1.6499075293541
-0.439009584486484,0.386340588331223,2.04511475563049,-0.719269812107086,-0.588942751288414,1.59877371788025
-0.433627665042877,0.390409797430038,2.02674093842506,-0.722427368164063,-0.575025051832199,1.62003141641617
-0.431686475872994,0.395648270845413,1.97277507185936,-0.793068051338196,-0.617343783378601,1.58082157373428
-0.426728330552578,0.387925386428833,1.9559720158577,-0.749499261379242,-0.604397967457771,1.57805305719376
-0.423261575400829,0.386571496725082,1.94520348310471,-0.731580078601837,-0.59436596930027,1.58784890174866
-0.422088123857975,0.369825690984726,1.91874901950359,-0.738387256860733,-0.613779723644257,1.48056688904762
-0.421811036765575,0.366515249013901,1.91225636005402,-0.734604060649872,-0.618609860539436,1.46448743343353
-0.4115149974823,0.362702906131744,1.87384268641472,-0.707445323467255,-0.59524729847908,1.46877211332321
-0.409479930996895,0.367582499980927,1.84142443537712,-0.742650210857391,-0.615455150604248,1.46284478902817
-0.40468505769968,0.360117793083191,1.83423912525177,-0.696131825447083,-0.593871220946312,1.46457493305206
-0.402671836316586,0.364780128002167,1.80237579345703,-0.730181038379669,-0.613655224442482,1.45849972963333
-0.397979587316513,0.357626169919968,1.78681263327599,-0.696225464344025,-0.601064890623093,1.44953155517578
-0.394721850752831,0.356313198804855,1.77647444605827,-0.679790079593658,-0.59185665845871,1.45808911323547
-0.392618641257286,0.334738940000534,1.75150683522224,-0.67307186126709,-0.604205012321472,1.33536177873611
-0.392283752560616,0.331698685884476,1.76251757144928,-0.654514610767365,-0.591184943914413,1.33567750453949
-0.386377617716789,0.344880253076553,1.7164112329483,-0.721769481897354,-0.601854473352432,1.34751203656197
-0.381250455975533,0.322419360280037,1.70694363117218,-0.616871923208237,-0.580559104681015,1.31764423847198
-0.3772873878479,0.331067934632301,1.66920673847199,-0.665667742490768,-0.594517588615418,1.32073986530304
-0.375329747796059,0.335293546319008,1.64753222465515,-0.686605006456375,-0.604446262121201,1.32515627145767
-0.373570173978806,0.321311071515083,1.65726639330387,-0.66351455450058,-0.584154650568962,1.26435187458992
-0.373150303959846,0.318478956818581,1.65931296348572,-0.65065062046051,-0.579588860273361,1.26022312045097
-0.361307799816132,0.303898438811302,1.59923851490021,-0.601665616035461,-0.568608283996582,1.22172501683235
-0.360548287630081,0.298529371619225,1.59316292405128,-0.596017271280289,-0.570126801729202,1.19515895843506
-0.360170051455498,0.295930787920952,1.57981388270855,-0.59717458486557,-0.581206426024437,1.17841014266014
-0.359812274575233,0.293460056185722,1.58951629698277,-0.581234157085419,-0.569357350468636,1.17952618002892
-0.347697772085667,0.288878858089447,1.52115742862225,-0.575740396976471,-0.565029203891754,1.15753275156021
-0.345795698463917,0.292785286903381,1.52333281934261,-0.578209459781647,-0.551441371440887,1.17850226163864
-0.344646669924259,0.285263299942017,1.50271673500538,-0.583315998315811,-0.565163284540176,1.12826380133629
-0.341042093932629,0.292583465576172,1.49781958758831,-0.599793165922165,-0.548432976007461,1.15570762753487
-0.340239025652409,0.2877277135849,1.48529398441315,-0.60342101752758,-0.556140169501305,1.12294526398182
-0.339797846972942,0.285246610641479,1.48022772371769,-0.600647151470184,-0.558559358119965,1.11083251237869
-0.328024886548519,0.267438322305679,1.42829219996929,-0.529168039560318,-0.539857119321823,1.07546189427376
-0.326247029006481,0.270985513925552,1.41655145585537,-0.543086022138596,-0.540930718183517,1.08282706141472
-0.324995897710323,0.263914912939072,1.40376751124859,-0.539372056722641,-0.546207875013351,1.04411742091179
-0.324583105742931,0.261592298746109,1.40581907331944,-0.53336475789547,-0.541679561138153,1.03618903458118
-0.319443888962269,0.271810203790665,1.38074527680874,-0.574002638459206,-0.535918056964874,1.05685858428478
-0.318606309592724,0.267374664545059,1.37551531195641,-0.569356098771095,-0.536122545599937,1.03489188849926
-0.309204086661339,0.247369110584259,1.3397096991539,-0.481399431824684,-0.515514820814133,1.00281523168087
-0.307527415454388,0.250645160675049,1.32255685329437,-0.502009049057961,-0.522607639431953,1.00186191499233
-0.304027363657951,0.245370551943779,1.31037458777428,-0.473411753773689,-0.513789594173431,0.998811557888985
-0.3015430085361,0.24438188970089,1.29013161361218,-0.476870194077492,-0.519126437604427,0.989421144127846
-0.299943719059229,0.247505322098732,1.27323167026043,-0.492474764585495,-0.526430644094944,0.992557168006897
-0.297339681535959,0.234534338116646,1.26026006042957,-0.482567831873894,-0.523778028786182,0.924638196825981
-0.29154546558857,0.228779062628746,1.24557673931122,-0.452968612313271,-0.5036960542202,0.919705763459206
-0.28998376429081,0.231790170073509,1.23550343513489,-0.464890286326408,-0.50439915060997,0.925850734114647
-0.288464650511742,0.234741553664207,1.21942335367203,-0.479600071907043,-0.511364549398422,0.928849250078201
-0.284367598593235,0.226134963333607,1.20518007874489,-0.441985175013542,-0.501025512814522,0.914824604988098
-0.282863058149815,0.229004301130772,1.18942308425903,-0.456298738718033,-0.507755264639854,0.917727068066597
-0.27972836047411,0.224433191120625,1.18444758653641,-0.428199380636215,-0.49392257630825,0.918399766087532
-0.276793107390404,0.210242696106434,1.16654513031244,-0.42360945045948,-0.49421351402998,0.837846726179123
-0.273831889033318,0.215764172375202,1.15673426538706,-0.442715361714363,-0.486257068812847,0.85186967253685
-0.269958849996328,0.207692168653011,1.13759671896696,-0.410289712250233,-0.482156381011009,0.835863299667835
-0.268686514347792,0.202037237584591,1.1271573677659,-0.407309010624886,-0.484961718320847,0.80491441488266
-0.265423234552145,0.205502949655056,1.11750739812851,-0.423830598592758,-0.475032009184361,0.809187099337578
-0.261689268052578,0.197731595486402,1.10405583679676,-0.386308118700981,-0.466079771518707,0.800081454217434
-0.259519480168819,0.196884669363499,1.09681744873524,-0.37661424279213,-0.460299432277679,0.804693773388863
-0.258149579167366,0.199454493820667,1.07262675464153,-0.401969242841005,-0.476270720362663,0.794757720082998
-0.25647672265768,0.192399211227894,1.07767807692289,-0.386100042611361,-0.46118225902319,0.768295224756002
-0.251585520803928,0.187619544565678,1.05958157032728,-0.360899556428194,-0.449931554496288,0.764817710965872
-0.250747971236706,0.184176839888096,1.04070604592562,-0.372284408658743,-0.463781781494618,0.732776630669832
-0.250330902636051,0.182507015764713,1.03184547275305,-0.373146627098322,-0.470139943063259,0.721895467489958
-0.249934829771519,0.180880226194859,1.02323704212904,-0.373930534347892,-0.476371936500073,0.71135082282126
-0.241070091724396,0.177197640761733,0.984192453324795,-0.355876935645938,-0.46222809702158,0.70730890892446
-0.240282312035561,0.174028402194381,0.970823861658573,-0.360754800029099,-0.470870010554791,0.683415613137186
-0.235097706317902,0.17179000005126,0.973337419331074,-0.33091685641557,-0.437248818576336,0.69982314389199
-0.233529008924961,0.173732366412878,0.957758344709873,-0.342809889698401,-0.443415708839893,0.699584308778867
-0.231026541441679,0.163147442042828,0.947859272360802,-0.311333317542449,-0.438299976289272,0.667551334714517
-0.227817829698324,0.166738532483578,0.92303977906704,-0.333399529568851,-0.443867199122906,0.667031665332615
-0.22702182456851,0.163731001317501,0.91474124789238,-0.332708731293678,-0.447389699518681,0.649677276611328
-0.224688563495874,0.153652404434979,0.915075346827507,-0.2794467844069,-0.433056034147739,0.642467642202973
-0.219667280092835,0.156160105019808,0.886375524103642,-0.293006367981434,-0.431628156453371,0.643954262137413
-0.21762528643012,0.155162791430485,0.877628341317177,-0.282292219577357,-0.428123377263546,0.64868452900555
-0.216364588588476,0.157009820162784,0.863825395703316,-0.292982506332919,-0.434362135827541,0.649076414643787
-0.214952144771814,0.158770660578739,0.851021602749825,-0.302266138372943,-0.438691265881062,0.650357825099491
-0.21299808844924,0.151550690352451,0.847098387777805,-0.289583715377375,-0.430890142917633,0.619720426737331
-0.207935051992536,0.144181856885552,0.826423734426498,-0.253907233476639,-0.421186577528715,0.611183907836675
-0.206084385514259,0.143273857422173,0.808380864560604,-0.257164973765612,-0.428125448524952,0.602478170767427
-0.204296419396996,0.142373248934746,0.794435292482376,-0.255589447915554,-0.431343223899603,0.598650045692921
-0.202749142423272,0.136768326163292,0.793657332658768,-0.240982085466385,-0.422837521880865,0.579627871513367
-0.199327854439616,0.135053690522909,0.77939672768116,-0.227890804409981,-0.416570398956537,0.582431338727474
-0.196696043014526,0.131591631099582,0.763392463326454,-0.225553005933762,-0.416783794760704,0.563996780663729
-0.194538006559014,0.129438236355782,0.74937666207552,-0.222896657884121,-0.417851377278566,0.553732760250568
-0.192808788269758,0.128663564100862,0.744056388735771,-0.211138427257538,-0.412796340882778,0.560842957347631
-0.19104290381074,0.12780399248004,0.730008974671364,-0.211292713880539,-0.416248448193073,0.555531240999699
-0.189372029155493,0.127033583819866,0.721363112330437,-0.208345584571362,-0.41486906260252,0.553855918347836
-0.187668278813362,0.12627325206995,0.715946048498154,-0.200327269732952,-0.410063624382019,0.557312242686749
-0.184199720621109,0.119300462305546,0.706917777657509,-0.196614280343056,-0.398280546069145,0.519188493490219
-0.182057160884142,0.122305728495121,0.694065868854523,-0.211057476699352,-0.398277096450329,0.522776894271374
-0.179464563727379,0.117155645042658,0.6795304864645,-0.192836873233318,-0.397256895899773,0.510096997022629
-0.177961517125368,0.116504803299904,0.675250351428986,-0.183672711253166,-0.392518751323223,0.515356108546257
-0.176530495285988,0.115943409502506,0.667162880301476,-0.18110628426075,-0.392020091414452,0.514554172754288
-0.175027802586555,0.115192297846079,0.661904528737068,-0.173867702484131,-0.388262286782265,0.517286084592342
-0.173611519858241,0.114617064595222,0.656583316624165,-0.167348429560661,-0.385085802525282,0.520353958010674
-0.164698883891106,0.10353584215045,0.634946711361408,-0.162537708878517,-0.353246591985226,0.458677344024181
-0.163358448073268,0.1029297336936,0.62718066573143,-0.15992833673954,-0.352970022708178,0.457650065422058
-0.161087727174163,0.10024669021368,0.620939590036869,-0.159493803977966,-0.345586773008108,0.441986337304115
-0.158444624394178,0.099226534366608,0.612849652767181,-0.149456053972244,-0.337818093597889,0.445903152227402
-0.157017624005675,0.098681323230267,0.606243319809437,-0.146222472190857,-0.335862424224615,0.445865467190743
-0.15379286184907,0.093056190758944,0.604428127408028,-0.129591211676598,-0.31832904368639,0.428745932877064
-0.152824316173792,0.091860819607973,0.592275395989418,-0.140047162771225,-0.324670501053333,0.411117754876614
-0.149277932941914,0.0922811627388,0.578479558229446,-0.139352813363075,-0.317188039422035,0.414334163069725
-0.146162769757211,0.089319124817848,0.566204514354467,-0.139329299330711,-0.3107721041888,0.396585449576378
-0.144864880479872,0.088862873613834,0.558653000742197,-0.139172255992889,-0.310536282137036,0.394004985690117
-0.144071568734944,0.090255506336689,0.552995223551989,-0.146585941314697,-0.311434188857675,0.394947096705437
-0.142055471427739,0.086956568062306,0.548350561410189,-0.145304977893829,-0.303982267156243,0.376434430480003
-0.13925607688725,0.084525011479855,0.537375591695309,-0.134305477142334,-0.298160869628191,0.372844591736794
-0.138039292767644,0.084191530942917,0.532834477722645,-0.131618231534958,-0.295401278883219,0.373530954122543
-0.136889661662281,0.0838952511549,0.520413111895323,-0.139331638813019,-0.300924858078361,0.364039868116379
-0.134097429923713,0.08091177046299,0.513001020997763,-0.142765402793884,-0.291583558544517,0.342705219984055
-0.131877754814923,0.077506884932518,0.506439682096243,-0.131553441286087,-0.284826846793294,0.333487868309021
-0.129988104104996,0.075850531458855,0.496708869934082,-0.133139669895172,-0.283219754695892,0.321963518857956
-0.128331214189529,0.076029077172279,0.491159588098526,-0.138077050447464,-0.278827697038651,0.318097412586212
-0.126606675796211,0.071833722293377,0.48627782985568,-0.124401032924652,-0.273362224921584,0.306601300835609
-0.12481496296823,0.072727873921394,0.481117494404316,-0.125829964876175,-0.267772283405066,0.310537278652191
-0.122299834154546,0.070548936724663,0.475246641784906,-0.126229494810104,-0.258552363142371,0.297064125537872
-0.12078991252929,0.070807233452797,0.472807552665472,-0.130639493465424,-0.251931922510266,0.294203907251358
-0.119862890802324,0.06890444457531,0.470396343618631,-0.123498514294624,-0.248781001195312,0.289928153157234
-0.118070255033672,0.065593592822552,0.469636138528585,-0.116645187139511,-0.238785391673446,0.276916369795799
-0.116429129615426,0.066471785306931,0.464615054428577,-0.1206896007061,-0.233959723263979,0.278141111135483
-0.114304145798087,0.063281498849392,1.12675786018372,-0.966285765171051,0.440932985395193,-0.586596772074699
0.488107793033123,1.65774831175804,-2.28389582782984,-8.07872250676155,0.6447509303689,1.8677673637867
0.492385812103748,-0.000774025917053,-1.27329503744841,-5.05788040161133,1.68101983517408,-5.06252455711365
0.487748593091965,-0.00177127122879,-1.26289273798466,-5.04442775249481,1.66359882056713,-5.05505537986755
0.488032951951027,-0.012904345989227,-1.25314648449421,-4.95592153072357,1.67505122721195,-5.03334760665894
0.48454324901104,-0.01777184009552,-1.2384457141161,-4.90883708000183,1.66881377995014,-5.01546812057495
0.480919793248177,-0.02286970615387,-1.22120548784733,-4.85786306858063,1.66431327164173,-4.99508130550385
0.477130115032196,-0.028258144855499,-1.20310379564762,-4.8060427904129,1.65967689454556,-4.9755916595459
0.473272770643234,-0.033914208412171,-1.18440391123295,-4.7538412809372,1.65523271262646,-4.95732653141022
0.469358012080193,-0.039861261844635,-1.16551484167576,-4.70114171504974,1.6506332308054,-4.94030928611755
0.485728062689304,-0.059934079647064,-1.20443440228701,-4.65533077716827,1.70993397384882,-5.01493525505066
0.472478866577148,-0.063871085643768,-1.12812122702599,-4.59919822216034,1.70675197243691,-4.98242473602295
0.471957311034203,-0.075830399990082,-1.12269273400307,-4.52339518070221,1.70905113220215,-4.9783775806427
0.468213886022568,-0.082618236541748,-1.10453274846077,-4.46896040439606,1.70475056767464,-4.96466982364655
0.461065083742142,-0.084387004375458,-1.07265409827232,-4.43498063087463,1.69373640418053,-4.94130265712738
0.454000979661942,-0.086345732212067,-1.04124769568443,-4.40059274435043,1.68275818228722,-4.91866713762283
0.443074442446232,-0.115063071250916,-1.02972536534071,-4.28349876403809,1.62872128933668,-4.97387719154358
0.441388852894306,-0.122651815414429,-1.02900003641844,-4.23650574684143,1.6193330809474,-4.972416639328
0.439687795937061,-0.130229949951172,-1.0364581272006,-4.19639098644257,1.60166864842176,-4.9777706861496
0.425554096698761,-0.133467674255371,-1.0047372430563,-4.1506530046463,1.54858733713627,-4.95145905017853
0.422140866518021,-0.148420095443726,-0.989174589514732,-4.06486338376999,1.54367060959339,-4.95538395643234
0.420584216713905,-0.155637502670288,-0.980973586440086,-4.01050353050232,1.54253171384335,-4.94432854652405
0.397546477615833,-0.15753960609436,-0.941338159143925,-3.97559040784836,1.44394070655108,-4.92082804441452
0.386450737714767,-0.159169375896454,-0.913726687431335,-3.94117456674576,1.40497773885727,-4.89619082212448
0.379542484879494,-0.157360970973969,-0.904971227049828,-3.91835427284241,1.37228368222713,-4.86252009868622
0.372551009058952,-0.155143082141876,-0.91151912510395,-3.91093343496323,1.32378692924976,-4.84179192781448
0.374068334698677,-0.184055745601654,-0.892791524529457,-3.74826091527939,1.35161848366261,-4.85259538888931
0.368963733315468,-0.186271190643311,-0.878800228238106,-3.72330141067505,1.3349821716547,-4.84092855453491
0.370418444275856,-0.196837276220322,-0.883136764168739,-3.65753316879272,1.3393739014864,-4.83855682611465
0.365358904004097,-0.199190348386765,-0.853492096066475,-3.61723291873932,1.33866132795811,-4.81237500905991
0.337280660867691,-0.190662235021591,-0.835262164473534,-3.57185238599777,1.18842180073261,-4.71582579612732
0.324466049671173,-0.195329785346985,-0.817907199263573,-3.53281164169312,1.12888909876347,-4.70479035377502
0.322816044092178,-0.201457053422928,-0.81005297601223,-3.48524397611618,1.12684328854084,-4.69398629665375
0.321191258728504,-0.207422435283661,-0.802303090691567,-3.43864554166794,1.12484446167946,-4.6831801533699
0.304801173508167,-0.196067482233048,-0.80771479010582,-3.4303520321846,1.02109225094318,-4.60675692558289
0.298521496355534,-0.204344004392624,-0.794886440038681,-3.38851231336594,0.996242538094521,-4.61457633972168
0.284840114414692,-0.199129372835159,-0.788658797740936,-3.36763125658035,0.920381888747215,-4.56240749359131
0.283386208117008,-0.204949975013733,-0.733113467693329,-3.27571219205856,0.96720378100872,-4.50541204214096
0.274769559502602,-0.196520209312439,-0.752687603235245,-3.27214676141739,0.895929753780365,-4.45126801729202
0.268792502582073,-0.2046959400177,-0.706713676452637,-3.19850540161133,0.906041339039803,-4.42668104171753
0.26734621077776,-0.210401386022568,-0.692469000816345,-3.14845544099808,0.911608263850212,-4.41086375713348
0.251161225140095,-0.191562622785568,-0.667873561382294,-3.14031809568405,0.839093789458275,-4.28969383239746
0.248471654951572,-0.202727824449539,-0.689762890338898,-3.10704672336578,0.801067039370537,-4.32341367006302
0.238634265959263,-0.18966618180275,-0.691063046455383,-3.11229407787323,0.740742549300194,-4.25029116868973
0.230445362627506,-0.194727867841721,-0.632308602333069,-3.04759651422501,0.750363573431969,-4.21596372127533
0.221132330596447,-0.181433171033859,-0.621686771512032,-3.04128175973892,0.70510721206665,-4.12988078594208
0.216710962355137,-0.174730986356735,-0.628556370735168,-3.04047876596451,0.671709403395653,-4.08886468410492
0.204234220087528,-0.182174921035767,-0.566063165664673,-2.9798184633255,0.659342154860497,-4.0728679895401
0.195989556610584,-0.168729782104492,-0.568784505128861,-2.98596560955048,0.607152834534645,-3.99834430217743
0.211956031620502,-0.18369859457016,-0.625236451625824,-2.8698832988739,0.646499738097191,-3.97207486629486
0.202676106244326,-0.193987399339676,-0.594360813498497,-2.81595063209534,0.621695823967457,-3.97987502813339
0.201314494013786,-0.199390888214111,-0.588728994131088,-2.77633520960808,0.61915796995163,-3.97268053889275
0.18885076418519,-0.184497863054275,-0.583165273070335,-2.76851466298103,0.549939312040806,-3.87550184130669
0.185047093778849,-0.187033981084824,-0.578478619456291,-2.75161454081535,0.531803943216801,-3.8738184273243
0.186466235667467,-0.194841623306274,-0.554626628756523,-2.67547023296356,0.56417078524828,-3.84451997280121
0.185403820127249,-0.19991809129715,-0.567167833447456,-2.65406632423401,0.545255087316036,-3.85357487201691
0.184458933770657,-0.20483410358429,-0.573050677776337,-2.62769705057144,0.533702924847603,-3.85670167207718
0.166905861347914,-0.175594747066498,-0.523700580000877,-2.59926131367683,0.477734588086605,-3.65282979607582
0.163392584770918,-0.177685588598251,-0.524954363703728,-2.58947542309761,0.45540114492178,-3.65558895468712
0.162455007433891,-0.169196099042892,-0.521446377038956,-2.55100107192993,0.453283667564392,-3.56617766618729
0.158213187009096,-0.176259249448776,-0.509497836232185,-2.51158753037453,0.439781285822392,-3.56914302706718
0.152175093069673,-0.167472153902054,-0.494693495333195,-2.48608160018921,0.418357063084841,-3.49091452360153
0.151444163173437,-0.171784222126007,-0.495418980717659,-2.45744758844376,0.413245998322964,-3.4881529211998
0.150697432458401,-0.176299512386322,-0.485851764678955,-2.41880813241005,0.418332830071449,-3.47660520672798
0.147570185363293,-0.178479433059692,-0.477793782949448,-2.39950242638588,0.407627329230309,-3.47037902474403
0.149259853176773,-0.185305923223495,-0.478116076439619,-2.35207036137581,0.417443042621017,-3.46390590071678
0.146364408545196,-0.18737006187439,-0.480068068951368,-2.34267097711563,0.398118382319808,-3.46689134836197
0.1321289120242,-0.148642539978027,-0.473801892250776,-2.37536832690239,0.318971579894423,-3.26722356677055
0.129914063028991,-0.1420778632164,-0.479156833142042,-2.37572515010834,0.300327545031905,-3.22819232940674
0.136996396817267,-0.144914418458939,-0.521006438881159,-2.33984318375587,0.300971942022443,-3.20932969450951
0.128521692706272,-0.154549658298492,-0.443370896391571,-2.24551737308502,0.327759259846062,-3.17281532287598
0.128177940612659,-0.158307433128357,-0.444408892653883,-2.21909493207932,0.324658751022071,-3.16893953084946
0.127963394741528,-0.162290930747986,-0.450925115030259,-2.19720643758774,0.316855253418907,-3.17095202207565
0.120614440063946,-0.138112604618073,-0.433351579587907,-2.19812914729118,0.290335060795769,-3.02680477499962
0.120396223850548,-0.145590841770172,-0.426597166806459,-2.15020415186882,0.29578017629683,-3.02374920248985
0.116978842765093,-0.137334704399109,-0.417209997773171,-2.12976849079132,0.284663058817387,-2.95377671718597
0.114902455359697,-0.139067560434341,-0.423810377717018,-2.12377196550369,0.265604354441166,-2.95817732810974
0.113123465329409,-0.140843212604523,-0.423198238015175,-2.11072483658791,0.255542553961277,-2.95578411221504
0.111143250018358,-0.142555117607117,-0.421851351857185,-2.09810280799866,0.245008148252964,-2.95343351364136
0.109110910445452,-0.144319921731949,-0.387364432215691,-2.05295895040035,0.26730103045702,-2.91887848079205
0.109916856512427,-0.127615690231323,-0.407472662627697,-2.01722368597984,0.252028476446867,-2.78291782736778
0.110047513619065,-0.131667762994766,-0.419954247772694,-1.99908724427223,0.240330833941698,-2.78909382224083
0.10735928453505,-0.120651513338089,-0.408982463181019,-1.98937748372555,0.235173244029284,-2.71328656375408
0.106072003021836,-0.115243405103683,-0.414694078266621,-1.98951227962971,0.221737939864397,-2.68097271025181
0.106251176446676,-0.126649975776672,-0.402359709143639,-1.92028395831585,0.235147349536419,-2.68018381297588
0.104009950533509,-0.119884669780731,-0.403351686894894,-1.90697692334652,0.220708016306162,-2.62628494203091
0.104105938225985,-0.123713433742523,-0.402879610657692,-1.87976682186127,0.221756018698215,-2.62204742431641
0.104215484112501,-0.12764123082161,-0.39821669459343,-1.84865802526474,0.227076210081577,-2.6145054101944
0.102590437978506,-0.113872706890106,-0.406021371483803,-1.84931662678719,0.209521256387234,-2.53255286812782
0.101090289652348,-0.119610190391541,-0.395060583949089,-1.81133495271206,0.211481153964996,-2.5289960950613
0.100675232708454,-0.111244738101959,-0.395164847373962,-1.79998409748077,0.208886548876762,-2.46745252609253
0.099672921001911,-0.116718649864197,-0.38625331223011,-1.76340931653976,0.211784213781357,-2.46372121572494
0.099946059286594,-0.12010270357132,-0.405155435204506,-1.7539400011301,0.19452092051506,-2.47455622255802
0.100006259977818,-0.12346139550209,-0.393710225820541,-1.71937718987465,0.206327334046364,-2.46014556288719
0.097751952707768,-0.105549663305283,-0.391807869076729,-1.71847791969776,0.194703847169876,-2.35177589952946
0.09680200368166,-0.100725680589676,-0.397703602910042,-1.71860236674547,0.183108419179916,-2.32295645028353
0.091116733849049,-0.101724624633789,-0.377072706818581,-1.69044759869576,0.169627696275711,-2.30079534649849
0.094624631106854,-0.108248233795166,-0.390507936477661,-1.65372153371573,0.17723985016346,-2.30321093648672
0.092893026769161,-0.099115967750549,-0.394753068685532,-1.65859503298998,0.162605091929436,-2.25329083949327
0.095400374382734,-0.09760195016861,-0.413272455334663,-1.64698181301355,0.159129790961742,-2.23259351402521
0.091120939701796,-0.103449314832687,-0.382733568549156,-1.60085564851761,0.163992069661617,-2.22155153751373
0.090059291571379,-0.105468660593033,-0.377812638878822,-1.58215331286192,0.16254311054945,-2.21496527642012
0.089146297425032,-0.107414096593857,-0.373401753604412,-1.56390681862831,0.161476030945778,-2.20839139819145
0.085978996008635,-0.089876085519791,-0.368908986449242,-1.57067647576332,0.146964989602566,-2.10993298888206
0.093303889036179,-0.092756927013397,-0.396235466003418,-1.53367419540882,0.163587868213654,-2.0902157574892
0.092562697827816,-0.099099695682526,-0.389086253941059,-1.49594503641129,0.166289933025837,-2.09054321050644
0.093369908630848,-0.102215439081192,-0.397507295012474,-1.47681163996458,0.162712156772614,-2.09010427445173
0.092797264456749,-0.091139495372772,-0.406555131077766,-1.47947631776333,0.150228455662727,-2.02631328999996
0.090674892067909,-0.094505548477173,-0.403126552700996,-1.46173340827227,0.140922799706459,-2.0287666991353
0.092506840825081,-0.098839074373245,-0.415585413575172,-1.44023750722408,0.139455631375313,-2.03327195346355
0.092065542936325,-0.101976990699768,-0.419082596898079,-1.42357608675957,0.133310660719872,-2.03543803095818
0.088080510497093,-0.089216232299805,-0.391450598835945,-1.39818714186549,0.137032464146614,-1.93348453566432
0.085862956941128,-0.092252820730209,-0.378417558968067,-1.37451026216149,0.1367601826787,-1.92802718654275
0.081898741424084,-0.087217003107071,-0.379391483962536,-1.37467257957906,0.112000964581966,-1.89797459822148
0.080867126584053,-0.091998279094696,-0.374502949416637,-1.34680740348995,0.110699810087681,-1.89879707805812
0.078172594308853,-0.088404893875122,-0.374160379171371,-1.33744441810995,0.094875186681748,-1.86787378136069
0.076258599758148,-0.091453433036804,-0.365373309701681,-1.31630854913965,0.092178288847208,-1.86502914736047
0.075917989015579,-0.093618929386139,-0.365475621074438,-1.30196788394824,0.090032313019037,-1.86368146026507
0.075556054711342,-0.095401018857956,-0.355201357975602,-1.27932003233582,0.098134970292449,-1.85172614548355
0.075221590697765,-0.097348660230637,-0.355286533012986,-1.26594872120768,0.096043011173606,-1.8500406825915
0.065271481871605,-0.088411718606949,-0.345250573009253,-1.25971023924649,0.046378318220377,-1.79018055088818
0.063854083418846,-0.089872777462006,-0.339294137433171,-1.24600143358111,0.043830363079906,-1.78523809835315
0.064612381160259,-0.093656420707703,-0.342230066657066,-1.22304673865438,0.045444220304489,-1.78498526290059
0.064314350485802,-0.096269190311432,-0.337585223838687,-1.20264598913491,0.048300879076123,-1.7802611310035
0.064082160592079,-0.098718017339707,-0.3331568952417,-1.18300181627274,0.051336068310775,-1.77530992031097
0.06418414413929,-0.101093411445618,-0.343796741566621,-1.17373739555478,0.041308123269118,-1.78029786422849
0.064376883208752,-0.103415012359619,-0.33639367390424,-1.15041509643197,0.04986762534827,-1.77090517058969
0.052217081189156,-0.08974415063858,-0.323983423411846,-1.1514971954748,-0.010680936276913,-1.68996209930629
0.051514588296414,-0.093355864286423,-0.317808393388987,-1.12763218651526,-0.008720863610506,-1.68776737223379
0.050104215741158,-0.091604083776474,-0.320733968168497,-1.1209329101257,-0.020108673721552,-1.67055741278455
0.048679672181606,-0.095618158578873,-0.329842541366816,-1.10937229450792,-0.037764508277178,-1.68308124598116
0.048474363982678,-0.098084062337875,-0.316577337682247,-1.08177004475147,-0.025731153786182,-1.67027441877872
0.047450534999371,-0.099376112222672,-0.309195082634687,-1.06766109913588,-0.024491872638464,-1.6639177724719
0.048296093940735,-0.102674067020416,-0.309398308396339,-1.0456111934036,-0.01962174475193,-1.6616555955261
0.048189550638199,-0.105007529258728,-0.305819995701313,-1.02754547819495,-0.01668269187212,-1.65759065374732
0.047886312007904,-0.107308268547058,-0.315676767379045,-1.02011461928487,-0.028358895331621,-1.66396423056722
0.047510087490082,-0.109557837247849,-0.31106711179018,-1.00270664691925,-0.02600658684969,-1.66005367040634
0.047133803367615,-0.11173403263092,-0.306462742388248,-0.985470201820135,-0.02365992218256,-1.65587439760566
0.037997655570507,-0.101916044950485,-0.306399829685688,-0.990534987300634,-0.078413896262646,-1.60203125700355
0.03768252581358,-0.103993624448776,-0.298038795590401,-0.970130946487188,-0.071943640708923,-1.59409269317985
0.037517093122006,-0.105953723192215,-0.304137632250786,-0.961372140794992,-0.079035073518753,-1.59709447994828
0.033515952527523,-0.101601809263229,-0.292491711676121,-0.952419582754374,-0.091395996510983,-1.56203043833375
0.033505946397781,-0.102374047040939,-0.292110785841942,-0.935590114444494,-0.091075107455254,-1.54983439669013
0.033402189612389,-0.104202210903168,-0.293410018086433,-0.922901503741741,-0.092996880412102,-1.54811476916075
0.033320382237434,-0.106127798557282,-0.290210366249084,-0.907460875809193,-0.090288072824478,-1.54422766715288
0.030654236674309,-0.099945306777954,-0.292822539806366,-0.912155196070671,-0.108897119760513,-1.5118270367384
0.03140588849783,-0.099748909473419,-0.301342129707336,-0.904124855995178,-0.11290679872036,-1.50261831283569
0.030431285500527,-0.103765666484833,-0.289469562470913,-0.874500468373299,-0.106881849467754,-1.4970944672823
0.028768286108971,-0.100148022174835,-0.287225022912025,-0.871689110994339,-0.114615306258202,-1.47257724404335
0.029229372739792,-0.103806734085083,-0.291974440217018,-0.854303047060967,-0.116598203778267,-1.47714345157146
0.029628776013851,-0.105622977018356,-0.287318974733353,-0.836460039019585,-0.109546318650246,-1.47019790112972
0.030013032257557,-0.107409775257111,-0.289882279932499,-0.824346393346787,-0.109804086387157,-1.46880504488945
0.030392102897167,-0.109202265739441,-0.292231269180775,-0.813448831439018,-0.109878651797771,-1.46866242587566
0.030055679380894,-0.107459008693695,-0.286609895527363,-0.799669712781906,-0.106275819242001,-1.44442376494408
0.030108340084553,-0.106882154941559,-0.28969344496727,-0.796429470181465,-0.109043404459953,-1.43772239983082
0.031990736722946,-0.10782065987587,-0.294028237462044,-0.783531531691551,-0.102083817124367,-1.43045549094677
0.03105478733778,-0.110279202461243,-0.29070833325386,-0.76624508947134,-0.10437960922718,-1.4279203042388
0.031589314341545,-0.110825315117836,-0.291089057922363,-0.755672171711922,-0.101553171873093,-1.42062406241894
0.031921371817589,-0.1097362190485,-0.294233828783035,-0.754426129162312,-0.102705597877502,-1.41284344345331
0.033932559192181,-0.110124245285988,-0.295741528272629,-0.739954397082329,-0.092146173119545,-1.40069986879826
0.031450413167477,-0.112216427922249,-0.283350825309753,-0.725105285644531,-0.094648346304894,-1.39840385317802
0.032798558473587,-0.110631287097931,-0.290840923786163,-0.721695497632027,-0.094049572944641,-1.38548322021961
0.033861137926579,-0.11020340025425,-0.294304490089417,-0.714691713452339,-0.091137662529945,-1.37591211497784
0.031515307724476,-0.110857710242271,-0.283477887511253,-0.703092649579048,-0.094386041164398,-1.36823891103268
0.03135196864605,-0.111822113394737,-0.28222981095314,-0.694150179624558,-0.094117999076843,-1.36508285999298
0.031450293958187,-0.112425789237022,-0.281308248639107,-0.686522752046585,-0.092606484889984,-1.36107748746872
0.031392447650433,-0.113119006156921,-0.283009812235832,-0.681620687246323,-0.094655126333237,-1.36033472418785
0.030788831412792,-0.113356649875641,-0.276206627488136,-0.673046723008156,-0.091473639011383,-1.353186622262
0.03697069734335,-0.107445061206818,-0.28019392490387,-0.673088505864143,-0.058369740843773,-1.31775887310505
0.037397764623165,-0.10619044303894,-0.278961464762688,-0.670703232288361,-0.054574877023697,-1.307845890522
0.038040421903133,-0.109714567661285,-0.279578551650047,-0.652035564184189,-0.051336020231247,-1.3103229701519
0.038796178996563,-0.107875764369965,-0.278143063187599,-0.647517397999764,-0.045365989208222,-1.29477198421955
0.040122352540493,-0.108711898326874,-0.279555335640907,-0.635988593101501,-0.038821220397949,-1.28825998306274
0.04145672172308,-0.108095735311508,-0.279376000165939,-0.629633575677872,-0.030635669827461,-1.27820798754692
0.042458534240723,-0.110167622566223,-0.281511887907982,-0.616862460970879,-0.026760682463646,-1.27786819636822
0.045514330267906,-0.108099460601807,-0.283952325582504,-0.612004235386848,-0.010866343975067,-1.26060099899769
0.046410351991654,-0.110273316502571,-0.288637906312943,-0.602029576897621,-0.010175794363022,-1.26366947591305
0.046410351991654,-0.110273316502571,-0.289690762758255,-0.593834817409515,-0.011228650808334,-1.25547471642494
0.046026408672333,-0.113833025097847,-0.288741916418076,-0.57205069065094,-0.012583464384079,-1.25504884123802
0.045630142092705,-0.114545434713364,-0.288173288106918,-0.567829146981239,-0.01439243555069,-1.25510175526142
0.045373067259789,-0.115233302116394,-0.286035388708115,-0.55944262444973,-0.013796985149384,-1.25084243714809
0.046649992465973,-0.107327803969383,-0.289201557636261,-0.563837513327599,-0.009301602840424,-1.2078043371439
0.045381784439087,-0.107327654957771,-0.282829374074936,-0.558338403701782,-0.010538667440415,-1.20230433344841
0.044085174798966,-0.10605163872242,-0.282204300165176,-0.558223634958267,-0.017693251371384,-1.19453346729279
0.043272078037262,-0.107222810387611,-0.280129909515381,-0.552043616771698,-0.020497441291809,-1.19538047909737
0.041920602321625,-0.10675348341465,-0.275786742568016,-0.543522745370865,-0.024263128638268,-1.18404364585876
0.043710052967072,-0.110507503151894,-0.281809493899345,-0.524330139160156,-0.019549176096916,-1.18737515807152
0.043866202235222,-0.111682921648026,-0.283425465226173,-0.518141001462936,-0.020228251814842,-1.18823853135109
0.044175609946251,-0.112616315484047,-0.284057796001434,-0.511753439903259,-0.019004136323929,-1.18745133280754
0.044098898768425,-0.112641707062721,-0.284592032432556,-0.510501816868782,-0.019998639822006,-1.18635205924511
0.044708356261253,-0.113739356398582,-0.28813847899437,-0.506599366664887,-0.019888341426849,-1.18903550505638
0.044997990131378,-0.114251151680946,-0.289030730724335,-0.501751348376274,-0.019042789936066,-1.18725825846195
0.045228362083435,-0.114787831902504,-0.289615571498871,-0.49844379723072,-0.018245398998261,-1.18717078864574
0.045621782541275,-0.115095809102058,-0.290509849786758,-0.497365489602089,-0.016779154539108,-1.18794034421444
0.045360088348389,-0.115059599280357,-0.290903568267822,-0.499356299638748,-0.01874303817749,-1.18971389532089
0.044551804661751,-0.112488329410553,-0.291211634874344,-0.501367688179016,-0.023900806903839,-1.17629766464233
0.044453620910645,-0.112384095788002,-0.290024876594543,-0.502109259366989,-0.023303151130676,-1.176413834095
0.044365793466568,-0.112198740243912,-0.289506465196609,-0.504428669810295,-0.023311704397202,-1.17762111127377
0.043939530849457,-0.11175811290741,-0.288131386041641,-0.506716340780258,-0.024494200944901,-1.17726501822472
0.04475525021553,-0.112071499228477,-0.291361823678017,-0.505556851625443,-0.022830322384834,-1.17798584699631
0.044900566339493,-0.11256217956543,-0.293185919523239,-0.503972440958023,-0.023782521486282,-1.1793455183506
0.04502908885479,-0.113123938441277,-0.295415192842484,-0.502758353948593,-0.025240659713745,-1.18150198459625
0.045228630304337,-0.113789185881615,-0.297937542200088,-0.500914365053177,-0.026565760374069,-1.18364948034287
0.042116403579712,-0.112408503890038,-0.296480774879456,-0.50373113155365,-0.043782353401184,-1.17818215489388
0.041448205709457,-0.11313396692276,-0.29473765194416,-0.501514703035355,-0.046048417687416,-1.18031850457191
0.041135534644127,-0.113353252410889,-0.29459773004055,-0.501361548900604,-0.047784522175789,-1.18148106336594
0.040842100977898,-0.112332284450531,-0.295270621776581,-0.502972528338432,-0.050218015909195,-1.17696623504162
0.040711805224419,-0.112513870000839,-0.295756429433823,-0.50448539853096,-0.051485598087311,-1.179568618536
0.040426567196846,-0.112555593252182,-0.295361459255219,-0.50524365901947,-0.052802056074143,-1.18057721853256
0.039912030100823,-0.114196717739105,-0.295014917850494,-0.500273853540421,-0.05554273724556,-1.18545415997505
0.039382219314575,-0.11244860291481,-0.293823838233948,-0.502976462244988,-0.057530522346497,-1.17766807973385
0.038903534412384,-0.112601295113564,-0.293594777584076,-0.504437789320946,-0.060173571109772,-1.18004556000233
0.038667798042297,-0.112254366278648,-0.293188884854317,-0.506582856178284,-0.061182096600533,-1.18010905385017
0.038609057664871,-0.112265765666962,-0.293218806385994,-0.507205203175545,-0.061564460396767,-1.18079979717731
0.038776278495789,-0.112669825553894,-0.29521432518959,-0.506048798561096,-0.062556654214859,-1.18206775188446
0.038799405097962,-0.113113254308701,-0.296420738101006,-0.506195619702339,-0.063624307513237,-1.18487514555454
0.038982212543488,-0.113931939005852,-0.298260554671288,-0.503309696912766,-0.064367279410362,-1.18690133094788
0.039061650633812,-0.114517644047737,-0.298939481377602,-0.502756550908089,-0.06456957757473,-1.18986241519451
0.034841969609261,-0.110702350735664,-0.294879034161568,-0.507786735892296,-0.085827216506004,-1.17200084030628
0.035149246454239,-0.112099319696426,-0.297383025288582,-0.503627225756645,-0.086487546563149,-1.1762231439352
0.035314336419106,-0.112954959273338,-0.298343405127525,-0.501862838864327,-0.086457386612892,-1.17959259450436
0.035316705703735,-0.113709256052971,-0.299545764923096,-0.500206649303436,-0.087645530700684,-1.18246218562126
0.03480663895607,-0.111541196703911,-0.299630343914032,-0.503723949193955,-0.090790510177612,-1.17297112941742
0.034196227788925,-0.111959725618362,-0.29874587059021,-0.502784326672554,-0.093568503856659,-1.17454268038273
0.034116610884667,-0.112475499510765,-0.299479022622108,-0.501307666301727,-0.09477935731411,-1.17616066336632
0.03392867743969,-0.113218694925308,-0.300032451748848,-0.49942609667778,-0.09646038711071,-1.17873826622963
0.034364208579064,-0.111511617898941,-0.301636472344398,-0.500875592231751,-0.095451220870018,-1.1699452996254
0.034284070134163,-0.111349672079086,-0.302460044622421,-0.503205865621567,-0.096755623817444,-1.17130389809608
0.034047141671181,-0.112163692712784,-0.302588954567909,-0.500552162528038,-0.098306104540825,-1.17353431880474
0.033813387155533,-0.112645879387856,-0.302742555737495,-0.49943807721138,-0.099862232804298,-1.17531335353851
0.033633053302765,-0.112609848380089,-0.303080394864082,-0.501316443085671,-0.101282075047493,-1.1769755333662
0.034877449274063,-0.110690459609032,-0.305218294262886,-0.504404380917549,-0.095953598618507,-1.16854713857174
0.035247653722763,-0.110162243247032,-0.306799590587616,-0.506201833486557,-0.095313668251038,-1.16717529296875
0.034430757164955,-0.111947774887085,-0.304531663656235,-0.499760314822197,-0.097947120666504,-1.17144696414471
0.034883826971054,-0.11113902926445,-0.305670037865639,-0.500462710857391,-0.096367076039314,-1.16729688644409
0.03440734744072,-0.111911982297897,-0.305596381425858,-0.49992547929287,-0.09915229678154,-1.17139737308025
0.035000801086426,-0.11062428355217,-0.307505398988724,-0.502456501126289,-0.097500592470169,-1.16620220243931
0.034643709659577,-0.110804826021194,-0.306873798370361,-0.503050744533539,-0.099011540412903,-1.16787970066071
0.034290581941605,-0.112073019146919,-0.305962830781937,-0.498757287859917,-0.100219339132309,-1.17119540274143
0.03397274017334,-0.112527683377266,-0.305704340338707,-0.49913389980793,-0.101867899298668,-1.17430000007153
0.033786416053772,-0.112886428833008,-0.305374979972839,-0.498341381549835,-0.102656483650208,-1.17565995454788
0.033655732870102,-0.113285511732101,-0.305426001548767,-0.497986704111099,-0.103491604328156,-1.17769977450371
0.035404309630394,-0.110325708985329,-0.307766959071159,-0.501289784908295,-0.095341101288796,-1.16324403882027
0.035149782896042,-0.110865563154221,-0.306984782218933,-0.500892177224159,-0.096086084842682,-1.16608555614948
0.03500896692276,-0.111198499798775,-0.306844025850296,-0.500829771161079,-0.096790224313736,-1.16802076995373
0.034974962472916,-0.111554995179176,-0.307240575551987,-0.500029653310776,-0.097390800714493,-1.16935962438583
0.034832090139389,-0.111793026328087,-0.307173758745193,-0.501307159662247,-0.098181217908859,-1.17206531763077
0.034462735056877,-0.112497210502625,-0.306771248579025,-0.500323802232742,-0.099994838237763,-1.17530706524849
0.03513503074646,-0.109675168991089,-0.308317899703979,-0.503960803151131,-0.09750771522522,-1.16201181709766
0.035165846347809,-0.109424754977226,-0.308922216296196,-0.504963248968124,-0.097927138209343,-1.16151177883148
0.035071179270744,-0.109158545732498,-0.309577196836472,-0.505923867225647,-0.099150121212006,-1.16087514162064
0.03447437286377,-0.110192358493805,-0.307956010103226,-0.503434836864471,-0.101109772920609,-1.1645889878273
0.034231588244438,-0.110608503222466,-0.307798609137535,-0.502604052424431,-0.102409079670906,-1.16625507175922
0.034194484353066,-0.110924422740936,-0.308154657483101,-0.503215476870537,-0.102987751364708,-1.16876201331615
0.033730030059815,-0.109294638037682,-0.308389708399773,-0.504441276192665,-0.106009528040886,-1.16020910441875
0.033670276403427,-0.108861908316612,-0.309024974703789,-0.506930604577065,-0.107003316283226,-1.16010205447674
0.03343990445137,-0.109484046697617,-0.308875024318695,-0.505806311964989,-0.108235597610474,-1.16271059215069
0.033339619636536,-0.108633473515511,-0.309558749198914,-0.506990566849709,-0.1095210313797,-1.15879140794277
0.032964736223221,-0.108686313033104,-0.308599933981895,-0.507550343871117,-0.110811516642571,-1.15966822206974
0.032752111554146,-0.108875602483749,-0.308387875556946,-0.507805436849594,-0.111875206232071,-1.16105905175209
0.032890349626541,-0.108248576521873,-0.309095039963722,-0.508723706007004,-0.111752942204475,-1.15821516513824
0.032554373145104,-0.108294054865837,-0.307955488562584,-0.509151637554169,-0.112629249691963,-1.15891596674919
0.032432064414024,-0.108133807778358,-0.308163970708847,-0.509972140192986,-0.113571584224701,-1.15877498686314
0.032355085015297,-0.108024135231972,-0.308117732405663,-0.510213077068329,-0.113987222313881,-1.15835788846016
0.032112136483193,-0.107956573367119,-0.307571798563004,-0.510909542441368,-0.114898979663849,-1.15864898264408
0.03205232322216,-0.108223453164101,-0.307810306549072,-0.510264486074448,-0.11549636721611,-1.15960520505905
0.031946316361427,-0.107884615659714,-0.307959318161011,-0.511200249195099,-0.116281419992447,-1.15850794315338
0.0319012850523,-0.107984840869904,-0.307698398828507,-0.511611849069595,-0.116290688514709,-1.15952089428902
0.031764820218086,-0.108217850327492,-0.307702243328094,-0.511757209897041,-0.117113322019577,-1.16106431186199
0.031405746936798,-0.107513919472694,-0.307015955448151,-0.512529417872429,-0.118581473827362,-1.1576129347086
0.03127384185791,-0.107740893959999,-0.307244837284088,-0.512808039784431,-0.119601786136627,-1.15925340354443
0.03132113814354,-0.107028618454933,-0.308591544628143,-0.514499992132187,-0.120664715766907,-1.15667170286179
0.031011015176773,-0.107430055737495,-0.307937622070312,-0.513796865940094,-0.121871531009674,-1.15837720036507
0.030596137046814,-0.107737466692925,-0.306818187236786,-0.512826785445213,-0.123241364955902,-1.15925158560276
0.030513495206833,-0.107927516102791,-0.307103097438812,-0.513312369585037,-0.124022126197815,-1.16087746620178
0.031134098768234,-0.106924876570702,-0.309390872716904,-0.514229238033295,-0.122586280107498,-1.1557784974575
0.031090348958969,-0.107225194573402,-0.309264332056046,-0.514117896556854,-0.122722238302231,-1.15746906399727
0.031382352113724,-0.106712237000465,-0.310099422931671,-0.515619814395905,-0.121805310249329,-1.1558932363987
0.031319409608841,-0.107360512018204,-0.310295343399048,-0.513528123497963,-0.122378885746002,-1.15769119560719
0.031282901763916,-0.107498586177826,-0.310327917337418,-0.514190405607224,-0.122630506753922,-1.15918192267418
0.03141924738884,-0.107869893312454,-0.310973763465881,-0.51343135535717,-0.122458279132843,-1.1606507152319
0.031981021165848,-0.106775850057602,-0.312368258833885,-0.51564259827137,-0.120482131838799,-1.15629769861698
0.03188306093216,-0.107228964567184,-0.312635838985443,-0.514482378959656,-0.121337473392487,-1.15785616636276
0.031674057245255,-0.107464000582695,-0.312168329954147,-0.514259874820709,-0.12212398648262,-1.15904387831688
0.031629860401154,-0.107713207602501,-0.312652260065079,-0.514401167631149,-0.122873097658157,-1.16068041324615
0.031553536653519,-0.108097657561302,-0.312701642513275,-0.513779491186142,-0.123380422592163,-1.16236543655396
0.032021224498749,-0.107022076845169,-0.313546866178513,-0.515092968940735,-0.12141951918602,-1.15722543001175
0.032042413949967,-0.107046619057655,-0.313585817813873,-0.51510751247406,-0.121331334114075,-1.15738722681999
0.031924366950989,-0.107323080301285,-0.313563600182533,-0.514622539281845,-0.122017398476601,-1.15856102108955
0.031987369060516,-0.107070446014404,-0.314061626791954,-0.515454977750778,-0.122137412428856,-1.1578776538372
0.031901717185974,-0.107179939746857,-0.314053684473038,-0.51568615436554,-0.122643381357193,-1.15876579284668
0.031853899359703,-0.107458502054214,-0.314286649227142,-0.51491405069828,-0.123163253068924,-1.15966506302357
0.031840100884438,-0.107517182826996,-0.314276903867722,-0.515592828392983,-0.123236298561096,-1.16069592535496
0.031824737787247,-0.107697650790215,-0.314203381538391,-0.515226021409035,-0.123254954814911,-1.16141192615032
0.031699895858765,-0.107841983437538,-0.313951581716537,-0.515088140964508,-0.12375220656395,-1.16214004158974
0.031623333692551,-0.107962340116501,-0.313737824559212,-0.514832764863968,-0.123997822403908,-1.16260680556297
0.031673386693001,-0.108182951807976,-0.314462125301361,-0.514199286699295,-0.124421805143356,-1.16329699754715
0.031823411583901,-0.108398377895355,-0.315684705972671,-0.515077620744705,-0.124744236469269,-1.16546788811684
0.031806692481041,-0.10850927233696,-0.315885692834854,-0.515012845396996,-0.125045537948608,-1.16606847941875
0.033030435442925,-0.106475979089737,-0.317927569150925,-0.517978325486183,-0.119744956493378,-1.1568342000246
0.033052369952202,-0.106624573469162,-0.318184614181519,-0.517366647720337,-0.119870394468308,-1.15711408853531
0.033276721835137,-0.106967389583588,-0.319381475448608,-0.516856595873833,-0.11972114443779,-1.15866093337536
0.033266454935074,-0.107252568006516,-0.319703012704849,-0.516638830304146,-0.120104283094406,-1.16015423834324
0.033268451690674,-0.107520446181297,-0.320313692092895,-0.516606643795967,-0.120702981948853,-1.16172932088375
0.033467531204224,-0.106661424040794,-0.321050107479095,-0.517483726143837,-0.120244920253754,-1.1574522703886
0.033419460058212,-0.106852188706398,-0.321327343583107,-0.517577603459358,-0.120810583233833,-1.15869073569775
0.033351510763168,-0.107086792588234,-0.321575790643692,-0.517638772726059,-0.121466726064682,-1.16015952825546
0.033833235502243,-0.106116190552711,-0.322435587644577,-0.519116193056107,-0.119436174631119,-1.15581333637238
0.03391632437706,-0.105840936303139,-0.322824478149414,-0.520773887634277,-0.119326531887054,-1.15581950545311
0.033831715583801,-0.106683388352394,-0.32278561592102,-0.517803549766541,-0.119795322418213,-1.15790387988091
0.033724129199982,-0.106989994645119,-0.323170125484467,-0.517238050699234,-0.120825350284576,-1.15917801856995
0.03367754817009,-0.107099816203117,-0.323568254709244,-0.518336251378059,-0.121502965688705,-1.16093514859676
0.033644467592239,-0.10737818479538,-0.324060827493668,-0.517688855528832,-0.122194021940231,-1.16195796430111
0.034297972917557,-0.106146305799484,-0.325258463621139,-0.519375577569008,-0.119470626115799,-1.15625341236591
0.034278780221939,-0.106332153081894,-0.325973063707352,-0.518898859620094,-0.120300382375717,-1.15689177811146
0.034499257802963,-0.105996996164322,-0.326904013752937,-0.519632950425148,-0.119908466935158,-1.15561492741108
0.034633129835129,-0.105654984712601,-0.327928721904755,-0.520738527178764,-0.120129942893982,-1.15466843545437
0.034580171108246,-0.106140404939651,-0.328427314758301,-0.518920555710793,-0.120946288108826,-1.1557629853487
0.034579694271088,-0.10634571313858,-0.329113081097603,-0.518187284469605,-0.121634915471077,-1.15626156330109
0.034557983279228,-0.106616452336311,-0.329816237092018,-0.518719077110291,-0.122468337416649,-1.15841779112816
0.034827634692192,-0.105395033955574,-0.330602332949638,-0.52076156437397,-0.121636524796486,-1.15313176810741
0.034887298941612,-0.105593010783196,-0.330939173698425,-0.519765168428421,-0.121615380048752,-1.15332323312759
0.034755989909172,-0.105865880846977,-0.331391856074333,-0.519816607236862,-0.122855916619301,-1.15501189231873
0.034682258963585,-0.106102153658867,-0.331633225083351,-0.519652619957924,-0.123539671301842,-1.15626554191113
0.034639373421669,-0.106394812464714,-0.33217741549015,-0.519143432378769,-0.124341174960136,-1.15751230716705
0.035168543457985,-0.105003267526627,-0.333431854844093,-0.521315097808838,-0.122420594096184,-1.1513347029686
0.035079404711723,-0.105558484792709,-0.334562420845032,-0.519335925579071,-0.124085992574692,-1.15268683433533
0.035185933113098,-0.105172112584114,-0.335595801472664,-0.520155295729637,-0.124480202794075,-1.15118797123432
0.035208404064179,-0.105098068714142,-0.335869237780571,-0.519747361540794,-0.1246188133955,-1.15033577382565
0.035402268171311,-0.104845941066742,-0.336947947740555,-0.521241128444672,-0.124534338712692,-1.15031677484512
0.035386174917221,-0.105187952518463,-0.336319118738174,-0.519779354333878,-0.124002069234848,-1.15090706944466
0.035073414444923,-0.105495989322662,-0.335709065198898,-0.51946522295475,-0.125268578529358,-1.15244115889072
0.034827962517738,-0.105434149503708,-0.335130572319031,-0.520336642861366,-0.126162797212601,-1.15294153988361
0.036167085170746,-0.105062320828438,-0.335178166627884,-0.51942589879036,-0.118175655603409,-1.14979982376099
0.035854697227478,-0.105026975274086,-0.33485209941864,-0.522109553217888,-0.119723916053772,-1.1522714048624
0.035129979252815,-0.105749994516373,-0.332307130098343,-0.520305931568146,-0.121527254581451,-1.15480589866638
0.037427172064781,-0.104748666286468,-0.334264248609543,-0.523077517747879,-0.109701216220856,-1.15156951546669
0.038046583533287,-0.104699194431305,-0.335097640752792,-0.523901075124741,-0.10681813955307,-1.15209624171257
0.038857832551003,-0.104012250900269,-0.336678519845009,-0.525615766644478,-0.103531524538994,-1.14968927204609
0.03726053237915,-0.105084910988808,-0.33068510890007,-0.52260684967041,-0.107121914625168,-1.15311631560326
0.038915053009987,-0.104991108179092,-0.331335201859474,-0.523324757814407,-0.097844883799553,-1.15327140688896
0.038832202553749,-0.104891151189804,-0.33155445754528,-0.523598030209541,-0.098561242222786,-1.15294493734837
0.038657978177071,-0.104851245880127,-0.331701040267944,-0.523504346609116,-0.099753171205521,-1.15261182188988
0.038491323590279,-0.104869306087494,-0.331488281488419,-0.524205803871155,-0.100540339946747,-1.15342164039612
0.038730055093765,-0.104713276028633,-0.330644875764847,-0.52437886595726,-0.098264545202255,-1.15265852212906
0.038327902555466,-0.104968413710594,-0.330154210329056,-0.524172857403755,-0.100186794996262,-1.15398333966732
0.038095235824585,-0.104719594120979,-0.329389318823814,-0.525007843971252,-0.100817903876305,-1.15332540869713
0.03710862994194,-0.105083718895912,-0.328570708632469,-0.524793237447739,-0.105918928980827,-1.15529555082321
0.037583589553833,-0.104850202798843,-0.330217286944389,-0.525729060173035,-0.104715749621391,-1.1548302769661
0.037374138832092,-0.104996234178543,-0.329139307141304,-0.524944633245468,-0.10489447414875,-1.15492203831673
0.037046730518341,-0.104905277490616,-0.32849657535553,-0.526650846004486,-0.106216192245483,-1.15608251094818
0.036385327577591,-0.105510398745537,-0.326301500201225,-0.525227770209312,-0.10798953473568,-1.15829016268253
0.038370847702026,-0.104701563715935,-0.328617289662361,-0.526510417461395,-0.098392203450203,-1.154719799757
0.037605166435242,-0.105279088020325,-0.326089948415756,-0.526191726326942,-0.100458949804306,-1.15786625444889
0.038460791110993,-0.104783087968826,-0.326025784015656,-0.526811361312866,-0.095261037349701,-1.15550988912582
0.038395315408707,-0.104561239480972,-0.324432194232941,-0.52794261276722,-0.094060301780701,-1.15531004965305
0.038287669420242,-0.104410693049431,-0.323642790317535,-0.52858804166317,-0.093916773796082,-1.15505219995976
0.038020238280296,-0.104476138949394,-0.322998121380806,-0.528519436717033,-0.094876691699028,-1.1553762704134
0.038159772753716,-0.104643970727921,-0.323138475418091,-0.528731614351273,-0.094179838895798,-1.1565954387188
0.037968069314957,-0.104774042963982,-0.323111176490784,-0.528350830078125,-0.095302760601044,-1.15699508786201
0.037788972258568,-0.104673698544502,-0.32181079685688,-0.529213309288025,-0.095076963305473,-1.15725550055504
0.037585467100144,-0.104441344738007,-0.31993243098259,-0.529707685112953,-0.094419628381729,-1.15635575354099
0.037560313940048,-0.104230999946594,-0.318388193845749,-0.530506625771523,-0.09302631020546,-1.15589262545109
0.039748966693878,-0.104403555393219,-0.320009917020798,-0.529885306954384,-0.081516116857529,-1.1563066393137
0.039378270506859,-0.104191452264786,-0.318084537982941,-0.530329048633575,-0.081814914941788,-1.15547776222229
0.039303377270699,-0.104545071721077,-0.316946342587471,-0.530105471611023,-0.08112607896328,-1.15737590193748
0.038678288459778,-0.104213416576386,-0.313929423689842,-0.530999943614006,-0.081859692931175,-1.15628044307232
0.038406431674957,-0.104199558496475,-0.312497079372406,-0.532062977552414,-0.082058489322662,-1.15726032853127
0.03813773393631,-0.104115292429924,-0.31120391190052,-0.532777577638626,-0.082377508282662,-1.15746933221817
0.037854626774788,-0.104002416133881,-0.309946298599243,-0.533632695674896,-0.082818537950516,-1.15764719247818
0.04216180741787,-0.103580951690674,-0.313995614647865,-0.533666282892227,-0.061024770140648,-1.15515199303627
0.042360991239548,-0.103440523147583,-0.312867745757103,-0.534133493900299,-0.058701798319817,-1.1547766327858
0.042445570230484,-0.103453502058983,-0.311528369784355,-0.535032078623772,-0.056854948401451,-1.15575309097767
0.042022407054901,-0.103969916701317,-0.309900164604187,-0.533497899770737,-0.05776572227478,-1.15731739997864
0.042111814022064,-0.103921934962273,-0.309779420495033,-0.533692806959152,-0.057108536362648,-1.15722441673279
0.041978970170021,-0.103554636240006,-0.309368684887886,-0.535446763038635,-0.05749486386776,-1.15677458047867
0.041891142725945,-0.103676706552506,-0.309835210442543,-0.535451158881187,-0.058488354086876,-1.15751139819622
0.041486769914627,-0.103722929954529,-0.308299213647842,-0.535564363002777,-0.05937859416008,-1.15790194272995
0.043416529893875,-0.102978825569153,-0.30985514819622,-0.536771923303604,-0.04935596883297,-1.15464487671852
0.042464002966881,-0.103222414851189,-0.306059032678604,-0.536293745040894,-0.051275014877319,-1.15562823414803
0.043614208698273,-0.10268822312355,-0.306385830044746,-0.537109330296516,-0.04470057785511,-1.15323866903782
0.043528810143471,-0.102445617318153,-0.305061712861061,-0.537893950939178,-0.043888852000237,-1.1525676548481
0.043403819203377,-0.102095082402229,-0.303388178348541,-0.539141267538071,-0.042965263128281,-1.15171176195145
0.043222591280937,-0.101936712861061,-0.302448123693466,-0.538817971944809,-0.043112576007843,-1.15043824911118
0.043063059449196,-0.101894944906235,-0.301037311553955,-0.538943514227867,-0.04265895485878,-1.15031318366528
0.044478163123131,-0.102270722389221,-0.301747232675552,-0.53862564265728,-0.034878253936768,-1.15224997699261
0.044321998953819,-0.102083116769791,-0.301093235611916,-0.539392501115799,-0.035161241889,-1.15189120173454
0.044434919953346,-0.101975202560425,-0.300847411155701,-0.539379090070725,-0.034237891435623,-1.15123030543327
0.044626042246819,-0.101937085390091,-0.301812529563904,-0.539145797491074,-0.034056276082993,-1.15076830983162
0.044606640934944,-0.101978659629822,-0.301859021186829,-0.539085447788239,-0.034219175577164,-1.15095740556717
0.04420317709446,-0.102168217301369,-0.300174087285995,-0.538823783397675,-0.034955024719238,-1.15183308720589
0.043694719672203,-0.102214753627777,-0.297948688268661,-0.538215264678001,-0.035780370235443,-1.15150378644466
0.045803308486939,-0.102179020643234,-0.299505099654198,-0.538397505879402,-0.024685248732567,-1.15147162973881
0.045578926801682,-0.101598605513573,-0.298420295119286,-0.540181457996368,-0.024946734309197,-1.1497730910778
0.045308470726013,-0.101555615663528,-0.297437086701393,-0.540382742881775,-0.025586262345314,-1.14971643686295
0.045701190829277,-0.101813331246376,-0.298203960061073,-0.540206447243691,-0.023996815085411,-1.15108643472195
0.045808628201485,-0.101763144135475,-0.297948464751244,-0.54069972038269,-0.023096695542336,-1.15127858519554
0.045529261231423,-0.101864382624626,-0.296721577644348,-0.540221586823463,-0.023546010255814,-1.15140788257122
0.046092092990875,-0.101690486073494,-0.296505779027939,-0.540463179349899,-0.019953221082687,-1.15060609579086
0.046390697360039,-0.101539790630341,-0.295852035284042,-0.540727734565735,-0.01750785112381,-1.14996647834778
0.046064540743828,-0.101220399141312,-0.29422202706337,-0.542377650737762,-0.017834782600403,-1.14970004558563
0.047410637140274,-0.10129901766777,-0.294260561466217,-0.540580004453659,-0.009796738624573,-1.14837411046028
0.047286882996559,-0.100823789834976,-0.293005272746086,-0.542070254683495,-0.009283974766731,-1.14701299369335
0.046987727284432,-0.100892320275307,-0.291460826992989,-0.542087316513062,-0.0095344632864,-1.1474412381649
0.047589927911759,-0.100750923156738,-0.290886253118515,-0.542623922228813,-0.005346685647964,-1.14712946116924
0.047731310129166,-0.1008680164814,-0.289542615413666,-0.542196720838547,-0.003154754638672,-1.14740481972694
0.047739908099175,-0.100694462656975,-0.289173990488052,-0.542262405157089,-0.002734541893005,-1.14642918109894
0.047494903206825,-0.100650548934937,-0.287535116076469,-0.542451903223991,-0.002565696835518,-1.14635519683361
0.04736103117466,-0.100599735975266,-0.286800503730774,-0.542425990104675,-0.002634316682816,-1.14602440595627
0.048683598637581,-0.100480690598488,-0.287735879421234,-0.542286038398743,0.004365712404251,-1.14517018198967
0.048174306750298,-0.100690692663193,-0.286483526229858,-0.542453557252884,0.002562314271927,-1.14659771323204
0.047901511192322,-0.10067093372345,-0.284838303923607,-0.543258056044579,0.002570763230324,-1.14728365838528
0.047836512327194,-0.100651174783707,-0.284497499465942,-0.543316721916199,0.002521574497223,-1.14722377061844
0.049095064401627,-0.100266486406326,-0.28581964969635,-0.543600127100945,0.008750736713409,-1.1451990455389
0.048756271600723,-0.100355416536331,-0.284625500440598,-0.543553560972214,0.007912129163742,-1.1456860601902
0.048577576875687,-0.100127905607224,-0.283227056264877,-0.544409871101379,0.008238404989243,-1.14517730474472
0.049460619688034,-0.100097954273224,-0.284371346235275,-0.544446691870689,0.012392371892929,-1.14503441751003
0.0493184030056,-0.100240975618362,-0.284848645329475,-0.544183909893036,0.011061772704125,-1.14562976360321
0.049816146492958,-0.100222736597061,-0.28444629907608,-0.543886244297028,0.014450579881668,-1.14522266387939
0.05025814473629,-0.100303053855896,-0.284326404333115,-0.54281659424305,0.017222464084625,-1.14463491737843
0.049575835466385,-0.099835500121117,-0.280363485217094,-0.545794665813446,0.017091527581215,-1.14480766654015
0.049314543604851,-0.099683985114098,-0.27838023006916,-0.546262338757515,0.017507031559944,-1.1443662494421
0.049057602882385,-0.099443480372429,-0.276208251714706,-0.547541946172714,0.018137365579605,-1.14420282840729
0.048880249261856,-0.099332064390183,-0.274412751197815,-0.548409372568131,0.018868744373322,-1.14440175890923
0.051230221986771,-0.099052608013153,-0.275229543447494,-0.548237577080727,0.032151788473129,-1.14255322515965
0.050904899835587,-0.099063724279404,-0.272862747311592,-0.549632012844086,0.032566651701927,-1.14401435852051
0.051625728607178,-0.099085241556168,-0.272697150707245,-0.54912206530571,0.037057220935822,-1.14363351464272
0.05137711763382,-0.098798349499703,-0.270780012011528,-0.550885066390038,0.03748269379139,-1.14367516338825
0.051041722297669,-0.098687991499901,-0.269033849239349,-0.55212464928627,0.037216484546661,-1.14425259828568
0.052847892045975,-0.098518386483193,-0.269406646490097,-0.551300033926964,0.047680705785751,-1.14241035282612
0.052572667598724,-0.098078191280365,-0.267823785543442,-0.552993312478066,0.047612220048905,-1.14146246016026
0.05294668674469,-0.098358452320099,-0.267514050006866,-0.551824018359184,0.050166070461273,-1.14197473227978
0.053189009428024,-0.097818285226822,-0.264760166406632,-0.554302126169205,0.054373890161514,-1.14121183753014
0.053075775504112,-0.097882196307182,-0.263589680194855,-0.554137468338013,0.054864972829819,-1.14143064618111
0.053876742720604,-0.097835466265678,-0.26382178068161,-0.553645402193069,0.059438675642014,-1.14065819978714
0.053352221846581,-0.097545757889748,-0.26111689209938,-0.554349333047867,0.058996438980103,-1.13962388038635
0.053167954087257,-0.097359225153923,-0.260232836008072,-0.554787248373032,0.058774888515472,-1.13894259929657
0.05420558154583,-0.097563460469246,-0.260806143283844,-0.554064929485321,0.064427345991135,-1.1394456923008
0.054579868912697,-0.09746415913105,-0.25916214287281,-0.556018084287643,0.068317070603371,-1.14080303907394
0.054223030805588,-0.097197383642197,-0.25667779147625,-0.556950822472572,0.068660393357277,-1.14013512432575
0.054063737392426,-0.09709857404232,-0.255749568343163,-0.557089254260063,0.068632856011391,-1.13968069851398
0.053856760263443,-0.096760019659996,-0.253474861383438,-0.558582559227943,0.06966570019722,-1.13914267718792
0.053592413663864,-0.096478536725044,-0.251899391412735,-0.559515342116356,0.06965509057045,-1.13838656246662
0.056203663349152,-0.096781253814697,-0.253134787082672,-0.558920681476593,0.084087193012238,-1.13960820436478
0.055611029267311,-0.096390277147293,-0.25077286362648,-0.559688284993172,0.082893311977387,-1.13802994787693
0.055317088961601,-0.0961774289608,-0.249412775039673,-0.560323551297188,0.082489758729935,-1.13738812506199
0.055135056376457,-0.096031725406647,-0.248118728399277,-0.561611577868462,0.082691609859467,-1.13780193030834
0.054931193590164,-0.095879659056664,-0.246511936187744,-0.561747387051582,0.083075225353241,-1.13702534139156
0.054760158061981,-0.095629766583443,-0.245428264141083,-0.561870872974396,0.083132684230805,-1.13564947247505
0.054409265518189,-0.095631241798401,-0.243711888790131,-0.561701491475105,0.082743704319,-1.13548894226551
0.05726033449173,-0.095588147640228,-0.245593637228012,-0.563056737184525,0.097968369722366,-1.13658562302589
0.057598739862442,-0.095517992973328,-0.245853215456009,-0.563076689839363,0.099739223718643,-1.13618464767933
0.057433679699898,-0.095505878329277,-0.242561727762222,-0.563476577401161,0.102040350437164,-1.13651184737682
0.057137131690979,-0.095409989356995,-0.24048538506031,-0.56387585401535,0.102337405085564,-1.13633579015732
0.05811919271946,-0.095207363367081,-0.239664494991302,-0.564751476049423,0.109050661325455,-1.13599565625191
0.05830679833889,-0.094969809055328,-0.238061755895615,-0.565440878272057,0.111779034137726,-1.13525973260403
0.057965859770775,-0.094774633646011,-0.235701233148575,-0.567214995622635,0.112093925476074,-1.1358627974987
0.058978334069252,-0.094742074608803,-0.235867112874985,-0.566041186451912,0.118002891540527,-1.13449363410473
0.059288784861565,-0.094854012131691,-0.235808581113815,-0.565259471535683,0.119924128055573,-1.13438354432583
0.058706238865852,-0.094298973679543,-0.232050716876984,-0.568056687712669,0.120186716318131,-1.13385052978992
0.059160158038139,-0.094390466809273,-0.232324749231338,-0.567697957158089,0.122636198997498,-1.13404075801373
0.05893124639988,-0.094140455126762,-0.231336265802383,-0.568476423621178,0.122251212596893,-1.13331915438175
0.058591902256012,-0.094332009553909,-0.22921647131443,-0.568252369761467,0.122334942221642,-1.13424442708492
0.060254156589508,-0.094100803136826,-0.229880034923553,-0.568281084299088,0.131644904613495,-1.13288590312004
0.060852944850922,-0.093994945287705,-0.230159103870392,-0.568066954612732,0.134958565235138,-1.13203662633896
0.059893876314163,-0.093120872974396,-0.226004153490067,-0.571257039904594,0.133359104394913,-1.12998227775097
0.059262827038765,-0.093687474727631,-0.221845418214798,-0.570778489112854,0.133731544017792,-1.13290333747864
0.06107684969902,-0.093177005648613,-0.222685873508453,-0.571255296468735,0.143775224685669,-1.13031733036041
0.061185523867607,-0.093096777796745,-0.222012028098106,-0.571502804756165,0.145101115107536,-1.13008347153664
0.061024382710457,-0.093062505126,-0.220781564712524,-0.571957096457481,0.145364731550217,-1.13033212721348
0.060761272907257,-0.09307336807251,-0.219433054327965,-0.572267696261406,0.145134583115578,-1.13070790469646
0.061824262142181,-0.092701002955437,-0.219435170292854,-0.572269111871719,0.151510402560234,-1.12847512960434
0.062277346849442,-0.092772051692009,-0.219072997570038,-0.572435021400452,0.154591083526611,-1.12906733155251
0.061846390366554,-0.092464447021484,-0.216732859611511,-0.573719695210457,0.154345482587814,-1.12850637733936
0.06161829829216,-0.092444017529488,-0.215181723237038,-0.574026674032211,0.154528066515923,-1.12869077920914
0.061348423361778,-0.092396423220635,-0.213437274098396,-0.574503064155579,0.154653266072273,-1.12888160347939
0.063232287764549,-0.092200696468353,-0.214415043592453,-0.57450932264328,0.164978682994843,-1.1277135014534
0.062795177102089,-0.091791450977326,-0.212185442447662,-0.575256258249283,0.164585620164871,-1.12600496411324
0.062652796506882,-0.091723307967186,-0.210990369319916,-0.575477078557014,0.164926409721374,-1.12581692636013
0.062464594841004,-0.091456428170204,-0.209122866392136,-0.5760847479105,0.165664702653885,-1.12482331693172
0.062314629554749,-0.091460093855858,0.285791873931885,-2.2183949649334,0.659679651260376,-2.76715552806854
-1.13152778148651,-0.651619613170624,5.85112848877907,0.791320294141769,-0.938038200139999,-3.11839738488197
-1.13074725866318,-0.649775445461273,4.40452179312706,-0.624403238296509,-2.379961758852,-4.52305591106415
-1.12835471332073,-0.647153615951538,4.38816085457802,-0.627343535423279,-2.38196742534637,-4.51026523113251
0.774361506104469,-0.134359031915665,2.46551436185837,-1.11035504937172,7.11168339848518,-1.91650924086571
0.775479033589363,-0.123614221811295,2.44979798793793,-1.15538647770882,7.10267218947411,-1.89707180857658
0.794137701392174,-0.134488377720118,2.417067527771,-1.07091894373298,7.18189373612404,-1.87784921005368
0.798745200037956,-0.136528883129358,2.38193786144257,-1.07589187845588,7.1744090616703,-1.89506517723203
0.802959710359573,-0.13874951377511,2.36636984348297,-1.03764131292701,7.18412810564041,-1.87013839557767
0.806934252381325,-0.141267750412226,2.35103672742844,-0.999057795852423,7.19264224171639,-1.84666429832578
0.739173665642738,-0.120734382420778,2.41822481155395,-0.992494892328978,6.85326680541039,-1.71690118685365
0.746692106127739,-0.127030123025179,2.38641065359116,-0.940518211573362,6.86656329035759,-1.70269894972444
0.712943837046623,-0.119343557395041,2.40674239397049,-0.912141880951822,6.68440541625023,-1.62820322532207
0.699411913752556,-0.115217304322869,2.33505743741989,-1.00739350309595,6.53152891993523,-1.69869732903317
0.701576098799706,-0.107121026609093,2.30044776201248,-1.04172661295161,6.50990435481072,-1.68445277260616
0.708117514848709,-0.127063667867333,2.27644491195679,-0.930429124739021,6.52515000104904,-1.69281113194302
0.670740485191345,-0.122881567105651,2.26463979482651,-0.927232945337892,6.28908270597458,-1.6645223479718
0.673766419291496,-0.123840725049376,2.23636811971664,-0.909965002909303,6.27896663546562,-1.65300935320556
0.67565743625164,-0.128362691029906,2.20589607954025,-0.886021161451936,6.25984069705009,-1.65619730763137
0.638719603419304,-0.11323400773108,2.21278697252274,-0.91101155243814,6.04510459303856,-1.59041559882462
0.641548201441765,-0.126167619600892,2.18300330638885,-0.849262153729796,6.03229251503944,-1.60626787133515
0.643137097358704,-0.131289089098573,2.15354645252228,-0.824813580140471,6.0123690366745,-1.61254811473191
0.644464358687401,-0.136494124308229,2.12456440925598,-0.800792491063476,5.99135056138039,-1.61975723691285
0.597339674830437,-0.118365839123726,2.14194792509079,-0.826830968260765,5.72598597407341,-1.53702600300312
0.597906038165093,-0.11636520922184,2.1120218038559,-0.836415097117424,5.69945803284645,-1.53460635244846
0.598393127322197,-0.114569023251534,2.08260762691498,-0.845307752490043,5.67296639084816,-1.53272189199924
0.600845232605934,-0.142378494143486,2.07793354988098,-0.707498356699943,5.68300494551659,-1.56176932156086
0.600894272327423,-0.148020908236504,2.03495103120804,-0.699805185198784,5.64031666517258,-1.58793063461781
0.544606029987335,-0.1283323392272,2.06405520439148,-0.721542663872242,5.33169138431549,-1.49153669923544
0.543334349989891,-0.139468364417553,2.04226475954056,-0.678978987038136,5.3022708594799,-1.51578917354345
0.542313307523727,-0.144872926175594,2.038449883461,-0.650235958397388,5.29232972860336,-1.51947351545095
0.54132267832756,-0.149932079017162,2.01590245962143,-0.632102198898792,5.26383852958679,-1.53169467300177
0.540561378002167,-0.15501045435667,2.01947498321533,-0.59833163768053,5.26284325122833,-1.52839436382055
0.540122151374817,-0.159979067742825,2.00987255573273,-0.568561859428883,5.25060546398163,-1.52843626588583
0.47746741771698,-0.136933699250221,2.01700919866562,-0.618426695466042,4.8818137049675,-1.44002889096737
0.47748276591301,-0.150256916880608,2.02259761095047,-0.551276460289955,4.88749420642853,-1.4528179615736
0.459170415997505,-0.144809111952782,2.03114980459213,-0.540090218186379,4.78617230057716,-1.40894488990307
0.46105583012104,-0.143737241625786,1.97465348243713,-0.569502308964729,4.74098846316338,-1.43192575871944
0.463385328650475,-0.156019315123558,1.95897787809372,-0.509743884205818,4.73928984999657,-1.44585977494717
0.466384187340736,-0.161823198199272,1.91204422712326,-0.498483911156654,4.71034935116768,-1.46942310035229
0.431970626115799,-0.153011076152325,1.91353523731232,-0.492645896971226,4.50535899400711,-1.41071235388517
0.425156280398369,-0.154782675206661,1.89385366439819,-0.471926428377628,4.44479134678841,-1.4006224796176
0.416221424937248,-0.15749055147171,1.8814337849617,-0.450070917606354,4.37876233458519,-1.39501422643662
0.420627698302269,-0.155629575252533,1.8400821685791,-0.46025025844574,4.36384835839272,-1.39402770996094
0.403014779090881,-0.160987041890621,1.85150146484375,-0.404519595205784,4.26959013938904,-1.37044184654951
0.405765622854233,-0.165368519723415,1.80818212032318,-0.399598278105259,4.24277585744858,-1.39180939644575
0.388828903436661,-0.16441909968853,1.80267444252968,-0.385484352707863,4.13564786314964,-1.37199895083904
0.389373779296875,-0.168442472815514,1.78290554881096,-0.369665279984474,4.11914822459221,-1.38032011687756
0.372533351182938,-0.166000366210938,1.79419186711311,-0.349554061889648,4.02939197421074,-1.34555625915527
0.363749533891678,-0.16104419529438,1.77350282669067,-0.371281191706657,3.95600003004074,-1.33754636347294
0.362230017781258,-0.171070322394371,1.75740045309067,-0.334207341074944,3.93078055977821,-1.36062927544117
0.360975280404091,-0.175225421786308,1.74817216396332,-0.319495394825935,3.91402384638786,-1.37084792554379
0.33693864941597,-0.169240266084671,1.7581804394722,-0.316068649291992,3.77981233596802,-1.33151024580002
0.328759029507637,-0.16988667845726,1.75128352642059,-0.306089907884598,3.72383770346642,-1.32540997862816
0.32112991809845,-0.17221462726593,1.74317407608032,-0.289970636367798,3.66995358467102,-1.32325839996338
0.321961879730225,-0.169618487358093,1.72356757521629,-0.30301821231842,3.65533885359764,-1.32072913646698
0.306915387511253,-0.174138084053993,1.71981552243233,-0.268638834357262,3.56130784749985,-1.31346733868122
0.303822562098503,-0.169227242469788,1.70180213451386,-0.280461430549622,3.52473750710487,-1.29582488536835
0.306186825037003,-0.179910898208618,1.68861731886864,-0.230538964271545,3.52573826909065,-1.31000435352325
0.309098899364471,-0.185240864753723,1.67173454165459,-0.201106548309326,3.52632793784142,-1.31255173683167
0.288132354617119,-0.18110679090023,1.68713784217834,-0.181107401847839,3.41593196988106,-1.26774814724922
0.286680683493614,-0.177627697587013,1.62063312530518,-0.214654356241226,3.34071722626686,-1.28042054176331
0.282001212239265,-0.184620097279549,1.61272609233856,-0.169037520885468,3.30473336577415,-1.27675810456276
0.283820360898972,-0.189563855528831,1.57491564750671,-0.161910891532898,3.27783781290054,-1.29929402470589
0.285416930913925,-0.194307714700699,1.56115186214447,-0.132303953170776,3.27365344762802,-1.29815024137497
0.26562674343586,-0.190322235226631,1.57578191161156,-0.113638460636139,3.16954237222671,-1.25557187199593
0.267804145812988,-0.193985089659691,1.53073710203171,-0.119835883378983,3.13756197690964,-1.28374642133713
0.268421769142151,-0.192998334765434,1.51318573951721,-0.126401394605637,3.12371635437012,-1.28439140319824
0.267885997891426,-0.201618850231171,1.50034365057945,-0.094425439834595,3.10765963792801,-1.30413854122162
0.267580449581146,-0.205222010612488,1.4833297431469,-0.08323934674263,3.08881244063377,-1.31457141041756
0.236312061548233,-0.195509314537048,1.50582987070084,-0.080451637506485,2.92370223999023,-1.25350752472878
0.236453145742416,-0.192325174808502,1.49143183231354,-0.095669001340866,2.91015070676804,-1.24962005019188
0.23575285077095,-0.200139880180359,1.48115792870522,-0.067131668329239,2.89567503333092,-1.26797094941139
0.236130446195602,-0.198439121246338,1.46671578288078,-0.076421797275543,2.8834984600544,-1.26705652475357
0.212753981351852,-0.187524914741516,1.47700807452202,-0.089878767728806,2.75353196263313,-1.2150282561779
0.213040754199028,-0.198655068874359,1.46345272660255,-0.047936975955963,2.74169725179672,-1.23986738920212
0.202984109520912,-0.196832150220871,1.46819588541985,-0.034324482083321,2.68610054254532,-1.21531738340855
0.204560250043869,-0.200479447841644,1.44136549532413,-0.03045965731144,2.66872699558735,-1.23333634436131
0.206608131527901,-0.204336225986481,1.42579989135265,-0.010562315583229,2.66544868052006,-1.23657967150211
0.190086200833321,-0.201101779937744,1.42790670692921,-0.00945545732975,2.56842391192913,-1.21606613695622
0.195118814706802,-0.204979345202446,1.40387882292271,0.012308165431023,2.57459171116352,-1.21756790578365
0.19766554236412,-0.205055877566338,1.38650700449944,0.016890034079552,2.57250025868416,-1.21344523131847
0.198940336704254,-0.213411509990692,1.37882794439793,0.058492824435234,2.57246996462345,-1.22197623550892
0.200506448745728,-0.21731635928154,1.33222816884518,0.049663677811623,2.53526686131954,-1.25423447787762
0.201957792043686,-0.22104600071907,1.31057432293892,0.061050519347191,2.52232107520103,-1.26522548496723
0.170855492353439,-0.206641718745232,1.32631480693817,0.04326368868351,2.35144776105881,-1.19658662378788
0.16571655869484,-0.204300746321678,1.32463848590851,0.041524887084961,2.31893783807755,-1.18427959084511
0.159461721777916,-0.214502938091755,1.33261936903,0.093134075403214,2.28938969969749,-1.19388355314732
0.15472649037838,-0.212325893342495,1.31423400342464,0.080354392528534,2.24259294569492,-1.19360096752644
0.155291065573692,-0.205490402877331,1.29073157906532,0.057714655995369,2.22247797250748,-1.17522776126862
0.154522702097893,-0.215970605611801,1.27924528717995,0.096288457512856,2.2063814997673,-1.19953517615795
0.144784942269325,-0.215900778770447,1.28544166684151,0.106365665793419,2.15415132045746,-1.18903900682926
0.145888447761536,-0.216589391231537,1.27941699326038,0.113337382674217,2.1547476798296,-1.186198964715
0.13674259185791,-0.212681964039802,1.26666157692671,0.099195003509522,2.08711712807417,-1.17689678072929
0.139255046844482,-0.209761992096901,1.24260695278645,0.084105826914311,2.07813723385334,-1.1744661256671
0.140917301177979,-0.208567932248116,1.22225840389729,0.075939044356346,2.06776221096516,-1.17546854913235
0.127620398998261,-0.202956810593605,1.22185617685318,0.066955424845219,1.98757857084274,-1.15078543871641
0.131764262914658,-0.201028719544411,1.19176051020622,0.05590569972992,1.98234608769417,-1.15026661753654
0.131185218691826,-0.223355129361153,1.2111399024725,0.146930709481239,1.99825121462345,-1.19320006668568
0.133159786462784,-0.226875834167004,1.20187433063984,0.165168568491936,2.00083304941654,-1.19608643651009
0.118023678660393,-0.223293788731098,1.20951326563954,0.175767734646797,1.9176553376019,-1.16399499773979
0.119976073503494,-0.226922798901796,1.17813538759947,0.175004258751869,1.89799182862043,-1.18653253465891
0.121936395764351,-0.230494260787964,1.15739957615733,0.185864996165037,1.88901795074344,-1.19710056856275
0.123601943254471,-0.233400769531727,1.15297126397491,0.202622931450605,1.89458292350173,-1.19778168573976
0.125060185790062,-0.235801123082638,1.13241830654442,0.204128563404083,1.88277942128479,-1.21067817509174
0.127030715346336,-0.234880827367306,1.11213456839323,0.19706279784441,1.87431886047125,-1.21222216635942
0.101840302348137,-0.225311391055584,1.13413431961089,0.18723613768816,1.74517613369972,-1.16463220864534
0.103945702314377,-0.232989303767681,1.12461706902832,0.222419507801533,1.74829128291458,-1.17551631480455
0.105039119720459,-0.234815798699856,1.11950327584054,0.234083779156208,1.7497379941633,-1.17481101304293
0.106541335582733,-0.23285224288702,1.09379477286711,0.212895844131708,1.73304278636351,-1.18421761319041
0.090699315071106,-0.22739564627409,1.09783707000315,0.204087200574577,1.64203296042979,-1.16028667706996
0.091746777296066,-0.232739275321364,1.09877131413668,0.231261010281742,1.64925197791308,-1.16517464164644
0.085265845060349,-0.227740144357085,1.08913697302341,0.211846665944904,1.60073204338551,-1.15459420019761
0.085592404007912,-0.2315827999264,1.07655921578407,0.223956193774939,1.59011363983154,-1.16554060578346
0.079474166035652,-0.226768890395761,1.07827686425298,0.212132985703647,1.5551218604669,-1.14848035667092
0.075758054852486,-0.225676873698831,1.07101617008448,0.207883919589221,1.52556449919939,-1.14617732260376
0.077408224344254,-0.2303376654163,1.0697187744081,0.232807508669794,1.53416812047362,-1.14921848382801
0.078550338745117,-0.231168727390468,1.06532753258944,0.240408747456968,1.53662956506014,-1.14660361688584
0.069139361381531,-0.228950527030975,1.05372217297554,0.22845908626914,1.46855834126472,-1.14524407591671
0.07052655518055,-0.229653191170655,1.04859744757414,0.235653724055737,1.47175677865744,-1.14226542296819
0.063504710793495,-0.22788248618599,1.04453887790442,0.227720802184194,1.42556714266539,-1.13957411493175
0.066480576992035,-0.229687626007944,1.02238525822759,0.231811420992017,1.4212687201798,-1.14631433505565
0.0685293674469,-0.227591986302286,1.0198044963181,0.230437653139234,1.4309807009995,-1.13511426467448
0.07051619887352,-0.225452477578074,1.00151205807924,0.216306468471885,1.42460925132036,-1.13640839699656
0.072413146495819,-0.223432237748057,0.984041035175324,0.205123057588935,1.41851991415024,-1.13547036889941
0.072555616497994,-0.232808208093047,0.973726123571396,0.239611968398094,1.40905982255936,-1.15723728016019
0.053692296147347,-0.229114538058639,0.997973769903183,0.247436091303825,1.32012754678726,-1.12725113704801
0.055108726024628,-0.229467285797,0.977643795311451,0.241024143993854,1.30829615145922,-1.13577957078815
0.056971609592438,-0.227176619693637,0.970141969621182,0.234696373343468,1.31197162717581,-1.12836334481835
0.057969152927399,-0.230216320604086,0.961644999682903,0.246465384960175,1.3094599172473,-1.13483253866434
0.059412240982056,-0.230682173743844,0.95645485073328,0.25248508900404,1.31292829662561,-1.13160795345902
0.044950768351555,-0.229074351489544,0.957101687788963,0.247629031538963,1.22680629789829,-1.1268170773983
0.046782776713371,-0.227637521922588,0.940792545676231,0.238923825323582,1.22148920595646,-1.12690130621195
0.047909513115883,-0.23102717846632,0.936152942478657,0.253727748990059,1.22361002117395,-1.13243532180786
0.049602523446083,-0.231665998697281,0.920705251395702,0.253404922783375,1.2183203920722,-1.13659106940031
0.037256941199303,-0.232816778123379,0.925661683082581,0.259077310562134,1.1492033302784,-1.13782335817814
0.037805497646332,-0.231781210750341,0.92448054254055,0.264005109667778,1.15131352841854,-1.12668215483427
0.039558738470078,-0.232203874737024,0.918459832668304,0.270009055733681,1.15581226348877,-1.12321419268847
0.035580769181252,-0.232405751943588,0.900219894945622,0.25981692969799,1.11370451003313,-1.13461758196354
0.036740556359291,-0.233027167618275,0.895613238215447,0.264134302735329,1.11605657637119,-1.13402870297432
0.037890270352364,-0.233597151935101,0.886623404920101,0.265847235918045,1.11396502703428,-1.13573567569256
0.039112627506256,-0.234127223491669,0.873794980347157,0.265243098139763,1.10847074538469,-1.13952024281025
0.040444016456604,-0.234851062297821,0.868154913187027,0.269747823476791,1.11081901192665,-1.13935855031013
0.027109444141388,-0.234900146722794,0.877814814448357,0.269644275307655,1.04047147929668,-1.13975660502911
0.030225411057472,-0.235941864550114,0.857687965035438,0.27113288640976,1.03904043138027,-1.14451830089092
0.032097771763802,-0.234205193817615,0.842625305056572,0.261539191007614,1.03521193563938,-1.14369197189808
0.026500448584557,-0.23346570879221,0.847288623452187,0.261854752898216,1.00629131495953,-1.13893949985504
0.027240425348282,-0.238676473498344,0.840578347444534,0.282525196671486,1.00402089953423,-1.14953364431858
0.028543889522553,-0.239343091845512,0.831819862127304,0.284941107034683,1.00308319926262,-1.15111744403839
0.029801264405251,-0.23988152295351,0.823174595832825,0.286829948425293,1.00198218226433,-1.15245918929577
0.031065478920937,-0.24039851129055,0.81103228032589,0.286357641220093,0.997425153851509,-1.15603342652321
0.032551378011704,-0.241009794175625,0.805406451225281,0.291298657655716,1.0007147192955,-1.15476010739803
0.03395713865757,-0.241841711103916,0.79280312359333,0.292065784335136,0.99654595553875,-1.15898448228836
0.035212278366089,-0.242533192038536,0.791392400860786,0.300507679581642,1.00266607105732,-1.15469147264957
0.016856610774994,-0.245459273457527,0.799293145537376,0.297325104475021,0.90043281018734,-1.17543053627014
0.013960480690003,-0.249851658940315,0.808026194572449,0.319471955299377,0.891789078712463,-1.17963799834251
0.019141405820847,-0.245909944176674,0.777111366391182,0.297686710953712,0.891959801316261,-1.17777295410633
0.020080015063286,-0.248450145125389,0.773565292358398,0.310519799590111,0.894045382738113,-1.18018107116222
0.016997918486595,-0.249638400971889,0.767237037420273,0.311407834291458,0.869224548339844,-1.18642257153988
0.018311604857445,-0.248954504728317,0.757346019148827,0.308621942996979,0.867215648293495,-1.18510508537292
0.019502490758896,-0.247963756322861,0.750409722328186,0.305302202701569,0.867424666881561,-1.1824803352356
0.021685034036636,-0.247051507234573,0.742410093545914,0.302595645189285,0.872520297765732,-1.17971339821816
0.019544720649719,-0.247731313109398,0.74373996257782,0.307893127202988,0.861008286476135,-1.1784947514534
0.022961497306824,-0.245695427060127,0.730191349983215,0.302937060594559,0.867960333824158,-1.1712355017662
0.024695843458176,-0.244684919714928,0.723133623600006,0.295199573040009,0.87130868434906,-1.17290994524956
0.026422142982483,-0.243911042809486,0.715985581278801,0.293071299791336,0.874518439173698,-1.17039495706558
0.022938340902329,-0.243676468729973,0.714614659547806,0.289944633841515,0.852244704961777,-1.17211417853832
0.024876534938812,-0.243409022688866,0.707191213965416,0.292425915598869,0.85645042359829,-1.16802822053432
0.026505991816521,-0.242785260081291,0.699549302458763,0.289050102233887,0.858585253357887,-1.16766145825386
0.023540705442429,-0.243741206824779,0.699010998010635,0.290198653936386,0.840255230665207,-1.17224858701229
0.026713192462921,-0.241931214928627,0.688839450478554,0.286983102560043,0.849118605256081,-1.16460418701172
0.028244078159332,-0.240734681487083,0.679228067398071,0.280971348285675,0.848692536354065,-1.16343674063683
0.025213420391083,-0.24189718067646,0.67878495156765,0.280993789434433,0.830065473914146,-1.17038929462433
0.028424799442291,-0.240873590111732,0.671543642878532,0.284067198634148,0.84209243953228,-1.16117434203625
0.030024290084839,-0.239620938897133,0.662491142749786,0.277826175093651,0.84263688325882,-1.15989945828915
0.032721102237702,-0.238591238856316,0.649375781416893,0.274422213435173,0.845702394843102,-1.15712521970272
0.02970677614212,-0.240497693419456,0.649204477667809,0.273642048239708,0.827445134520531,-1.16934411227703
0.033424019813538,-0.238356426358223,0.642604291439056,0.275524169206619,0.843148410320282,-1.15461438894272
0.03490936756134,-0.237109258770943,0.636633157730103,0.272499293088913,0.846089363098145,-1.15015625953674
0.037295758724213,-0.23616374284029,0.627591073513031,0.272307991981506,0.851365625858307,-1.14467446506023
0.038675308227539,-0.235065318644047,0.618708074092865,0.265355169773102,0.850759923458099,-1.14503674209118
0.040450125932694,-0.233202271163464,0.608861818909645,0.25716495513916,0.851562574505806,-1.14204867184162
0.037048280239105,-0.234864257276058,0.609406694769859,0.255903452634811,0.831696376204491,-1.15328209102154
0.039838969707489,-0.232048697769642,0.606107696890831,0.256762534379959,0.845141515135765,-1.13552965223789
0.040502458810806,-0.231744803488255,0.600384443998337,0.254386842250824,0.843399196863174,-1.1360819786787
0.041750520467758,-0.229794330894947,0.595712184906006,0.249835312366486,0.846215307712555,-1.1289306730032
0.042978703975678,-0.228168621659279,0.591110318899155,0.246472030878067,0.84898254275322,-1.12253969907761
0.044669777154923,-0.226513639092445,0.58050873875618,0.23710823059082,0.848527401685715,-1.12197360396385
0.046186208724976,-0.225405141711235,0.571629494428635,0.232175678014755,0.848746746778488,-1.12025517225266
0.047252625226975,-0.22345544397831,0.572025388479233,0.2327601313591,0.85554113984108,-1.10797253251076
0.046614617109299,-0.22692184150219,0.57192300260067,0.238456189632416,0.851610705256462,-1.12307485938072
0.049025148153305,-0.224933996796608,0.561571508646011,0.23278334736824,0.855722397565842,-1.11682063341141
0.050228238105774,-0.2238460034132,0.553707838058472,0.228176563978195,0.855077266693115,-1.11489945650101
0.05155274271965,-0.222788229584694,0.54524028301239,0.223874390125275,0.854556739330292,-1.11285498738289
0.053881913423538,-0.22448955476284,0.547712504863739,0.234197407960892,0.871003985404968,-1.11273992061615
0.056432992219925,-0.222654357552528,0.535887882113457,0.228574395179749,0.874485835433006,-1.10735175013542
0.05520710349083,-0.221498623490334,0.541921749711037,0.223107099533081,0.873164370656014,-1.10588464140892
0.05553862452507,-0.221585944294929,0.539828732609749,0.22244194149971,0.87306047976017,-1.10707372426987
0.059460267424584,-0.218875400722027,0.528293654322624,0.215907126665115,0.885055258870125,-1.09734527766705
0.060683444142342,-0.218004964292049,0.523661449551582,0.215491741895676,0.887762114405632,-1.09253804385662
0.06126081943512,-0.216402627527714,0.521669879555702,0.212235897779465,0.88923479616642,-1.08617986738682
0.062619984149933,-0.217905826866627,0.513796508312225,0.211972057819366,0.889516413211823,-1.09546290338039
0.064900666475296,-0.216079957783222,0.501780241727829,0.204605460166931,0.891184240579605,-1.0918742865324
0.065920293331146,-0.215133525431156,0.494630634784699,0.200867563486099,0.890152394771576,-1.08993358910084
0.067038118839264,-0.214127607643604,0.487122818827629,0.196887105703354,0.889351531863213,-1.08787854015827
0.066583573818207,-0.211333744227886,0.496885403990746,0.198876529932022,0.896386846899986,-1.0691259354353
0.067827165126801,-0.210419826209545,0.48774579167366,0.194983780384064,0.894708782434464,-1.06753517687321
0.072052955627441,-0.212264142930508,0.484416723251343,0.202583968639374,0.916734457015991,-1.07100088894367
0.072947204113007,-0.212090991437435,0.480303838849068,0.203101545572281,0.917987063527107,-1.06944440305233
0.07370263338089,-0.211980544030666,0.476414665579796,0.203340202569962,0.918630465865135,-1.06854306161404
0.078010201454163,-0.208437643945217,0.460978701710701,0.196752190589905,0.929039910435677,-1.0538736730814
0.079900860786438,-0.208293460309505,0.459359899163246,0.199434995651245,0.938765063881874,-1.05032576620579
0.078451424837113,-0.203555628657341,0.465578868985176,0.184567183256149,0.936287418007851,-1.0367665886879
0.079442650079727,-0.202927336096764,0.460298791527748,0.184926867485046,0.936954692006111,-1.03263714909554
0.082347065210343,-0.200991466641426,0.45625527203083,0.185733884572983,0.950337663292885,-1.02021491527557
0.083743363618851,-0.201260969042778,0.449569955468178,0.189777225255966,0.952030137181282,-1.0177885890007
0.080610558390617,-0.20176138728857,0.460586711764336,0.194309949874878,0.94425006210804,-1.01625837385654
0.080402940511704,-0.20215543359518,0.461934581398964,0.199312150478363,0.944352224469185,-1.01362045109272
0.080320492386818,-0.202556245028973,0.459571316838264,0.205376446247101,0.941494271159172,-1.00996102392674
0.085346356034279,-0.199583888053894,0.455528438091278,0.205822855234146,0.967606574296951,-0.991680473089218
0.08605220913887,-0.20047302544117,0.451241418719292,0.211485832929611,0.967554673552513,-0.991352319717407
0.086073666810989,-0.200459010899067,0.450272157788277,0.213827431201935,0.966714158654213,-0.988926634192467
0.086256369948387,-0.200445748865604,0.449180737137795,0.215743780136108,0.966718956828117,-0.986930713057518
0.089175209403038,-0.200761385262012,0.44261622428894,0.221438556909561,0.977667480707169,-0.983129754662514
0.088840842247009,-0.201106391847134,0.443241566419601,0.224682331085205,0.976286619901657,-0.981956019997597
0.090661853551865,-0.199944205582142,0.439726054668427,0.228175669908524,0.983697175979614,-0.971489563584328
0.09082068502903,-0.199360936880112,0.439221084117889,0.230312675237656,0.984145194292068,-0.965852946043014
0.091845408082008,-0.198845833539963,0.436413913965225,0.233325183391571,0.987486362457275,-0.959749817848206
0.09128101170063,-0.198836535215378,0.438724935054779,0.235404670238495,0.98641100525856,-0.957614541053772
0.093858316540718,-0.197262674570084,0.433028995990753,0.238062188029289,0.996178895235062,-0.945513859391212
0.091767519712448,-0.196240417659283,0.440485745668411,0.236051723361015,0.9910908639431,-0.941390782594681
0.093171641230583,-0.195011138916016,0.441260665655136,0.235730215907097,1.00029051303864,-0.934336617588997
0.094049319624901,-0.194716721773148,0.440471202135086,0.237396821379662,1.00476711988449,-0.930903509259224
0.094136491417885,-0.192904323339462,0.434767365455627,0.237430527806282,0.999586313962936,-0.919995412230491
0.09432278573513,-0.192440718412399,0.432484835386276,0.239182651042938,0.998421549797058,-0.915461659431458
0.09740324318409,-0.190999150276184,0.426626354455948,0.240412697196007,1.01104581356049,-0.905582204461098
0.09803406894207,-0.190934479236603,0.42243966460228,0.244141146540642,1.0106440782547,-0.901465728878975
0.098887488245964,-0.19121441245079,0.417094647884369,0.249686986207962,1.01041957736015,-0.89759948849678
0.096052214503288,-0.18750474601984,0.437114089727402,0.243722796440124,1.01342737674713,-0.881305679678917
0.096691951155663,-0.188506886363029,0.433523893356323,0.250140130519867,1.0136756002903,-0.88090118765831
0.096488699316979,-0.189067021012306,0.432778805494309,0.25410583615303,1.01171100139618,-0.880296289920807
0.09647361934185,-0.189488910138607,0.426310330629349,0.263026833534241,1.00515204668045,-0.873906627297401
0.0964035987854,-0.189879305660725,0.424386918544769,0.267730250954628,1.00280851125717,-0.87154558300972
0.100907266139984,-0.18699137121439,0.419284880161285,0.26910312473774,1.02472847700119,-0.852845102548599
0.101164877414703,-0.186895348131657,0.417407691478729,0.270755276083946,1.02439695596695,-0.850616812705994
0.102632224559784,-0.186253555119038,0.411062300205231,0.275293439626694,1.02685564756393,-0.842227891087532
0.100040197372437,-0.184199325740337,0.419274300336838,0.269394025206566,1.01951548457146,-0.835801929235458
0.099100425839424,-0.183102563023567,0.42278715968132,0.269338071346283,1.01738971471787,-0.82927730679512
0.098312273621559,-0.182187609374523,0.425881296396256,0.267324298620224,1.01575493812561,-0.825801357626915
0.097389608621597,-0.181492403149605,0.428995162248611,0.265558749437332,1.0133328139782,-0.823395669460297
0.096527114510536,-0.180654846131802,0.433183610439301,0.26459988951683,1.01234629750252,-0.819329187273979
0.096441015601158,-0.179965697228909,0.433753848075867,0.263588488101959,1.01239994168282,-0.816205695271492
0.102718099951744,-0.175898902118206,0.421823054552078,0.26489645242691,1.03813165426254,-0.790496960282326
0.099902808666229,-0.17484100908041,0.43319097161293,0.262440770864487,1.03260782361031,-0.786605283617973
0.099200233817101,-0.174452856183052,0.433148205280304,0.262173280119896,1.02834960818291,-0.784543856978416
0.101991757750511,-0.172142669558525,0.429244011640549,0.262227416038513,1.04119455814362,-0.770628601312637
0.101496860384941,-0.172199621796608,0.430670201778412,0.264065027236938,1.03965136408806,-0.769132703542709
0.102413550019264,-0.172834530472755,0.423362195491791,0.267700836062431,1.03784349560738,-0.769306346774101
0.105048552155495,-0.170287922024727,0.418991088867188,0.26683335006237,1.04928240180016,-0.754894182085991
0.104362398386002,-0.172619074583054,0.416933685541153,0.277242511510849,1.04310807585716,-0.758471935987473
0.105919450521469,-0.171133279800415,0.412095844745636,0.277078554034233,1.04761254787445,-0.749721124768257
0.106732040643692,-0.170244514942169,0.410122454166412,0.278225585818291,1.05051469802856,-0.743241503834724
0.10760024189949,-0.169267237186432,0.406175464391708,0.278273046016693,1.05177691578865,-0.737330377101898
0.108458131551743,-0.16787788271904,0.403063505887985,0.27759250998497,1.05381229519844,-0.729674786329269
0.110456377267838,-0.168794453144074,0.392997890710831,0.281855821609497,1.05573615431786,-0.730910897254944
0.105274349451065,-0.169940128922462,0.412464529275894,0.290475964546204,1.04411062598228,-0.729164808988571
0.104223102331162,-0.169600903987885,0.415871500968933,0.290007382631302,1.0412101149559,-0.727598041296005
0.106737017631531,-0.162887364625931,0.416370928287506,0.286872982978821,1.05679303407669,-0.690451204776764
0.107589602470398,-0.161483198404312,0.415319174528122,0.287513315677643,1.06085678935051,-0.68138587474823
0.108399927616119,-0.160077005624771,0.405434638261795,0.283323884010315,1.05583420395851,-0.677138149738312
0.108344882726669,-0.156452149152756,0.405054837465286,0.273838102817535,1.0551241338253,-0.664874792098999
0.109074383974075,-0.155229806900024,0.403626322746277,0.274140149354935,1.05807262659073,-0.657238692045212
0.104883819818497,-0.15588042140007,0.419710099697113,0.278327882289886,1.04901301860809,-0.656954646110535
0.106460899114609,-0.152658551931381,0.416846483945847,0.276432603597641,1.0556118786335,-0.639518707990646
0.107239216566086,-0.150982111692429,0.410007685422897,0.277316093444824,1.05344298481941,-0.628576576709747
0.104619830846787,-0.152198515832424,0.416841000318527,0.284582242369652,1.04455998539925,-0.628608852624893
0.105140268802643,-0.14926140755415,0.416521966457367,0.283769279718399,1.04736357927322,-0.611799165606499
0.105744421482086,-0.147585354745388,0.413240551948547,0.283176243305206,1.04770708084106,-0.602335885167122
0.10629153251648,-0.145695172250271,0.410075157880783,0.282469108700752,1.04782435297966,-0.591701924800873
0.107792407274246,-0.147615216672421,0.39774090051651,0.293236657977104,1.04449534416199,-0.592454642057419
0.104389041662216,-0.14974071085453,0.407733529806137,0.303548887372017,1.03406777977943,-0.594895377755165
0.104179531335831,-0.150864392518997,0.406313180923462,0.309314668178558,1.03139036893845,-0.595871686935425
0.106787025928497,-0.144076883792877,0.397094517946243,0.306972473859787,1.03781667351723,-0.557488828897476
0.105800300836563,-0.14571724832058,0.398861408233643,0.315019398927689,1.03366321325302,-0.559284090995789
0.10670867562294,-0.14193569123745,0.393771052360535,0.314117968082428,1.03402310609818,-0.53749617934227
0.108059406280518,-0.142592087388039,0.386332958936691,0.318568676710129,1.0346893966198,-0.536983847618103
0.109237492084503,-0.139157637953758,0.381986677646637,0.318342715501785,1.03741163015366,-0.516603112220764
0.106902480125427,-0.139691971242428,0.391636669635773,0.327577322721481,1.03305155038834,-0.510574504733086
0.107343345880508,-0.139448009431362,0.387086510658264,0.328353077173233,1.03114658594131,-0.50833497941494
0.107070714235306,-0.137308523058891,0.389989584684372,0.331808775663376,1.03241387009621,-0.492042362689972
0.107028901576996,-0.136292539536953,0.389040410518646,0.335520952939987,1.03121381998062,-0.482234284281731
0.106397092342377,-0.134574316442013,0.389947533607483,0.330652862787247,1.02833008766174,-0.47679303586483
0.106069803237915,-0.134245775640011,0.389270007610321,0.330328568816185,1.02568882703781,-0.47514608502388
0.105820268392563,-0.13392149657011,0.388095378875732,0.330011770129204,1.02301698923111,-0.473517209291458
0.105469226837158,-0.133619092404842,0.387425661087036,0.330815449357033,1.02024102210999,-0.470899105072022
0.107367157936096,-0.124836795032024,0.382109224796295,0.323436543345451,1.02631217241287,-0.425584226846695
0.107907712459564,-0.123421989381313,0.379510819911957,0.32260674238205,1.02695709466934,-0.41792519390583
0.102680236101151,-0.126630924642086,0.398343652486801,0.336115896701813,1.0144250690937,-0.423669651150703
0.102068156003952,-0.127138569951057,0.398176521062851,0.340128004550934,1.01058545708656,-0.422703415155411
0.101572036743164,-0.127393983304501,0.397299498319626,0.342579916119575,1.00673171877861,-0.421783983707428
0.103495240211487,-0.122061714529991,0.396116852760315,0.341577485203743,1.01708829402924,-0.390792801976204
0.103883862495422,-0.121512964367867,0.391331493854523,0.342131599783897,1.01463466882706,-0.386946186423302
0.104278653860092,-0.121258661150932,0.387656688690186,0.342755973339081,1.01332861185074,-0.384795993566513
0.10386735200882,-0.118210218846798,0.391989797353745,0.348439693450928,1.01519390940666,-0.36082161962986
0.104609310626984,-0.118719711899757,0.387595057487488,0.352761417627335,1.01525092124939,-0.35955685377121
0.104957491159439,-0.119501627981663,0.382189691066742,0.35813407599926,1.01193463802338,-0.358875691890717
0.10571625828743,-0.114554055035114,0.379276782274246,0.353872671723366,1.01357433199883,-0.33345165848732
0.104470491409302,-0.11387025564909,0.381918340921402,0.357770249247551,1.00874128937721,-0.325451284646988
0.10538724064827,-0.115739703178406,0.376493901014328,0.366129621863365,1.00881734490395,-0.328308597207069
0.105081737041473,-0.116506733000278,0.375961571931839,0.370177492499351,1.00645199418068,-0.328862905502319
0.10476616024971,-0.117234393954277,0.375612914562225,0.373989209532738,1.00420987606049,-0.329417154192924
0.105100154876709,-0.117307052016258,0.365403115749359,0.374467119574547,0.996004045009613,-0.329375192523003
0.106698036193848,-0.109493598341942,0.361274987459183,0.366392701864243,1.00146320462227,-0.290568888187408
0.104114770889282,-0.111145973205566,0.369566082954407,0.373887747526169,0.9942547082901,-0.29298809170723
0.104075878858566,-0.110945194959641,0.365307480096817,0.374098420143127,0.989762753248215,-0.291572749614716
0.102374970912933,-0.106212347745895,0.371870040893555,0.371234685182571,0.986119866371155,-0.266039401292801
0.101090461015701,-0.106061890721321,0.376315236091614,0.371153324842453,0.982858002185822,-0.265218019485474
0.100549161434174,-0.105547472834587,0.373333930969238,0.371538877487183,0.97662889957428,-0.26174595952034
0.099950850009918,-0.100153729319572,0.374259799718857,0.367427289485931,0.973964899778366,-0.233495086431503
0.099419862031937,-0.099604621529579,0.374683290719986,0.366733700037003,0.971202462911606,-0.230894029140472
0.098939836025238,-0.099109664559364,0.374771654605865,0.365597158670425,0.968410670757294,-0.22906082868576
0.095941841602326,-0.096793487668037,0.388637840747833,0.373373180627823,0.964288890361786,-0.207387745380402
0.094247609376907,-0.096340328454971,0.393421173095703,0.372468635439873,0.958906829357147,-0.205573335289955
0.093836128711701,-0.09587487578392,0.393168181180954,0.37143038213253,0.956184953451157,-0.203818872570992
0.093438982963562,-0.090772330760956,0.393757820129395,0.367512360215187,0.954391717910767,-0.177121624350548
0.091218799352646,-0.092201374471188,0.402132034301758,0.373913004994392,0.949444830417633,-0.179295241832733
0.090162247419357,-0.089265711605549,0.40082374215126,0.374960362911224,0.941797226667404,-0.160633906722069
0.09011909365654,-0.087832100689411,0.398800581693649,0.374350890517235,0.939515143632889,-0.152641713619232
0.088786751031876,-0.087394997477532,0.401975035667419,0.377576142549515,0.934695541858673,-0.146793842315674
0.088690847158432,-0.0860366076231,0.400238901376724,0.377384006977081,0.932383984327316,-0.13883563876152
0.089582353830338,-0.08789749443531,0.39530748128891,0.385728538036346,0.932801604270935,-0.141656428575516
0.089346259832382,-0.085114166140556,0.391328603029251,0.384553223848343,0.927406162023544,-0.126131772994995
0.090897083282471,-0.084815666079521,0.383202433586121,0.388113349676132,0.928584933280945,-0.120780646800995
0.091831535100937,-0.085371598601341,0.37426295876503,0.392165631055832,0.925252169370651,-0.120063960552216
0.090410113334656,-0.087889537215233,0.376617401838303,0.403579503297806,0.919078081846237,-0.123757719993591
0.091387212276459,-0.084617391228676,0.371274530887604,0.402628809213638,0.919597804546356,-0.105075538158417
0.092014491558075,-0.084991082549095,0.363987892866135,0.405482441186905,0.916074842214584,-0.104464054107666
0.092237949371338,-0.082440063357353,0.361695140600205,0.404116421937943,0.915122836828232,-0.090523958206177
0.092395901679993,-0.080789372324944,0.357785373926163,0.404215648770332,0.912160784006119,-0.080520585179329
0.092873752117157,-0.080712959170342,0.353607445955276,0.405563071370125,0.910849958658218,-0.078714683651924
0.092414498329163,-0.076823636889458,0.353769868612289,0.40174075961113,0.908256858587265,-0.059201061725617
0.092264294624329,-0.075097188353539,0.352381765842438,0.401034280657768,0.905967533588409,-0.049548849463463
0.090710043907166,-0.072330251336098,0.356222778558731,0.397420808672905,0.900483042001724,-0.036560699343681
0.085937112569809,-0.076409213244915,0.373043894767761,0.420499891042709,0.888666570186615,-0.037955388426781
0.084316939115524,-0.07603495568037,0.377920538187027,0.420556575059891,0.883822172880173,-0.035653159022331
0.083372861146927,-0.072514913976193,0.377182692289352,0.418656781315804,0.877419859170914,-0.016432702541351
0.081484466791153,-0.072883352637291,0.384300410747528,0.422251924872398,0.873207211494446,-0.015048190951347
0.080993324518204,-0.072370782494545,0.383425295352936,0.422364428639412,0.869385242462158,-0.011860266327858
0.080522805452347,-0.071971461176872,0.383595377206802,0.422041937708855,0.866732209920883,-0.009786829352379
0.078677207231522,-0.065154060721397,0.383824050426483,0.4171152561903,0.855887293815613,0.026190891861916
0.077958643436432,-0.064185366034508,0.384893774986267,0.414797574281693,0.852645635604858,0.029685378074646
0.075349062681198,-0.064496085047722,0.391130089759827,0.428613975644112,0.843224465847015,0.041637465357781
0.074405610561371,-0.063546881079674,0.394434660673141,0.425818398594856,0.840868324041367,0.044537112116814
0.073356032371521,-0.060034021735191,0.392728716135025,0.424526065587997,0.832864910364151,0.064321935176849
0.072735011577606,-0.058262810111046,0.39146101474762,0.424173563718796,0.827871084213257,0.074596703052521
0.072004914283753,-0.060707658529282,0.392685800790787,0.43525455892086,0.824715286493301,0.071008607745171
0.072480440139771,-0.061687707901001,0.389819949865341,0.442745521664619,0.824702590703964,0.072619274258614
0.070229053497315,-0.055671632289887,0.389160007238388,0.438419371843338,0.810534328222275,0.104389578104019
0.071965157985687,-0.056373059749603,0.378733515739441,0.443176761269569,0.810524463653564,0.10493840277195
0.072445213794708,-0.059400394558907,0.375497907400131,0.455974131822586,0.810169190168381,0.099571764469147
0.071057945489884,-0.054050043225288,0.371528148651123,0.453097939491272,0.797875821590424,0.128797680139542
0.071057945489884,-0.054050043225288,0.36959844827652,0.454999327659607,0.79594612121582,0.130699068307877
0.071057945489884,-0.054050043225288,0.369155168533325,0.455692172050476,0.795502841472626,0.131391912698746
0.072196155786514,-0.060493260622025,0.352146089076996,0.488807275891304,0.785323023796081,0.125847712159157
0.071569681167603,-0.060809820890427,0.354389488697052,0.491400107741356,0.783807575702667,0.126541182398796
0.063784509897232,-0.044433385133743,0.360440284013748,0.47639325261116,0.743147343397141,0.209792941808701
0.062327384948731,-0.043724849820137,0.363157480955124,0.480708777904511,0.737121790647507,0.218359678983688
0.061155438423157,-0.042242795228958,0.362512111663818,0.483304128050804,0.729444742202759,0.229847356677055
0.060628712177277,-0.042539969086647,0.364120751619339,0.486232712864876,0.727893024682999,0.230992898344994
0.059979319572449,-0.039668813347817,0.361095070838928,0.485576808452606,0.720970988273621,0.247563928365707
0.060326904058457,-0.03904302418232,0.359534293413162,0.485316306352615,0.721495717763901,0.251058161258697
0.06097999215126,-0.036892250180245,0.35908317565918,0.484321802854538,0.724963128566742,0.262968301773071
0.060999006032944,-0.038089960813522,0.360300153493881,0.492733985185623,0.726294189691544,0.264194220304489
0.061641901731491,-0.037376612424851,0.356356352567673,0.492851912975311,0.726207762956619,0.268592238426208
0.062473624944687,-0.036742120981217,0.353875309228897,0.492194801568985,0.728717058897018,0.271742075681686
0.062697023153305,-0.037137120962143,0.354404181241989,0.495864033699036,0.730586320161819,0.273041307926178
0.069171786308289,-0.038949280977249,0.326303750276566,0.502432465553284,0.741334468126297,0.268736779689789
0.070165157318115,-0.039143562316895,0.320696353912354,0.503797829151154,0.741687297821045,0.268936455249786
0.072288811206818,-0.037049472332001,0.316999167203903,0.502192109823227,0.750732034444809,0.279895275831223
0.073593258857727,-0.039078831672669,0.310754209756851,0.510777473449707,0.752313762903214,0.276304483413696
0.07593759894371,-0.038419499993324,0.304565131664276,0.512272775173187,0.760190725326538,0.281755775213242
0.076845079660416,-0.03822423517704,0.302930563688278,0.512722343206406,0.764001041650772,0.283376932144165
0.078963160514832,-0.03886179625988,0.290843725204468,0.515368282794952,0.764622688293457,0.282197505235672
0.078952729701996,-0.039550945162773,0.28895115852356,0.518709436058998,0.762667536735535,0.281403765082359
0.078915178775787,-0.039575546979904,0.287045061588287,0.519736468791962,0.760536134243012,0.282283186912537
0.078857898712158,-0.039748638868332,0.285439312458038,0.521704897284508,0.758586704730987,0.283213064074516
0.081694155931473,-0.037366107106209,0.282969266176224,0.52048422396183,0.77313420176506,0.296287581324577
0.081533670425415,-0.036787703633309,0.281459987163544,0.521392792463303,0.770662009716034,0.300666570663452
0.080969572067261,-0.036073580384255,0.28524461388588,0.522060066461563,0.771062046289444,0.305618584156036
0.081328630447388,-0.035337045788765,0.282088547945023,0.52275800704956,0.770060330629349,0.310735732316971
0.079082101583481,-0.035313099622727,0.290654510259628,0.523083627223969,0.765147119760513,0.31120502948761
0.078103125095368,-0.035397693514824,0.295497596263885,0.523914873600006,0.76411634683609,0.311528712511063
0.077277332544327,-0.035130515694618,0.294883280992508,0.523488253355026,0.758547276258469,0.312705159187317
0.075955748558045,-0.035441190004349,0.300202310085297,0.525411456823349,0.755936801433563,0.312764316797257
0.077806115150452,-0.031990498304367,0.295289546251297,0.523080915212631,0.762126237154007,0.331137925386429
0.078312516212463,-0.031512707471848,0.293760180473328,0.524276658892632,0.763635277748108,0.335200414061546
0.075540810823441,-0.030993610620499,0.304853022098541,0.523166134953499,0.758097887039185,0.337204471230507
0.074669152498245,-0.030856981873512,0.30830517411232,0.523643776774406,0.756320089101791,0.338501885533333
0.074173480272293,-0.030573531985283,0.310658782720566,0.522876515984535,0.755699664354324,0.339435324072838
0.073401182889938,-0.030808359384537,0.314405679702759,0.524143233895302,0.754812777042389,0.339293077588081
0.072929590940476,-0.030623450875282,0.316609025001526,0.524251773953438,0.754186570644379,0.340511068701744
0.072543203830719,-0.030534952878952,0.318340867757797,0.524304702877998,0.753600090742111,0.341094985604286
0.072092235088348,-0.030437275767326,0.320056051015854,0.524681493639946,0.752609461545944,0.342057839035988
0.071633219718933,-0.030392453074455,0.32178857922554,0.524906769394875,0.751587897539139,0.342552050948143
0.075782984495163,-0.026384279131889,0.318870097398758,0.522552832961082,0.773568004369736,0.364247158169746
0.075519591569901,-0.025780126452446,0.308478266000748,0.524521872401238,0.761595815420151,0.369841113686562
0.076106756925583,-0.025674447417259,0.306136339902878,0.52513299882412,0.762776881456375,0.371086314320564
0.078166544437409,-0.026152774691582,0.296126335859299,0.528653264045715,0.765125602483749,0.371736615896225
0.078824788331986,-0.026525005698204,0.292569130659103,0.530462861061096,0.765517860651016,0.371312826871872
0.080335646867752,-0.026161640882492,0.290381103754044,0.531088873744011,0.772394984960556,0.374119028449059
0.082376211881638,-0.026554077863693,0.280943691730499,0.533421337604523,0.775200963020325,0.374096870422363
0.083205014467239,-0.026543229818344,0.278741598129272,0.534407049417496,0.777971684932709,0.375147670507431
0.08422064781189,-0.026867747306824,0.27407705783844,0.53589004278183,0.779400944709778,0.374683558940887
0.084988445043564,-0.027047798037529,0.269804328680038,0.537365049123764,0.779734998941422,0.37507826089859
0.085849732160568,-0.027260631322861,0.263599365949631,0.538730964064598,0.77869775891304,0.375167176127434
0.086707800626755,-0.027665913105011,0.259019196033478,0.540840595960617,0.779265999794006,0.374845117330551
0.087500125169754,-0.028091311454773,0.255207598209381,0.54276168346405,0.780208349227905,0.374213814735413
0.088154047727585,-0.02815081179142,0.25141841173172,0.543623477220535,0.780342698097229,0.374718606472015
0.088758319616318,-0.028419405221939,0.248368889093399,0.545190185308456,0.780918806791305,0.374673753976822
0.08949539065361,-0.028831884264946,0.243116438388824,0.548007801175118,0.780088782310486,0.375016495585442
0.092496126890183,-0.026185855269432,0.239315241575241,0.545689105987549,0.794292002916336,0.388573974370956
0.094280287623406,-0.026515856385231,0.231639564037323,0.548561826348305,0.797321289777756,0.389466688036919
0.09450738132,-0.026902794837952,0.230344712734222,0.550553917884827,0.797389000654221,0.389137148857117
0.094794034957886,-0.026838332414627,0.22835186123848,0.551214829087257,0.797116070985794,0.390184834599495
0.094149559736252,-0.024858176708222,0.228459239006042,0.549333661794663,0.793356597423553,0.400184601545334
0.094450086355209,-0.024578452110291,0.226541757583618,0.549686744809151,0.793242275714874,0.402216032147408
0.094073802232742,-0.023733019828796,0.22547522187233,0.549370661377907,0.789918035268784,0.406972542405129
0.091756448149681,-0.022879362106323,0.233932018280029,0.546510845422745,0.784470707178116,0.409234672784805
0.091050371527672,-0.022615998983383,0.235984891653061,0.546097218990326,0.782287120819092,0.410401225090027
0.08819192647934,-0.024543941020966,0.246399134397507,0.554489269852638,0.775550693273544,0.407225623726845
0.08750981092453,-0.021824538707733,0.248985439538956,0.554185315966606,0.774044305086136,0.423238083720207
0.086192339658737,-0.020989865064621,0.252194136381149,0.552678510546684,0.769348174333572,0.426739320158958
0.086692422628403,-0.020192414522171,0.251264095306396,0.552827313542366,0.771418631076813,0.43167282640934
0.084102720022202,-0.020396992564201,0.260560601949692,0.554699599742889,0.765176922082901,0.432317644357681
0.083236306905747,-0.02041007578373,0.264043480157852,0.555511772632599,0.763461321592331,0.433051317930222
0.082632839679718,-0.020532712340355,0.266421884298325,0.556715667247772,0.762218922376633,0.433519393205643
0.082550674676895,-0.020282551646233,0.264243364334106,0.557184800505638,0.759547412395477,0.435489490628243
0.082068204879761,-0.021041125059128,0.267054259777069,0.560780122876167,0.759463489055633,0.4345333725214
0.078943073749542,-0.016046732664108,0.269637763500214,0.556095138192177,0.743296205997467,0.459814742207527
0.079097092151642,-0.0156190097332,0.269507527351379,0.556862160563469,0.744090080261231,0.463148102164269
0.078988194465637,-0.015812680125237,0.269628167152405,0.558440014719963,0.743557333946228,0.463563933968544
0.079763680696488,-0.015738353133202,0.262978076934814,0.559790015220642,0.741560161113739,0.465359896421433
0.080069363117218,-0.016052022576332,0.260547161102295,0.562373012304306,0.740963339805603,0.466060876846314
0.081172466278076,-0.014785423874855,0.258891075849533,0.56145316362381,0.74592587351799,0.47274062037468
0.083077102899551,-0.014900013804436,0.249906539916992,0.562040448188782,0.748369157314301,0.472640365362167
0.083116143941879,-0.015045613050461,0.25085374712944,0.563495308160782,0.749550610780716,0.473221629858017
0.085261777043343,-0.01584342122078,0.242513090372086,0.565451577305794,0.754083752632141,0.470391049981117
0.086351588368416,-0.015973955392838,0.237149506807327,0.566001400351524,0.755259037017822,0.470157667994499
0.08642740547657,-0.014646738767624,0.236703872680664,0.564370974898338,0.755268305540085,0.476490542292595
0.088381946086884,-0.01488670706749,0.228741019964218,0.565380707383156,0.759032696485519,0.476060464978218
0.088100671768189,-0.013565689325333,0.227691769599914,0.563821226358414,0.756295800209045,0.482427090406418
0.090475201606751,-0.013883143663406,0.217985868453979,0.5648043602705,0.760837078094482,0.481505498290062
0.090263873338699,-0.015495091676712,0.218622982501984,0.570913136005402,0.76020622253418,0.477942585945129
0.091249600052834,-0.015575885772705,0.213807612657547,0.571250021457672,0.761305212974548,0.477794706821442
0.092059746384621,-0.015687733888626,0.210442423820496,0.571460038423538,0.76280090212822,0.477333635091782
0.092059746384621,-0.015687733888626,0.210726290941238,0.571074664592743,0.763084769248962,0.476948261260986
0.092994078993797,-0.015667170286179,0.205615520477295,0.571187257766724,0.763579994440079,0.477184236049652
0.091116413474083,-0.012451618909836,0.206103086471558,0.568221107125282,0.752801567316055,0.493511393666267
0.091062590479851,-0.01204189658165,0.205171763896942,0.568958133459091,0.751547306776047,0.496706753969193
0.087702572345734,-0.013148069381714,0.21869295835495,0.573942303657532,0.744908392429352,0.495053887367249
0.087005704641342,-0.012893944978714,0.219166994094849,0.573391631245613,0.741201221942902,0.496027961373329
0.086272478103638,-0.01261106133461,0.22203329205513,0.573274195194244,0.739668160676956,0.497607827186585
0.084778666496277,-0.013209879398346,0.228116750717163,0.576260626316071,0.736788749694824,0.497001349925995
0.081514537334442,-0.010407209396362,0.229420095682144,0.57393878698349,0.718507319688797,0.511495530605316
0.081003665924072,-0.009747326374054,0.228552103042603,0.573689624667168,0.714574098587036,0.515205666422844
0.080249488353729,-0.008934259414673,0.230636119842529,0.57395626604557,0.712133049964905,0.520350709557533
0.077214106917381,-0.009254440665245,0.242894142866135,0.575816109776497,0.706178784370422,0.520289465785027
0.075617834925652,-0.007650479674339,0.242311358451843,0.575151279568672,0.696018368005753,0.529248401522636
0.074644848704338,-0.006949797272682,0.245649486780167,0.57289907336235,0.693518579006195,0.531200289726257
0.074605047702789,-0.006712630391121,0.245396852493286,0.572268843650818,0.693027138710022,0.531993061304092
0.072003722190857,-0.004760339856148,0.248114138841629,0.57037079334259,0.680136471986771,0.541808754205704
0.072879016399384,-0.006828144192696,0.244794905185699,0.578636839985848,0.682069003582001,0.537667974829674
0.073899105191231,-0.007261127233505,0.240580707788467,0.580222830176353,0.683975338935852,0.536656066775322
0.072057411074638,-0.005505830049515,0.239211171865463,0.579959064722061,0.671555638313293,0.546924084424973
0.073066413402557,-0.005955964326859,0.234238147735596,0.581641852855682,0.67263662815094,0.545906066894531
0.071118593215942,-0.005167335271835,0.237482309341431,0.582040160894394,0.664193868637085,0.551036149263382
0.072677984833717,-0.004488587379456,0.229128062725067,0.581838250160217,0.665195971727371,0.554906725883484
0.073925942182541,-0.004417449235916,0.222600400447845,0.581809163093567,0.666156053543091,0.55530446767807
0.072444468736649,-0.003188997507095,0.223061859607697,0.58071069419384,0.657728672027588,0.561576709151268
0.073885202407837,-0.004481792449951,0.216335892677307,0.585857018828392,0.659647107124329,0.558966264128685
0.074572786688805,-0.004554823040962,0.213834464550018,0.587225869297981,0.661271184682846,0.559896931052208
0.075171813368797,-0.004401504993439,0.212821125984192,0.587777137756348,0.663852006196976,0.561368107795715
0.076777666807175,-0.004366397857666,0.205820620059967,0.588000416755676,0.666486620903015,0.56180202960968
0.077487513422966,-0.004377424716949,0.201397031545639,0.588455259799957,0.666322112083435,0.562190711498261
0.078153014183045,-0.004400789737701,0.197951018810272,0.588647648692131,0.666869103908539,0.562242910265922
0.078571707010269,-0.004388242959976,0.195682644844055,0.589272007346153,0.66711288690567,0.562942549586296
0.080317378044129,-0.004300162196159,0.193326562643051,0.589579060673714,0.675230830907822,0.563778087496758
0.080157682299614,-0.004394322633743,0.192781627178192,0.590553760528564,0.673727720975876,0.564187824726105
0.079469487071037,-0.003715366125107,0.192395687103271,0.590047031641007,0.669212609529495,0.567754834890366
0.078022316098213,-0.003743529319763,0.19875755906105,0.591096848249435,0.66689145565033,0.568635672330856
0.076210334897041,-0.002840876579285,0.19852876663208,0.590324491262436,0.655790776014328,0.573279231786728
0.075218096375465,-0.002287685871124,0.198652267456055,0.59001624584198,0.649960845708847,0.576290130615234
0.074323788285256,-0.001754105091095,0.201488316059112,0.590704560279846,0.647431045770645,0.580179929733276
0.074222460389137,-0.000884652137756,0.20104369521141,0.587792843580246,0.646378457546234,0.582484930753708
0.072728514671326,-0.001757651567459,0.201914370059967,0.594753295183182,0.638285458087921,0.584207385778427
0.073826506733894,-0.00172820687294,0.196034282445908,0.594708576798439,0.638993322849274,0.584339335560799
0.073105171322823,-0.000621885061264,0.195178031921387,0.593417227268219,0.633809059858322,0.589685916900635
0.075384795665741,-0.000539213418961,0.186073839664459,0.593956872820854,0.638382613658905,0.590721592307091
0.075948372483254,-0.001858338713646,0.182748854160309,0.599043726921082,0.63843908905983,0.587893694639206
0.076265171170235,-0.000324681401253,0.178638875484467,0.598627671599388,0.636229902505875,0.596679583191871
0.077232986688614,-0.000612646341324,0.173550724983215,0.599772170186043,0.636948645114899,0.5960962921381
0.07679894566536,0.000402241945267,0.172879666090012,0.599480986595154,0.633673340082169,0.601894438266754
0.078414529561997,3.64333391189575E-05,0.166169434785843,0.60123136639595,0.636656612157822,0.601449966430664
0.079160884022713,-0.000226154923439,0.161668092012405,0.602135851979256,0.636633396148682,0.600778922438622
0.079453110694885,-0.000439196825027,0.159996926784515,0.603449806571007,0.636715590953827,0.600814625620842
0.079575166106224,-0.000735267996788,0.15917494893074,0.604785397648811,0.636625945568085,0.600373789668083
0.079444408416748,-0.001080721616745,0.159169048070908,0.605936199426651,0.635835498571396,0.599451869726181
0.07887876033783,-0.001406162977219,0.162620633840561,0.607415705919266,0.635893195867538,0.598978728055954
0.078077986836433,-0.001682221889496,0.165494084358215,0.608230084180832,0.633962005376816,0.598136752843857
0.071376085281372,0.002545207738876,0.175570458173752,0.60412609577179,0.603826969861984,0.619397342205048
0.069495379924774,0.002526894211769,0.180294901132584,0.606703251600266,0.597267180681229,0.62186461687088
0.068770736455917,0.002303555607796,0.182915896177292,0.607607051730156,0.595540314912796,0.62142838537693
0.068071618676186,0.002015322446823,0.187570482492447,0.609003692865372,0.59600019454956,0.62109562754631
0.064857736229897,0.002970218658447,0.191617667675018,0.60918852686882,0.580764085054398,0.627009838819504
0.063799753785133,0.003361940383911,0.195583611726761,0.609330385923386,0.578382134437561,0.629502028226852
0.062929823994637,0.003739058971405,0.197538197040558,0.609694570302963,0.575117141008377,0.632128924131393
0.063380569219589,0.002941846847534,0.197790026664734,0.6148921251297,0.578073441982269,0.632543206214905
0.063295856118202,0.003793776035309,0.194471657276154,0.613946348428726,0.574246793985367,0.636709004640579
0.063571646809578,0.002966806292534,0.1930111348629,0.617643237113953,0.574441015720367,0.635444074869156
0.064154356718063,0.002659186720848,0.195456862449646,0.620259314775467,0.580383002758026,0.636214435100555
0.065143316984177,0.00285293161869,0.191143959760666,0.619609996676445,0.582003861665726,0.636727586388588
0.066289111971855,0.002995148301125,0.185529321432114,0.618949681520462,0.583263993263245,0.63692057132721
0.062172308564186,0.003912851214409,0.190586060285568,0.622056484222412,0.563619911670685,0.645533591508865
0.064242824912071,0.003812626004219,0.182666540145874,0.62264084815979,0.568123489618301,0.645516604185104
0.06281141936779,0.004160851240158,0.179905086755753,0.622583448886871,0.556773602962494,0.64754855632782
0.064001023769379,0.004372864961624,0.175943315029144,0.622611939907074,0.559949457645416,0.648849129676819
0.064208865165711,0.004316687583923,0.175458371639252,0.623320043087006,0.560711562633514,0.649220168590546
0.064182996749878,0.004250451922417,0.176164448261261,0.624017208814621,0.561262428760529,0.649519920349121
0.063803732395172,0.004231438040733,0.178240776062012,0.624539822340012,0.561063170433044,0.649928450584412
0.063201412558556,0.004220530390739,0.181282788515091,0.625220984220505,0.560491263866425,0.650544166564941
0.062634170055389,0.00446118414402,0.172336935997009,0.622931092977524,0.548141956329346,0.649698197841644
0.062167569994927,0.004087522625923,0.173144310712814,0.624549269676209,0.546149730682373,0.649074405431747
0.061906024813652,0.00394868850708,0.174761295318604,0.625171929597855,0.546197444200516,0.648864060640335
0.062177836894989,0.00390961766243,0.173396110534668,0.625341475009918,0.546463131904602,0.648799180984497
0.052295684814453,0.005488365888596,0.178006649017334,0.622633144259453,0.491780757904053,0.655563339591026
0.053209081292153,0.005206704139709,0.172979652881622,0.623504489660263,0.492234140634537,0.65474471449852
0.051613375544548,0.005451962351799,0.174748003482819,0.626023977994919,0.484428256750107,0.658735752105713
0.051468536257744,0.005533382296562,0.172625333070755,0.627109557390213,0.481436550617218,0.660309851169586
0.052286237478256,0.005326703190804,0.169201999902725,0.62836104631424,0.482919424772263,0.660321265459061
0.051554262638092,0.005671441555023,0.167897790670395,0.629334360361099,0.477223366498947,0.663363009691238
0.05227392911911,0.005375370383263,0.16494882106781,0.630717843770981,0.478592395782471,0.662970066070557
0.051196053624153,0.00566254556179,0.167762249708176,0.632231995463371,0.474938571453095,0.666207268834114
0.05094139277935,0.005847185850143,0.16787189245224,0.633661821484566,0.473520249128342,0.668744936585426
0.049914881587029,0.006068080663681,0.16991251707077,0.633663684129715,0.469401806592941,0.670072168111801
0.051412984728813,0.006695806980133,0.166069030761719,0.632770121097565,0.474546939134598,0.672944962978363
0.051366865634918,0.005684345960617,0.167337954044342,0.637288957834244,0.475539147853851,0.671395033597946
0.048571586608887,0.006280034780502,0.172168254852295,0.638625845313072,0.463597774505615,0.676306053996086
0.048043549060822,0.007159054279327,0.172492682933807,0.636453703045845,0.460753977298737,0.679408028721809
0.047840505838394,0.006041273474693,0.174615263938904,0.641880348324776,0.461658298969269,0.678127989172936
0.045798569917679,0.006471559405327,0.178000241518021,0.642322510480881,0.452791661024094,0.681151866912842
0.044117465615273,0.006516978144646,0.183104991912842,0.643985942006111,0.447809785604477,0.683087810873985
0.043676778674126,0.006453707814217,0.186638087034225,0.645191460847855,0.44869875907898,0.683913707733154
0.04200291633606,0.007139071822166,0.188721686601639,0.644249379634857,0.440739184617996,0.687083810567856
0.041037440299988,0.007277593016624,0.189475536346436,0.64473232626915,0.435700178146362,0.688397884368897
0.041924938559532,0.006623223423958,0.187792122364044,0.647862747311592,0.439341753721237,0.687602087855339
0.042499169707298,0.006535977125168,0.185393542051315,0.64868389070034,0.440388560295105,0.687899753451347
0.039549574255943,0.006647914648056,0.188469976186752,0.649085000157356,0.425767421722412,0.688972488045692
0.040283530950546,0.00666606426239,0.186084508895874,0.649548247456551,0.427785694599152,0.689544633030891
0.040796026587486,0.006635770201683,0.17792809009552,0.649876266717911,0.422704249620438,0.689690887928009
0.041415989398956,0.006582587957382,0.17397877573967,0.650731384754181,0.422474712133408,0.690226912498474
0.042088940739632,0.006615579128265,0.16970220208168,0.651425108313561,0.42223584651947,0.691118583083153
0.042677834630013,0.006672561168671,0.166117787361145,0.652161121368408,0.42218479514122,0.692196488380432
0.043333068490028,0.006719201803207,0.16264933347702,0.652568846940994,0.422647744417191,0.692884057760239
0.044045567512512,0.006809905171394,0.158835083246231,0.653054863214493,0.423108488321304,0.693914294242859
0.044552817940712,0.006732791662216,0.154404282569885,0.654082730412483,0.421721190214157,0.69447948038578
0.045092776417732,0.006728276610374,0.15016695857048,0.654969543218613,0.420723617076874,0.695339202880859
0.036089673638344,0.007969871163368,0.156819820404053,0.653944760560989,0.373357862234116,0.701763987541199
0.036894872784615,0.007881179451942,0.15387898683548,0.654274880886078,0.375248223543167,0.701561957597732
0.035344809293747,0.008044242858887,0.15290778875351,0.654578924179077,0.364976644515991,0.702844381332397
0.035902455449104,0.008066490292549,0.149288147687912,0.655225738883019,0.364702880382538,0.703624680638313
0.03656516969204,0.008115530014038,0.145436316728592,0.656032830476761,0.364827334880829,0.704726010560989
0.037157028913498,0.008208990097046,0.141813844442368,0.656501039862633,0.364756017923355,0.705754980444908
0.037815004587174,0.008316174149513,0.139869004487991,0.656931236386299,0.366759032011032,0.706828281283379
0.033277869224548,0.008338645100594,0.145003765821457,0.658455774188042,0.344670981168747,0.708487644791603
0.034212559461594,0.008654326200485,0.137493252754211,0.657651886343956,0.342768609523773,0.709577843546867
0.032839834690094,0.00879217684269,0.137504279613495,0.658594086766243,0.334543287754059,0.71134714782238
0.03245259821415,0.00890439748764,0.13659006357193,0.659685477614403,0.331305652856827,0.713111862540245
0.032155796885491,0.009444981813431,0.135782599449158,0.659145653247833,0.3287173807621,0.715815544128418
0.032489448785782,0.008936509490013,0.136067152023315,0.662921994924545,0.331003844738007,0.716541051864624
0.031156733632088,0.009533181786537,0.137609571218491,0.664293691515922,0.324549973011017,0.721492782235146
0.031460106372833,0.009534150362015,0.136168539524078,0.66555343568325,0.324929177761078,0.722758337855339
0.031894102692604,0.009578093886375,0.137681156396866,0.667558878660202,0.32904577255249,0.725027441978455
0.032234102487564,0.009610787034035,0.138068020343781,0.669229954481125,0.331472635269165,0.726894676685333
0.028275460004807,0.009541645646095,0.143695503473282,0.671213895082474,0.313348263502121,0.728463768959045
0.028896003961563,0.00963868200779,0.140956193208694,0.671904146671295,0.314332216978073,0.729736238718033
0.027183264493942,0.00992251932621,0.145692229270935,0.673463746905327,0.308791816234589,0.732998862862587
0.027948543429375,0.009911507368088,0.142886936664581,0.673803135752678,0.31057819724083,0.733272179961205
0.026008173823357,0.009874671697617,0.145389080047607,0.675895556807518,0.301438122987747,0.735143586993218
0.026706025004387,0.009810492396355,0.142536103725433,0.677010908722878,0.302772253751755,0.735873863101006
0.027111262083054,0.009856328368187,0.140993565320969,0.677903071045875,0.30366113781929,0.737041041254997
0.027527824044228,0.009891659021378,0.136758238077164,0.677747428417206,0.301925182342529,0.737097382545471
0.028184846043587,0.009966164827347,0.135473251342773,0.679236710071564,0.304582327604294,0.739033699035645
0.023461595177651,0.009903520345688,0.136678040027618,0.679083243012428,0.277447611093521,0.738504365086556
0.024340689182282,0.009980618953705,0.131490230560303,0.678712338209152,0.277534365653992,0.738596051931381
0.024792268872261,0.010069936513901,0.131855636835098,0.680574536323547,0.280609250068665,0.740994155406952
0.025307357311249,0.010108068585396,0.126596957445145,0.680249273777008,0.278441101312637,0.740897685289383
0.025635123252869,0.010084450244904,0.127272248268127,0.681180894374847,0.281082987785339,0.741687595844269
0.020428344607353,0.010438978672028,0.131794929504395,0.680149883031845,0.254364997148514,0.742783755064011
0.020604804158211,0.01027512550354,0.132131636142731,0.681667566299439,0.255760461091995,0.743318319320679
0.020252227783203,0.010291963815689,0.131841093301773,0.681924909353256,0.253354460000992,0.743676692247391
0.020011022686958,0.010316982865334,0.133894771337509,0.682241767644882,0.253960907459259,0.744143664836883
0.016368821263313,0.010107949376106,0.135498136281967,0.681443780660629,0.233711063861847,0.742091476917267
0.016899660229683,0.010317489504814,0.133110791444778,0.680070400238037,0.234508752822876,0.741975337266922
0.018019109964371,0.010323196649551,0.131182670593262,0.680601045489311,0.239297330379486,0.74254022538662
0.018706545233727,0.010412290692329,0.128381669521332,0.680470675230026,0.240620940923691,0.742944419384003
0.015164002776146,0.009541764855385,0.133101344108582,0.683846041560173,0.224085360765457,0.741096630692482
0.01650869846344,0.009734272956848,0.128783226013184,0.683495178818703,0.227835416793823,0.741900816559792
0.014872491359711,0.009527087211609,0.132130563259125,0.68629989027977,0.221365511417389,0.743462413549423
0.016298517584801,0.010637491941452,0.127963781356812,0.683279871940613,0.225754886865616,0.747104823589325
0.016639366745949,0.009687229990959,0.12785816192627,0.687384679913521,0.227694362401962,0.745508059859276
0.014946237206459,0.009724751114845,0.128578066825867,0.686085894703865,0.218255490064621,0.744434401392937
0.015448778867722,0.009328410029411,0.128326535224915,0.691211327910423,0.221019208431244,0.747181788086891
0.013976722955704,0.008990332484245,0.129469037055969,0.692538097500801,0.213329374790192,0.746480092406273
0.01314988732338,0.008900806307793,0.129969507455826,0.69352962076664,0.208868831396103,0.746934458613396
0.012316375970841,0.008766695857048,0.13551476597786,0.695354253053665,0.209413021802902,0.747954428195953
0.011605352163315,0.008615657687187,0.136789292097092,0.695535093545914,0.206421405076981,0.747229039669037
0.014605700969696,0.008856907486916,0.12464115023613,0.69643622636795,0.212275356054306,0.749577671289444
0.015217870473862,0.00887256860733,0.121675819158554,0.697380155324936,0.212983042001724,0.750615566968918
0.013187378644943,0.009029567241669,0.124731570482254,0.697627872228622,0.203855842351913,0.751805275678634
0.012497276067734,0.009120404720306,0.124238938093185,0.699178084731102,0.199222594499588,0.75390051305294
0.011930495500565,0.009149551391602,0.125003784894943,0.699823901057243,0.196586757898331,0.754721209406853
0.011475294828415,0.009046256542206,0.12579607963562,0.700858399271965,0.19464784860611,0.7551359385252
0.014481887221336,0.009557142853737,0.114122778177261,0.69963763654232,0.20101410150528,0.756980493664742
0.014882147312164,0.00972755253315,0.103683233261108,0.699092730879784,0.192976117134094,0.757458046078682
0.015221670269966,0.010016411542893,0.102285027503967,0.698028340935707,0.193615049123764,0.758126810193062
0.015617921948433,0.010352849960327,0.096580922603607,0.696639254689217,0.190288454294205,0.75875635445118
0.016323491930962,0.010370954871178,0.095239371061325,0.698305711150169,0.193180322647095,0.760531440377235
0.016628906130791,0.01068876683712,0.090819180011749,0.697208046913147,0.190592616796494,0.761340647935867
0.017453074455261,0.010836496949196,0.086026191711426,0.696158960461617,0.190744638442993,0.761177942156792
0.018147647380829,0.01099768280983,0.082974821329117,0.696686446666718,0.19186070561409,0.762672543525696
0.018744200468063,0.011142432689667,0.078922122716904,0.695768043398857,0.191387325525284,0.762622639536858
0.013373702764511,0.010404944419861,0.08367845416069,0.697706386446953,0.163920670747757,0.760136052966118
0.014451652765274,0.010902166366577,0.075221806764603,0.695250928401947,0.161931723356247,0.76066392660141
0.013341456651688,0.010637357831001,0.077041864395142,0.699095636606216,0.157090604305267,0.762919783592224
0.01413244009018,0.011342898011208,0.074030131101608,0.696917772293091,0.158824771642685,0.764975160360336
0.012946426868439,0.011354699730873,0.071899801492691,0.69622129201889,0.149578362703323,0.764349490404129
0.012228131294251,0.011343255639076,0.072845041751862,0.697567403316498,0.146213829517365,0.765626937150955
0.011591017246246,0.011299625039101,0.073867321014404,0.698292821645737,0.143413424491882,0.766090571880341
0.014061331748962,0.01152215898037,0.063912749290466,0.698150783777237,0.148280739784241,0.767283737659454
0.01461523771286,0.011548221111298,0.061211049556732,0.698039770126343,0.148902475833893,0.767329096794128
0.012564063072205,0.011584103107452,0.064523279666901,0.698724091053009,0.139907658100128,0.768228709697723
0.013643428683281,0.011675491929054,0.059529840946198,0.700989663600922,0.141390413045883,0.771042615175247
0.012226089835167,0.011674895882607,0.063875138759613,0.701953232288361,0.137231677770615,0.772002607584
0.012774050235748,0.012824937701225,0.061074733734131,0.699633523821831,0.137719035148621,0.776583150029182
0.013298153877258,0.01334710419178,0.060000717639923,0.697908312082291,0.139789640903473,0.777990937232971
0.013890653848648,0.011926025152207,0.056961745023728,0.705393791198731,0.140305668115616,0.776949942111969
0.014456912875176,0.012088119983673,0.054017126560211,0.705813556909561,0.140758603811264,0.7783422768116
0.014989644289017,0.012174099683762,0.056274294853211,0.707403749227524,0.146212160587311,0.780448347330093
0.012394651770592,0.012089312076569,0.058570861816406,0.708219408988953,0.132938772439957,0.780755281448364
0.011808261275292,0.012001752853394,0.05996984243393,0.708574086427689,0.130819410085678,0.78058460354805
0.013026088476181,0.012298136949539,0.05521285533905,0.70958486199379,0.133369386196137,0.783373683691025
0.013668194413185,0.012334242463112,0.052398502826691,0.709484696388245,0.134407669305801,0.783490151166916
0.014215156435967,0.012369886040688,0.049433946609497,0.71085998415947,0.134724885225296,0.785079300403595
0.014614775776863,0.012888684868813,0.046599388122559,0.708767786622047,0.134288042783737,0.786099895834923
0.015010759234428,0.013401791453362,0.04471492767334,0.708476021885872,0.13477948307991,0.788886770606041
0.011464878916741,0.012831434607506,0.043980807065964,0.709732502698898,0.112770080566406,0.786721110343933
0.012356996536255,0.013948783278465,0.037885546684265,0.705980688333511,0.112027525901794,0.789673388004303
0.013266116380692,0.012934878468514,0.031676918268204,0.710653573274612,0.111273616552353,0.788262844085693
0.013619914650917,0.01337967813015,0.027936369180679,0.709374025464058,0.109655857086182,0.789652094244957
0.014097929000855,0.013459593057633,0.026259750127792,0.709935888648033,0.110847324132919,0.790693446993828
0.011273264884949,0.012702435255051,0.024581223726273,0.710345610976219,0.092220813035965,0.786560222506523
0.012452244758606,0.013325452804566,0.021017074584961,0.70955927670002,0.095730543136597,0.789511993527412
0.013285234570503,0.013880699872971,0.013996005058289,0.708010792732239,0.093707412481308,0.791294991970062
0.013579174876213,0.014143258333206,0.010366499423981,0.707023173570633,0.091841548681259,0.79188272356987
0.014302909374237,0.014209106564522,0.005930721759796,0.707129061222076,0.091748178005219,0.792383700609207
0.014927983283997,0.014494016766548,0.001366049051285,0.706946581602097,0.090933948755264,0.793910682201386
0.015420392155647,0.015005365014076,-0.002172350883484,0.705418705940247,0.0903500020504,0.795450896024704
0.016285493969917,0.014890119433403,-0.006806939840317,0.706594735383987,0.090906023979187,0.795935451984406
0.010855212807655,0.01331290602684,-0.001569271087646,0.709384202957153,0.063562005758286,0.789261639118195
0.011743992567062,0.013938829302788,-0.005481600761414,0.707792460918427,0.064982354640961,0.791425436735153
0.012286826968193,0.014092803001404,-0.007898807525635,0.707258999347687,0.065822154283524,0.79181581735611
0.012677699327469,0.014670640230179,-0.00877845287323,0.706951513886452,0.067287743091583,0.794975355267525
0.010960072278977,0.014099478721619,-0.008012592792511,0.709563672542572,0.057747840881348,0.794160544872284
0.011543408036232,0.014219343662262,-0.009359538555145,0.710249528288841,0.059900909662247,0.795565590262413
0.010234192013741,0.013948023319244,-0.006859481334686,0.711765393614769,0.054545670747757,0.795453533530235
0.01140321791172,0.014311969280243,-0.012311697006226,0.711275860667229,0.056107610464096,0.797147676348686
0.012056559324265,0.014594286680222,-0.012509047985077,0.711098328232765,0.05983030796051,0.798664048314094
0.012658387422562,0.014871746301651,-0.013824880123139,0.710608273744583,0.062125444412232,0.799838751554489
0.009901195764542,0.013827294111252,-0.010581076145172,0.714931637048721,0.048826098442078,0.797895401716232
0.011028528213501,0.01430669426918,-0.015907794237137,0.713923782110214,0.050263375043869,0.799763947725296
0.011656984686852,0.014629766345024,-0.016974300146103,0.714216306805611,0.052967607975006,0.801994904875755
0.012153834104538,0.015304163098335,-0.019194930791855,0.712731897830963,0.053728073835373,0.804556876420975
0.00916799902916,0.014020338654518,-0.015902012586594,0.71433013677597,0.039105981588364,0.798452168703079
0.010480001568794,0.014136835932732,-0.021161675453186,0.715861320495606,0.04171833395958,0.800682336091995
0.009782642126083,0.013880252838135,-0.021201342344284,0.715533822774887,0.037494510412216,0.798815339803696
0.009661585092545,0.013910219073296,-0.022505730390549,0.714654475450516,0.035463780164719,0.798115789890289
0.010106354951859,0.014617696404457,-0.024420529603958,0.711755439639092,0.036217600107193,0.799461618065834
0.009512513875961,0.014033019542694,-0.027119874954224,0.71264773607254,0.029955208301544,0.796845853328705
0.008832693099976,0.013804495334625,-0.028400450944901,0.712787836790085,0.024595707654953,0.795614808797836
0.008370965719223,0.013657867908478,-0.029060631990433,0.7183897793293,0.021165162324905,0.800336986780167
0.007818549871445,0.013386309146881,-0.028834015130997,0.719505339860916,0.018077284097672,0.799823194742203
0.007228046655655,0.013112306594849,-0.028353661298752,0.720787465572357,0.015014618635178,0.799461305141449
0.006840378046036,0.01288104057312,-0.037912577390671,0.720164686441422,0.003129690885544,0.797450929880142
0.00633504986763,0.012533783912659,-0.039263963699341,0.722387790679931,-0.001253664493561,0.797590494155884
0.005515843629837,0.011985421180725,-0.039989292621613,0.724252969026566,-0.00689423084259,0.796165496110916
0.006533861160278,0.010428190231323,-0.045075744390488,0.730777055025101,-0.005872577428818,0.79334619641304
0.005937665700912,0.010001480579376,-0.048861503601074,0.731899067759514,-0.013235509395599,0.791907951235771
0.009769469499588,0.015037775039673,-0.066514730453491,0.712203726172447,-0.007897913455963,0.802430376410484
0.008545100688934,0.014520704746246,-0.06565734744072,0.713559851050377,-0.014386743307114,0.800684079527855
0.007953852415085,0.014212608337402,-0.070283353328705,0.713055983185768,-0.022560238838196,0.798331633210182
0.007266134023666,0.013754725456238,-0.072395741939545,0.713357955217361,-0.028798937797546,0.795886307954788
0.006624013185501,0.013361394405365,-0.074460744857788,0.713455528020859,-0.034716665744782,0.793623894453049
0.009306758642197,0.015102177858353,-0.087698668241501,0.709391310811043,-0.031858116388321,0.800004377961159
0.008862465620041,0.015156537294388,-0.08832198381424,0.708983883261681,-0.035147190093994,0.799923107028008
0.008749380707741,0.015162438154221,-0.093942761421204,0.707117855548858,-0.041446477174759,0.798092484474182
0.009282678365707,0.015510439872742,-0.096463203430176,0.707468688488007,-0.040767133235931,0.800531327724457
0.009807124733925,0.015900492668152,-0.101341664791107,0.705437019467354,-0.042498916387558,0.800839975476265
0.007950648665428,0.014963209629059,-0.099558144807816,0.706522613763809,-0.051854252815247,0.796301871538162
0.007291093468666,0.014647006988525,-0.098135888576508,0.707169577479363,-0.054389327764511,0.795051619410515
0.008933529257774,0.015618354082108,-0.103711903095245,0.703623458743095,-0.050110727548599,0.797333583235741
0.009415462613106,0.015938937664032,-0.105930864810944,0.707281157374382,-0.049438089132309,0.802914783358574
0.009914368391037,0.016155421733856,-0.108950853347778,0.706918880343437,-0.049464643001556,0.803851410746574
0.010340690612793,0.016511380672455,-0.11167323589325,0.706262782216072,-0.049629092216492,0.805331066250801
0.007445871829987,0.015102863311768,-0.104369282722473,0.708680048584938,-0.059694051742554,0.799297228455544
0.006935685873032,0.014655411243439,-0.102806240320206,0.709659904241562,-0.061192125082016,0.797592371702194
0.006272554397583,0.014232397079468,-0.101099848747253,0.71036259829998,-0.063464522361755,0.795756980776787
0.005652815103531,0.013901710510254,-0.100903064012527,0.714553758502007,-0.066986173391342,0.79796402156353
0.006678327918053,0.017152070999146,1.3535607457161,-0.408773198723793,1.39363071322441,-0.30586077272892
0.804348468780518,0.28508915565908,-0.861828684806824,-1.02997490018606,3.96426212787628,0.680560033768415
0.536943227052689,1.55234684608877,-0.597413927316666,-2.29644330590963,2.62424543499947,7.01763777062297
0.67131644487381,2.42468337155879,-1.13391789793968,-5.77078024297953,2.89398077130318,8.77731998637319
0.666550651192665,2.41757830604911,-1.11097285151482,-5.7208826392889,2.88833105564117,8.78458719700575
0.661201000213623,2.40709004923701,-1.08487609028816,-5.64932553470135,2.88232991099358,8.79321476072073
0.659342080354691,2.39489124156535,-1.07223269343376,-5.57021979242563,2.88381978869438,8.79912765696645
0.657731682062149,2.38265600427985,-1.05994698405266,-5.49162946641445,2.88644310832024,8.80430655926466
0.65222492814064,2.37976489588618,-1.08487364649773,-5.55482356250286,2.82847592234612,8.72376581281424
0.654702767729759,2.35839222371578,-1.09745380282402,-5.4598485827446,2.83076280355453,8.69050475955009
0.647104233503342,2.24160085618496,-1.10373814404011,-5.34762173891068,2.77888725697994,8.10198339819908
0.643782153725624,2.22447930276394,-1.11445081233978,-5.3351281285286,2.74824211001396,8.01174768805504
0.635219484567642,2.17172872275114,-1.06022362411022,-5.11957547068596,2.75109328329563,7.91079686582089
0.630571022629738,2.15547143667936,-1.07962545752525,-5.12450149655342,2.70380067825317,7.80832712352276
0.627949804067612,2.13172233849764,-1.04696264863014,-4.99151238799095,2.72073617577553,7.79882164299488
0.62674118578434,2.11995792388916,-1.03328821063042,-4.92007297277451,2.72715890407562,7.79967457056046
0.625664934515953,2.10838291049004,-1.06322547793388,-4.91071105003357,2.69076412916183,7.73958641290665
0.624657586216927,2.09693148732185,-1.07431253790855,-4.86902666091919,2.67363297939301,7.71256226301193
0.62372113764286,2.08540581166744,-1.04255935549736,-4.79342216253281,2.6997674703598,7.71901270747185
0.619443729519844,2.08210996538401,-1.04049196839333,-4.78409829735756,2.67617040872574,7.70856149494648
0.586187869310379,1.97194019705057,-0.983679577708244,-4.64201739430428,2.53344763815403,7.18962378799915
0.588232263922691,1.94091608375311,-1.01640324294567,-4.53695949912071,2.51299034059048,7.10853700339794
0.581824049353599,1.90287237614393,-0.996631890535355,-4.44455876946449,2.49431240558624,6.9726754873991
0.577604711055756,1.88835905492306,-0.970706075429916,-4.36635154485703,2.49492219090462,6.96380278468132
0.571372196078301,1.85240064561367,-0.965145915746689,-4.28761196136475,2.46308726072311,6.82679191231728
0.563014589250088,1.8239474594593,-0.936995774507523,-4.19655930995941,2.441091760993,6.74712544679642
0.55988784879446,1.8204902857542,-0.962510019540787,-4.23575627803803,2.39681707322597,6.6871854364872
0.557019613683224,1.81706103682518,-0.951751440763474,-4.21758788824081,2.39036624133587,6.68477833271027
0.563417971134186,1.79131186008453,-0.968943417072296,-4.09626132249832,2.41156440973282,6.65160983800888
0.545156314969063,1.73713147640228,-0.942389205098152,-4.02413082122803,2.32854868471622,6.39865803718567
0.540247574448586,1.7301460057497,-0.941208615899086,-4.0186704993248,2.30027683079243,6.36220553517342
0.531285509467125,1.70388074219227,-0.946500346064568,-3.99592465162277,2.24121271073818,6.22735980153084
0.522823214530945,1.68419732898474,-0.912522196769714,-3.94334277510643,2.22441709041595,6.16184119880199
0.518469728529453,1.6716393455863,-0.908520855009556,-3.92643603682518,2.20229751616716,6.10340003669262
0.51416352391243,1.65927531570196,-0.91791370511055,-3.91705992817879,2.16706743836403,6.03859196603298
0.505196943879128,1.63686969131231,-0.90839995443821,-3.86727878451347,2.12278170883656,5.95393936336041
0.527591146528721,1.57634980976582,-0.963949725031853,-3.59470766782761,2.20159715414047,5.86339119076729
0.526749826967716,1.5732474476099,-0.968905612826347,-3.59028977155685,2.19159334897995,5.84919491410255
0.531759202480316,1.55661605298519,-1.00216396152973,-3.52703845500946,2.18839125335217,5.81265786290169
0.533996544778347,1.54718314111233,-1.02405248582363,-3.49255275726318,2.17992678284645,5.79054608941078
0.515936575829983,1.48139433562756,-0.981255874037743,-3.37916612625122,2.11436358094215,5.50919988751411
0.51822692155838,1.46953189373016,-0.982877269387245,-3.3168813586235,2.12648425996304,5.50031000375748
0.518307566642761,1.46692524850369,-1.01150019466877,-3.33270269632339,2.0983452051878,5.46884879469872
0.523720651865006,1.45230594277382,-1.01374824345112,-3.25361043214798,2.12857566773891,5.46022522449493
0.508271459490061,1.40531368553638,-1.00771688297391,-3.20836210250854,2.04191187396646,5.22352001070976
0.513947177678347,1.39123892784119,-1.02344929054379,-3.13828372955322,2.06023377552629,5.2091498374939
0.517164710909128,1.38353697955608,-1.0293239839375,-3.09378236532211,2.07366428151727,5.20743951201439
0.520473726093769,1.37618462741375,-1.03556591644883,-3.05097097158432,2.08727644011378,5.20613679289818
0.505143295973539,1.33351258933544,-1.04234803467989,-3.03801566362381,1.98851174116135,4.96305987238884
0.511973425745964,1.31981363892555,-1.06288339942694,-2.97024339437485,2.00895715504885,4.94863843917847
0.515471935272217,1.31326481699944,-1.07007613033056,-2.93120461702347,2.02275548130274,4.94838428497314
0.518925480544567,1.30714473128319,-1.10909133404493,-2.93056952953339,2.00446154922247,4.91229885816574
0.522381473332644,1.30132520198822,-1.10504315048456,-2.88922244310379,2.0292456895113,4.91872876882553
0.525816384702921,1.2957144677639,-1.11212281137705,-2.85443025827408,2.04277549684048,4.91985654830933
0.529184363782406,1.2905580252409,-1.1191226169467,-2.82170557975769,2.05598356574774,4.9216425716877
0.530245088040829,1.29102472960949,-1.15409701317549,-2.85649281740189,2.02737351506948,4.88965556025505
0.500477470457554,1.21048514544964,-1.1072197034955,-2.75913488864899,1.89564511924982,4.50377598404884
0.503531106282026,1.18459622561932,-1.13699215697125,-2.69292977452278,1.88419448072091,4.41464757919312
0.508521117735654,1.18192675709724,-1.15057045267895,-2.67070212960243,1.90055625373498,4.42085841298103
0.501579000614584,1.16377273201942,-1.15969297941774,-2.66442784667015,1.84978102426976,4.3182085454464
0.502539620734751,1.14471013844013,-1.18347080890089,-2.61774241924286,1.83176691550761,4.25051841139793
0.506343712098897,1.14393021166325,-1.20262429956347,-2.60837936401367,1.83543797302991,4.25520190596581
0.499610042199492,1.1265202909708,-1.21127226389945,-2.60229539871216,1.78638798929751,4.15682634711266
0.499933993443847,1.13021506369114,-1.1651507858187,-2.58680886030197,1.83445317484438,4.19448152184486
0.499806677922607,1.13228631019592,-1.17963209189475,-2.6063078045845,1.81920797564089,4.18741005659103
0.498151207342744,1.08736999332905,-1.18689960055053,-2.48806196451187,1.80200764350593,4.03615799546242
0.49917059764266,1.08722275495529,-1.19572401605546,-2.4937372803688,1.7992995698005,4.02959924936295
0.500408651307225,1.08497197926044,-1.20008379034698,-2.48269227147102,1.80236811749637,4.02713960409164
0.489499904215336,1.06252087652683,-1.18536526337266,-2.46553215384483,1.75163416191936,3.90959310531616
0.492192013189197,1.05598948895931,-1.19030212983489,-2.42944678664207,1.76284994930029,3.9064901471138
0.484293663874269,1.04241542518139,-1.19175229221582,-2.43343651294708,1.71400969102979,3.82105603814125
0.486609682440758,1.03608255088329,-1.19119992852211,-2.40185344219208,1.72845816612244,3.81464186310768
0.486729444470257,1.03426528722048,-1.2000014539808,-2.39674884080887,1.72037521284074,3.808842882514
0.486680864356458,1.03248716890812,-1.18510183319449,-2.37588748335838,1.73498335294426,3.81903553009033
0.486505487933755,1.0306466370821,-1.17877931147814,-2.35905429720879,1.74025361612439,3.82482552528381
0.484354952350259,1.0329681634903,-1.17893842607737,-2.38146361708641,1.72719128802419,3.81634536385536
0.465393403545022,0.986216485500336,-1.16786501556635,-2.33675679564476,1.62449540570378,3.58054211735725
0.466100923251361,0.978452950716019,-1.16130786947906,-2.29988688230515,1.6352976700291,3.57083082199097
0.459820311050862,0.96354803442955,-1.15403975732625,-2.2829162478447,1.60488210897893,3.4983719587326
0.458176584448665,0.959822714328766,-1.14217332936823,-2.25919944047928,1.60688617732376,3.49973684549332
0.457142098341137,0.957902520895004,-1.14978119544685,-2.26020188629627,1.59307139459997,3.48721323907375
0.449881003238261,0.932719871401787,-1.1385569088161,-2.21797280013561,1.56072911061347,3.37834642827511
0.445717649534345,0.932668700814247,-1.11670978367329,-2.20909802615643,1.55759611353278,3.38691417872906
0.444392981939018,0.93071573972702,-1.11458327248693,-2.20613341033459,1.55177461914718,3.37816102802753
0.442974519915879,0.928737036883831,-1.10386532172561,-2.18979395925999,1.55398179776967,3.382628262043
0.429697904735804,0.899036765098572,-1.08918680250645,-2.15867039561272,1.48900062590837,3.23555019497871
0.42522606626153,0.890128329396248,-1.07931172847748,-2.14170572161674,1.4720446690917,3.19906425476074
0.423570929095149,0.888086333870888,-1.07170508056879,-2.13157448172569,1.4697204940021,3.19694352149963
0.420259622856975,0.889397129416466,-1.05747995525599,-2.13490787148476,1.46407778188586,3.20147490501404
0.420159555971622,0.88379193097353,-1.05229170620441,-2.10439425706863,1.46866562962532,3.19835732877254
0.418421691283584,0.881561078131199,-1.04064769297838,-2.08753609657288,1.46988245472312,3.20183037221432
0.415054535493255,0.882636457681656,-1.03372815996408,-2.10212926566601,1.45659905299544,3.19368948042393
0.41170627437532,0.883662290871143,-1.02662435919046,-2.10777586698532,1.44361328706145,3.19419787824154
0.412987444549799,0.874787218868732,-1.02015252411366,-2.06135207414627,1.45777214318514,3.18737123906612
0.392069410532713,0.819882124662399,-0.999262392520904,-1.98913237452507,1.35315407067537,2.93016037344933
0.390792112797499,0.810269840061665,-0.998203471302986,-1.96254909038544,1.34654920548201,2.89906994998455
0.382071446627378,0.809601373970509,-0.979911521077156,-1.97855634242296,1.31251715868711,2.87905190140009
0.380148366093636,0.807251952588558,-0.97816190123558,-1.97057011723518,1.30272829532623,2.87294159829617
0.372435666620731,0.78972914069891,-0.955581448972225,-1.94498903304338,1.27903255075216,2.79338581115007
0.36861028149724,0.78494319319725,-0.935909338295459,-1.91856423765421,1.27575235068798,2.79109492152929
0.366711094975471,0.782471753656864,-0.924105517566204,-1.90152490884066,1.27616105228663,2.79330561310053
0.360588256269693,0.76255939155817,-0.934253439307213,-1.88481695204973,1.22927609831095,2.69053939729929
0.353950623422861,0.763375394046307,-0.900312557816505,-1.88348863273859,1.22339118272066,2.69676373153925
0.350650582462549,0.763706013560295,-0.886082097887993,-1.88290645182133,1.2178213968873,2.69932962954044
0.34335858002305,0.747254654765129,-0.877829968929291,-1.86460615694523,1.18232151120901,2.61892177164555
0.342375420033932,0.736592333763838,-0.869993343949318,-1.81519144773483,1.18425917625427,2.60436255484819
0.340511567890644,0.733965519815683,-0.858555302023888,-1.797936886549,1.18451410531998,2.6058562323451
0.338700886815786,0.73144980892539,-0.84742234647274,-1.78129291534424,1.18478297442198,2.6074059382081
0.336826615035534,0.72894923016429,-0.83610326051712,-1.76469594240189,1.18485642969608,2.60899943858385
0.334993444383144,0.726446781307459,-0.825025320053101,-1.74824973940849,1.18493534624577,2.61043094843626
0.33189519494772,0.726483348757029,-0.82663993537426,-1.77119984105229,1.16473123431206,2.58770025148988
0.331338979303837,0.721438683569431,-0.820694223046303,-1.74467787519097,1.16733965277672,2.58395422622561
0.31261233240366,0.679395236074925,-0.809652611613274,-1.70849201455712,1.06602138280869,2.36787940189242
0.310308866202831,0.674210704863071,-0.800984598696232,-1.6990338023752,1.06086859852076,2.34623042680323
0.304953880608082,0.666656080633402,-0.775903075933456,-1.66262393258512,1.05382020771503,2.33731255121529
0.303178533911705,0.664121262729168,-0.765257768332958,-1.64640194736421,1.05381343513727,2.3383256290108
0.295176532119513,0.647465620189905,-0.748565725982189,-1.61629228852689,1.02249346673489,2.26850143261254
0.293478086590767,0.644992649555206,-0.754230953752995,-1.62037322670221,1.00663756579161,2.24958267062902
0.287695154547691,0.633291464298963,-0.734736233949661,-1.59298571199179,0.991434693336487,2.20676307380199
0.284032069146633,0.626414261758328,-0.727833688259125,-1.58129619434476,0.976358726620674,2.17718937620521
0.282386958599091,0.623973484151065,-0.717916637659073,-1.56576019525528,0.976405113935471,2.17808070965111
0.280789196491241,0.621554250828922,-0.713310867547989,-1.55277490615845,0.97142431139946,2.17655059881508
0.272187247872353,0.608127820305526,-0.695497892796993,-1.54278716631234,0.937625594437122,2.10597975552082
0.271708652377129,0.603561274241656,-0.697780542075634,-1.52530163619667,0.932471372187138,2.09606600925326
0.267881646752357,0.594970277976245,-0.69800978153944,-1.51735280454159,0.909280098974705,2.05246886331588
0.264771461486816,0.590159782208502,-0.672559808939695,-1.48794513009489,0.916068959981203,2.05301356315613
0.262127459049225,0.58983435574919,-0.668279629200697,-1.49108939245343,0.904485125094652,2.04791674204171
0.259546250104904,0.589495756663382,-0.661868643015623,-1.49048393219709,0.895408857613802,2.0464906077832
0.252171501517296,0.572988429106772,-0.644049342721701,-1.46773581951857,0.868979666382074,1.97019475512207
0.251316145062447,0.56409224588424,-0.639758370816708,-1.43046074733138,0.868138499557972,1.95409272797406
0.24775430560112,0.5560805471614,-0.635378815233707,-1.42093105614185,0.851147018373012,1.91555222682655
0.242748916149139,0.555339400656521,-0.614591043442488,-1.4163675121963,0.841902453452349,1.91566889174283
0.243378922343254,0.549135789275169,-0.6160659044981,-1.38584592193365,0.844207629561424,1.90896881371737
0.238748297095299,0.536715735681355,-0.612371847033501,-1.37027993798256,0.820117935538292,1.85001447610557
0.23627670109272,0.532460119575262,-0.606231724843383,-1.35451386123896,0.811428481712937,1.84024685621262
0.233375206589699,0.530291114002466,-0.597655264660716,-1.34893297404051,0.802595974877477,1.83281370997429
0.232967898249626,0.526254957541823,-0.595088919624686,-1.3277872800827,0.802718469873071,1.82974246516824
0.231616109609604,0.524037847295404,-0.587883220985532,-1.31417955458164,0.801813436672092,1.83004752919078
0.229138523340225,0.51455326937139,-0.579625244252384,-1.29342776536942,0.795205895788968,1.79389185085893
0.228708438575268,0.512006498873234,-0.584320654161274,-1.29190702736378,0.787929977290332,1.78013196587563
0.228253908455372,0.509518450126052,-0.582854723092169,-1.28036078065634,0.786668727640063,1.77674992009997
0.227705553174019,0.507071319967508,-0.581306451000273,-1.26904221624136,0.78492686804384,1.77338570356369
0.22711455821991,0.504680639132857,-0.582811140455306,-1.2596680149436,0.779876208864152,1.76841581985354
0.226507499814033,0.502414852380753,-0.57638800656423,-1.2483549118042,0.782656992319971,1.76613420248032
0.225070938467979,0.501749597489834,-0.569895531050861,-1.24453493207693,0.780530099757016,1.76596265286207
0.225381731986999,0.497947797179222,-0.574899609200656,-1.22960011661053,0.777390782721341,1.75808666646481
0.212994411587715,0.472968377172947,-0.556318966671824,-1.19632389396429,0.721647502854466,1.64148636907339
0.212356999516487,0.470866430550814,-0.55350404791534,-1.18700564652681,0.720637949183583,1.63819293677807
0.209131523966789,0.463134821504355,-0.552668400108814,-1.17366290092468,0.702120743691921,1.60514602810144
0.206997700035572,0.460712980479002,-0.547828979790211,-1.16425710916519,0.694157220423222,1.60002077370882
0.202638551592827,0.453419376164675,-0.549633882939816,-1.15239847451448,0.666197426617146,1.56811778247356
0.19879624247551,0.450096998363733,-0.535108592361212,-1.1393910869956,0.657668862491846,1.5611909031868
0.198537603020668,0.445316389203072,-0.53562480956316,-1.12157560139894,0.655600808560848,1.55032273381948
0.196373037993908,0.442812636494637,-0.525435246527195,-1.10742641240358,0.652802981436253,1.54944940656424
0.193373657763004,0.438556089997292,-0.522918108850718,-1.10037165880203,0.637323837727308,1.53096488118172
0.191417500376701,0.43545550480485,-0.513542447239161,-1.08391572535038,0.634962555021048,1.52881730347872
0.189053922891617,0.43180114403367,-0.514224220067263,-1.07885604351759,0.620099317282438,1.51195082068443
0.186625950038433,0.428330507129431,-0.502209898084402,-1.05998822301626,0.617545802146196,1.50999481976032
0.185403123497963,0.426647547632456,-0.495380464941263,-1.04913329333067,0.617038276046515,1.51075199246407
0.180471107363701,0.419303841888905,-0.48498647287488,-1.0326923802495,0.597840171307325,1.48313067108393
0.179429315030575,0.417541477829218,-0.482995122671127,-1.02446553856134,0.593580767512322,1.48078332841396
0.178563624620438,0.415891394019127,-0.479282628744841,-1.01528133451939,0.592099118977785,1.48006702959538
0.177227556705475,0.411062940955162,-0.476648736745119,-1.00687615573406,0.58671660348773,1.45950148999691
0.175537712872028,0.40801578015089,-0.468467853963375,-0.991142556071281,0.584758423268795,1.45695212483406
0.174691490828991,0.406446076929569,-0.468574993312359,-0.985634699463844,0.579573951661587,1.45304176211357
0.174883179366589,0.401727773249149,-0.469505421817303,-0.981369480490684,0.579793654382229,1.42899715900421
0.173876337707043,0.398933760821819,-0.465799085795879,-0.970635510981083,0.577458940446377,1.42296705394983
0.173823453485966,0.39582883566618,-0.466521002352238,-0.967833966016769,0.576419718563557,1.40713904798031
0.173931784927845,0.394481353461742,-0.467357106506825,-0.966874651610851,0.576233603060246,1.4000134691596
0.171627923846245,0.384916000068188,-0.451960723847151,-0.922058627009392,0.577806819230318,1.38743737339973
0.17049752175808,0.380810111761093,-0.450090300291777,-0.911085546016693,0.572894830256701,1.37377512454987
0.16998890042305,0.380404740571976,-0.448181457817555,-0.906847834587097,0.571751944720745,1.37558060884476
0.169115602970123,0.377841651439667,-0.444685693830252,-0.897626593708992,0.570007923990488,1.36942331492901
0.168707683682442,0.373873963952065,-0.441356066614389,-0.879132524132729,0.570890035480261,1.36411125957966
0.168275021016598,0.37168974429369,-0.439419463276863,-0.871422052383423,0.570230662822723,1.35871641337872
0.16781559586525,0.36957872658968,-0.437940880656242,-0.863176733255386,0.568952694535255,1.35429562628269
0.167514599859715,0.36733266711235,-0.434325627982616,-0.850883424282074,0.570761971175671,1.35311257839203
0.161233939230442,0.364853590726852,-0.427943736314774,-0.849759593605995,0.539459899067879,1.33936195075512
0.159171231091023,0.360324591398239,-0.422844141721726,-0.831925377249718,0.53218324482441,1.33002217113972
0.15803437680006,0.359994739294052,-0.422447189688683,-0.831382438540459,0.525759071111679,1.32858599722385
0.157270058989525,0.355643391609192,-0.419364675879478,-0.811869785189629,0.524255678057671,1.32199056446552
0.156807288527489,0.354344107210636,-0.415317721664906,-0.806755751371384,0.525526009500027,1.31930889189243
0.154122918844223,0.353411473333836,-0.413426779210568,-0.806087255477905,0.511310733854771,1.31438158452511
0.153557255864143,0.348509967327118,-0.410150177776814,-0.781177222728729,0.511193357408047,1.30988258123398
0.153215542435646,0.346497997641563,-0.408092565834522,-0.769067078828812,0.511200688779354,1.30992090702057
0.152766272425652,0.345359832048416,-0.408063910901547,-0.765755370259285,0.508533723652363,1.30640362203121
0.153011411428452,0.341524749994278,-0.408936895430088,-0.762800499796867,0.509131573140621,1.2863480001688
0.153017655014992,0.33695612102747,-0.408994637429714,-0.739818722009659,0.509111292660236,1.28191800415516
0.152575269341469,0.335769928991795,-0.407752625644207,-0.735713094472885,0.507698990404606,1.27890647947788
0.152481734752655,0.333193935453892,-0.408333636820316,-0.73347669839859,0.506556771695614,1.26568691432476
0.152791231870651,0.328608602285385,-0.408321566879749,-0.707707941532135,0.508425824344158,1.26394367218018
0.152216032147408,0.328170865774155,-0.409592382609844,-0.71036833524704,0.503703810274601,1.25865685939789
0.151799961924553,0.328520998358726,-0.41011893004179,-0.711964696645737,0.500680841505528,1.25916129350662
0.151155158877373,0.328430041670799,-0.408947810530663,-0.706061631441116,0.497983142733574,1.26451861858368
0.15026368200779,0.326582714915276,-0.407733514904976,-0.700306296348572,0.493848577141762,1.25918999314308
0.153252676129341,0.322708576917648,-0.421040281653404,-0.684636414051056,0.498475775122643,1.25161504745483
0.152704581618309,0.321797579526901,-0.418131567537785,-0.676781415939331,0.49809592217207,1.25400406122208
0.154305227100849,0.319540366530418,-0.424034975469112,-0.665343850851059,0.501796387135983,1.25189834833145
0.154791928827763,0.318022020161152,-0.428855709731579,-0.659999936819077,0.499895863234997,1.24813218414783
0.155315518379211,0.316621169447899,-0.429020501673222,-0.651848435401917,0.502872608602047,1.24787858128548
0.154795169830322,0.31563363969326,-0.429812796413899,-0.64761258661747,0.498958222568035,1.24618925154209
0.154466331005096,0.314544171094894,-0.42911721020937,-0.642415180802345,0.497680775821209,1.24484984576702
0.154100447893143,0.313267931342125,-0.424648366868496,-0.634729281067848,0.49995432049036,1.2448783069849
0.145137898623943,0.312035456299782,-0.418602667748928,-0.623974516987801,0.452224723994732,1.24823822081089
0.143726691603661,0.311643064022064,-0.416108831763268,-0.619023814797401,0.446251317858696,1.25083456933498
0.14300112426281,0.308509729802608,-0.413578942418098,-0.608280867338181,0.44442780315876,1.24277751147747
0.142797440290451,0.307463966310024,-0.410775348544121,-0.602587461471558,0.446009293198586,1.24219633638859
0.142689734697342,0.307180814445019,-0.409727372229099,-0.600192248821258,0.446411035954952,1.24289263784885
0.14259672164917,0.306818418204784,-0.410139419138432,-0.599499389529228,0.445440910756588,1.24141111969948
0.135435312986374,0.310688562691212,-0.399683505296707,-0.601556167006493,0.412928372621536,1.26257520914078
0.135277301073074,0.310102470219135,-0.399426281452179,-0.598969489336014,0.412237524986267,1.2616453319788
0.13357400894165,0.310668237507343,-0.397147119045258,-0.599079117178917,0.404296934604645,1.26493030786514
0.133033625781536,0.305983379483223,-0.393411241471767,-0.578658118844032,0.404790513217449,1.25724215805531
0.132185958325863,0.30560302734375,-0.391971282660961,-0.577271521091461,0.401144467294216,1.25634664297104
0.13163098692894,0.304699502885342,-0.390291348099709,-0.571497827768326,0.39949457347393,1.25669918954372
0.13114994764328,0.304868541657925,-0.389691337943077,-0.570348262786865,0.397208347916603,1.25886298716068
0.130268253386021,0.302267357707024,-0.386256292462349,-0.558598041534424,0.395353227853775,1.25500610470772
0.129835024476051,0.301108323037624,-0.384203039109707,-0.552749872207642,0.394807107746601,1.2539000660181
0.127406425774097,0.300642222166061,-0.379983052611351,-0.547575563192368,0.384455502033234,1.256277769804
0.1264922991395,0.300862714648247,0.117492325603962,-1.60255672037601,0.87644612044096,0.202619567513466
1.98093724250793,1.77874076366425,-2.7651484310627,-5.0152235776186,9.12047502398491,5.65722100436688
1.98091468214989,1.77954459190369,-1.93189203739166,-3.67522811889648,9.95359605550766,7.00203943252564
1.97839298844337,1.7743359208107,-1.93501579761505,-3.63706600666046,9.9353421330452,7.00894951820374
1.98080888390541,1.77455580234528,-1.94831365346909,-3.63024270534515,9.93653964996338,7.0170921087265
1.95251956582069,1.77373948693275,-1.93541646003723,-3.61091232299805,9.77970093488693,7.03152459859848
1.95520029962063,1.76985275745392,-1.95298087596893,-3.59003376960754,9.77822092175484,7.02908277511597
1.9167650192976,1.7681148648262,-1.92793780565262,-3.57079100608826,9.57265231013298,7.03789818286896
1.90031726658344,1.7578518986702,-1.94070452451706,-3.53987967967987,9.4611990749836,7.00723171234131
1.8987455368042,1.75861996412277,-1.9521472454071,-3.54977977275848,9.44032597541809,7.00194001197815
1.85604751110077,1.7506143450737,-1.89890134334564,-3.51226353645325,9.23738372325897,6.99142253398895
1.83579695224762,1.73594278097153,-1.8898116350174,-3.46593433618546,9.12497007846832,6.94972234964371
1.83570717275143,1.73133400082588,-1.89806419610977,-3.44278049468994,9.11617884039879,6.94522351026535
1.79703690111637,1.70685264468193,-1.86433583498001,-3.36772739887238,8.91788557171822,6.87338846921921
1.76939891278744,1.70704168081284,-1.83662879467011,-3.40910845994949,8.77976468205452,6.83314162492752
1.77123028039932,1.69317510724068,-1.8397798538208,-3.33176022768021,8.78760182857513,6.82729041576386
1.76996520161629,1.68828040361404,-1.84206455945969,-3.30052763223648,8.77772665023804,6.82915478944778
1.70969370007515,1.6536208987236,-1.80057913064957,-3.27404111623764,8.45758306980133,6.64768427610397
1.70563113689423,1.65755090117455,-1.79316425323486,-3.28673660755157,8.44062256813049,6.6585687994957
1.70150882005692,1.66134968400002,-1.79694241285324,-3.30776846408844,8.41211050748825,6.66032963991165
1.69732561707497,1.66504526138306,-1.77738398313522,-3.3105696439743,8.40656971931458,6.67970192432404
1.69309040904045,1.66865435242653,-1.78068947792053,-3.33072650432587,8.37785297632217,6.68119961023331
1.70023933053017,1.62848582863808,-1.80634248256683,-3.15907543897629,8.39509350061417,6.61183953285217
1.59147480130196,1.56044533848763,-1.71770840883255,-3.09662765264511,7.83114039897919,6.26604437828064
1.58694222569466,1.55019944906235,-1.71953547000885,-3.06140601634979,7.80211788415909,6.23979067802429
1.54905837774277,1.52930554747581,-1.65429157018662,-3.03210347890854,7.64005869626999,6.14372980594635
1.5330473780632,1.51739677786827,-1.64643180370331,-3.01826912164688,7.5518524646759,6.08611154556274
1.51736563444138,1.50550279021263,-1.63894426822662,-3.00452524423599,7.46524953842163,6.0284914970398
1.50443252921104,1.51456707715988,-1.60660004615784,-3.04625225067139,7.41999512910843,6.0411502122879
1.4738127887249,1.49113017320633,-1.59517282247543,-3.02823382616043,7.24770390987396,5.91854721307755
1.4760062545538,1.44837862253189,-1.57804644107819,-2.82730865478516,7.27799108624458,5.86296308040619
1.44604478776455,1.42536360025406,-1.54476356506348,-2.78858244419098,7.13150516152382,5.76359915733337
1.44078604876995,1.41522347927094,-1.5205951333046,-2.73289060592651,7.12412115931511,5.7584502696991
1.4088966101408,1.38755342364311,-1.52165991067886,-2.73198765516281,6.93171975016594,5.59333288669586
1.40622938424349,1.38274836540222,-1.51887521147728,-2.7121217250824,6.91850109398365,5.58436846733093
1.37522969394922,1.35566684603691,-1.48740020394325,-2.66981744766235,6.76397795975208,5.46418362855911
1.37261466681957,1.35085639357567,-1.48452854156494,-2.64967399835587,6.75115945935249,5.45546436309814
1.3685240894556,1.3531286418438,-1.48595482110977,-2.66391575336456,6.72518971562386,5.45485609769821
1.32739724218845,1.3205609023571,-1.43151694536209,-2.61168545484543,6.53286650776863,5.31167995929718
1.31380547583103,1.30977901816368,-1.44550114870071,-2.61898005008697,6.43733170628548,5.23969405889511
1.30744776129723,1.28856548666954,-1.40703469514847,-2.51501321792603,6.43765187263489,5.21637970209122
1.30484585464001,1.28390946984291,-1.39373642206192,-2.48328894376755,6.43533870577812,5.22016787528992
1.3022793084383,1.27932199835777,-1.380730509758,-2.4521272778511,6.43294534087181,5.22380471229553
1.29972846806049,1.27479681372643,-1.36784875392914,-2.42141145467758,6.43052205443382,5.22736942768097
1.2971990481019,1.27031400799751,-1.36472168564796,-2.39636760950088,6.41847260296345,5.22551643848419
1.29335779696703,1.27223199605942,-1.39587035775185,-2.46092462539673,6.36427642405033,5.17246735095978
1.20253343135118,1.19974881410599,-1.30241206288338,-2.3763200044632,5.91278852522373,4.82217288017273
1.18975497037172,1.18946152925491,-1.3155269920826,-2.38314586877823,5.82300283014774,4.75362330675125
1.1830463334918,1.15461927652359,-1.31284019351006,-2.25603079795837,5.78543780744076,4.67168486118317
1.15618123859167,1.15254199504852,-1.26517847180367,-2.29184880852699,5.67190895974636,4.62340316176415
1.1549629047513,1.14207366108894,-1.24846193194389,-2.23364391922951,5.68131549656391,4.61879804730415
1.13331244885921,1.11756144464016,-1.2546414732933,-2.20683860778809,5.54523321986198,4.49853006005287
1.12611313164234,1.12090583145618,-1.22303718328476,-2.21524024009705,5.53364160656929,4.51019474864006
1.12498867511749,1.11097444593906,-1.23345816135407,-2.18001613020897,5.51647388935089,4.48583054542542
1.12146040797234,1.11257685720921,-1.23412066698074,-2.19063606858253,5.49464178085327,4.4848250746727
1.12036318331957,1.10275334119797,-1.21819648146629,-2.1418662071228,5.50398261845112,4.474653840065
1.06472534686327,1.05759137868881,-1.17702707648277,-2.10099601745605,5.21132500469685,4.24455225467682
1.06018351018429,1.04954408109188,-1.1731379032135,-2.07306325435638,5.18796315789223,4.2242012321949
1.05791155993938,1.04556012153625,-1.17805647850037,-2.06130522489548,5.16941288113594,4.21205550432205
1.05568527430296,1.04165132343769,-1.14156892895699,-2.02231532335281,5.19254271686077,4.22759261727333
1.05348472297192,1.03779691457748,-1.15445882081985,-2.020911693573,5.16644951701164,4.20586979389191
1.05132219195366,1.03396265208721,-1.13532334566116,-1.99155992269516,5.17260980606079,4.21221598982811
1.04913482069969,1.03022995591164,-1.12451612949371,-1.96700316667557,5.17029279470444,4.21437656879425
1.04699770361185,1.02646371722221,-1.14478981494904,-1.97539755702019,5.13719640672207,4.1833847463131
0.96434273570776,0.953574702143669,-1.05565544962883,-1.8741520345211,4.73040096461773,3.84729617834091
0.954049073159695,0.945233389735222,-1.04343780875206,-1.85657843947411,4.68085663020611,3.81482189893723
0.94464834779501,0.949185833334923,-1.03375282883644,-1.89513948559761,4.63413725793362,3.79997551441193
0.941584937274456,0.950488731265068,-1.03429871797562,-1.90429009497166,4.61521090567112,3.79864229261875
0.913381867110729,0.927626416087151,-0.989059239625931,-1.86487455666065,4.49123196303844,3.70088393986225
0.90734063833952,0.93010763823986,-0.984329015016556,-1.8872654736042,4.45971481502056,3.69338035583496
0.91038390994072,0.901922196149826,-1.001923173666,-1.76954635977745,4.46038028597832,3.64198681712151
0.907449752092361,0.903109610080719,-0.987179517745972,-1.77535778284073,4.4575189948082,3.64329987764359
0.87125900387764,0.873632729053497,-0.955725789070129,-1.74607805907726,4.27182823419571,3.49571831524372
0.865503370761871,0.875980019569397,-0.944313794374466,-1.75919373333454,4.24870643019676,3.49668638408184
0.86645159125328,0.85860038548708,-0.939332127571106,-1.67800347507,4.25937741994858,3.47359883785248
0.841376945376396,0.832927599549294,-0.915162354707718,-1.63074572384357,4.13309931755066,3.36681987345219
0.82824869453907,0.824093207716942,-0.905567914247513,-1.63373811542988,4.06392425298691,3.31082113087177
0.81815741956234,0.814396187663078,-0.901091754436493,-1.6209260225296,4.00785276293755,3.26545110344887
0.816399477422237,0.811451658606529,-0.885347008705139,-1.6001923084259,4.01304985582829,3.26851764321327
0.797731481492519,0.799514696002007,-0.875826448202133,-1.60491101443768,3.91056244075298,3.19217716157436
0.796861343085766,0.79243229329586,-0.863660722970963,-1.56776128709316,3.91750733554363,3.186832472682
0.794375725090504,0.793664082884789,-0.863640934228897,-1.58213785290718,3.90261341631413,3.17984664440155
0.791852347552776,0.795010939240456,-0.863451182842254,-1.59221418201923,3.8876629024744,3.1778514534235
0.791863929480314,0.784184619784355,-0.85505037009716,-1.53981252014637,3.89613320678473,3.16529519855976
0.753490477800369,0.748052522540093,-0.816936731338501,-1.48558510839939,3.70400613546371,3.00273002684116
0.748746156692505,0.750390633940697,-0.812989711761475,-1.5110472664237,3.67948722839355,2.99129653722048
0.735253922641277,0.730234995484352,-0.801800459623337,-1.461939714849,3.60972307622433,2.91947025805712
0.731311749666929,0.728539660573006,-0.783485695719719,-1.44949420541525,3.60438480228186,2.92174375802279
0.729688096791506,0.725831255316734,-0.774384990334511,-1.43286975473166,3.60374359041452,2.92211777716875
0.728190120309591,0.723161030560732,-0.765765205025673,-1.41628930717707,3.60337551683187,2.92267687618732
0.725945364683867,0.724213112145662,-0.782092317938805,-1.44964476674795,3.57357987016439,2.89563390612602
0.725193694233894,0.717910338193178,-0.776516318321228,-1.41871389001608,3.57464584708214,2.88874813914299
0.722961947321892,0.718856621533632,-0.775870531797409,-1.4304718002677,3.56190115213394,2.8826679289341
0.671953726559877,0.671449489891529,-0.725345000624657,-1.3655662573874,3.30637735873461,2.66313068196177
0.670438285917044,0.668890796601772,-0.721937790513039,-1.35590536519885,3.30069192498922,2.65743941441178
0.654480781406164,0.65873896330595,-0.701713398098946,-1.34922910109162,3.22517129033804,2.60320467874408
0.653732292354107,0.652808040380478,-0.70110148191452,-1.32603382132947,3.22129227221012,2.59081442095339
0.639289166778326,0.639698497951031,-0.679685041308403,-1.29971464537084,3.15604995936155,2.53847634233534
0.637860964983702,0.637448843568563,-0.671244576573372,-1.28494766913354,3.15592121332884,2.53974539227784
0.636451549828053,0.635242071002722,-0.677569806575775,-1.28853436373174,3.14113949239254,2.52291806228459
0.617549695074558,0.619720544666052,-0.666121065616608,-1.27648275764659,3.03917710483074,2.44184051034972
0.614412151277065,0.622194912284613,-0.660636484622955,-1.28995830667554,3.02583642303944,2.44321116703213
0.614711605012417,0.61371467076242,-0.64905047416687,-1.24640403789817,3.03921915590763,2.43588398667634
0.61301402002573,0.614865278825164,-0.648796200752258,-1.25770461279899,3.02928791940212,2.43148706015199
0.611524097621441,0.616062944754958,-0.649583071470261,-1.26584721170366,3.01956151425838,2.43053045682609
0.581507254391909,0.583185942377895,-0.627625450491905,-1.21167598851025,2.86141807585955,2.28743966575712
0.580150384455919,0.584339292254299,-0.614334031939507,-1.21248920448124,2.86656827479601,2.29354654904455
0.580003581941128,0.579326459555887,-0.620155096054077,-1.19583512982354,2.85986639559269,2.28012362751178
0.579345215111971,0.577303663827479,-0.623856499791145,-1.19123788923025,2.85221479088068,2.27258409373462
0.555685173720121,0.556561029516161,-0.586495205760002,-1.15589080750942,2.74761583656073,2.18347536958754
0.555203810334206,0.5546500608325,-0.594866216182709,-1.15689361840487,2.73635664582252,2.17100674659014
0.554632876068354,0.552832718007267,-0.589114233851433,-1.14755235984921,2.73868302255869,2.16944394819438
0.554127752780914,0.551037022843957,-0.593026041984558,-1.14349061250687,2.73174047470093,2.16273152455688
0.553648240864277,0.549273546785116,-0.58785143494606,-1.13466744124889,2.7340380102396,2.1609738394618
0.527693174779415,0.533820386976004,-0.560303092002869,-1.1227063164115,2.60585595667362,2.08021600544453
0.527804814279079,0.529341967776418,-0.558389395475388,-1.10040561854839,2.60843949019909,2.07564618811011
0.527489211410284,0.527590565383434,-0.56233261525631,-1.0989310964942,2.60260265320539,2.06661229580641
0.527105607092381,0.525635365396738,-0.562004923820496,-1.09208914637566,2.60062871873379,2.06172304600477
0.509881515055895,0.513776455074549,-0.543774262070656,-1.068578094244,2.51551482826471,2.01408063620329
0.508269719779491,0.512627311050892,-0.535007029771805,-1.05975167453289,2.51461128890514,2.01601219177246
0.499579481780529,0.506490148603916,-0.537228167057037,-1.06098838150501,2.46024872362614,1.97795251011848
0.495470248162746,0.504263319075108,-0.538126826286316,-1.06154355406761,2.43469466269016,1.96403636038303
0.490426249802113,0.498943902552128,-0.519986838102341,-1.03802755475044,2.42257066071033,1.95563586056232
0.486623473465443,0.496741451323032,-0.524452358484268,-1.04304532706738,2.39528848230839,1.93740338087082
0.484370701014996,0.498425133526325,-0.520178198814392,-1.05260327458382,2.38604600727558,1.93794752657413
0.477918907999992,0.485866591334343,-0.508557111024857,-1.01536333560944,2.3589563369751,1.89983621239662
0.477084293961525,0.486603543162346,-0.506064742803574,-1.01841130852699,2.35644102096558,1.90120995044708
0.470656350255013,0.476606387645006,-0.501126676797867,-0.996382161974907,2.32281142473221,1.86325616389513
0.469956800341606,0.477285284548998,-0.502641797065735,-1.00191669166088,2.3170990049839,1.86179501563311
0.470358368009329,0.473365925252438,-0.497617855668068,-0.979793846607208,2.32453235238791,1.86040170490742
0.460692394524813,0.463459126651287,-0.491402521729469,-0.969417437911034,2.27275184541941,1.81133732199669
0.460347227752209,0.461708791553974,-0.494231462478638,-0.96551451086998,2.26785190403461,1.80473823845387
0.460063349455595,0.460015065968037,-0.489599451422691,-0.956862762570381,2.27078064531088,1.80322763323784
0.459842760115862,0.45832721889019,-0.485982283949852,-0.946809336543083,2.27307427674532,1.80315397679806
0.459676440805197,0.456732332706451,-0.492283269762993,-0.9471784979105,2.26577537506819,1.79321549832821
0.459530498832464,0.455031290650368,-0.488527581095696,-0.938505858182907,2.26865541189909,1.7916818857193
0.441454285755754,0.437714442610741,-0.467297427356243,-0.913203328847885,2.18142828717828,1.71308332681656
0.43849047459662,0.433810912072659,-0.467084862291813,-0.908993124961853,2.1638579852879,1.6938723474741
0.438360512256622,0.43223549425602,-0.464335545897484,-0.899655491113663,2.16582752764225,1.69375747442245
0.438200926408172,0.430686928331852,-0.467170409858227,-0.897792741656303,2.1620351485908,1.68632882833481
0.430295705795288,0.422464281320572,-0.458503738045692,-0.885826662182808,2.12327049672604,1.64895902574062
0.427572732791305,0.418927878141403,-0.455130614340305,-0.878460481762886,2.11030578240752,1.63510678708553
0.424760293215513,0.414773754775524,-0.451373860239983,-0.87015762925148,2.0971878990531,1.61848489940166
0.424245938658714,0.413158737123012,-0.449916362762451,-0.864395067095757,2.09555926918983,1.61455735564232
0.420151149854064,0.406179435551167,-0.451233021914959,-0.854831039905548,2.06967387720942,1.58224557340145
0.418518152087927,0.404426641762257,-0.442332997918129,-0.847100108861923,2.06877591460943,1.57945974171162
0.413251500576735,0.399583883583546,-0.434674814343452,-0.843878909945488,2.04483418911695,1.55362439155579
0.413125485181809,0.395942136645317,-0.43515157699585,-0.83059249818325,2.043601334095,1.54506032168865
0.412205100059509,0.396052196621895,-0.432555213570595,-0.832223281264305,2.04067538678646,1.54408989846706
0.411103054881096,0.396003887057304,-0.429235950112343,-0.833371073007584,2.03738237917423,1.54265224933624
0.403887283056974,0.38026275485754,-0.421180337667465,-0.799244523048401,2.00214336067438,1.48233200609684
0.40086030587554,0.377794556319714,-0.418281942605972,-0.801288887858391,1.98687989264727,1.46547845005989
0.400606725364924,0.374206975102425,-0.418717935681343,-0.788594216108322,1.9849224165082,1.45664763450623
0.395632017403841,0.370093807578087,-0.41206431388855,-0.78603532910347,1.9617277905345,1.43452751636505
0.393434476107359,0.36447735875845,-0.408207803964615,-0.770856156945229,1.95239905267954,1.41600799560547
0.390915183350444,0.360528469085693,-0.402073480188847,-0.760222896933556,1.94341761991382,1.4029479175806
0.389997895807028,0.358864411711693,-0.397855460643768,-0.757135808467865,1.9421319141984,1.39605066180229
0.387023236602545,0.354555711150169,-0.397158890962601,-0.755572885274887,1.92498052865267,1.37176138162613
0.383794834837317,0.349310576915741,-0.38623384386301,-0.740526765584946,1.91653516516089,1.3553366959095
0.382888600230217,0.347672633826733,-0.382536083459854,-0.735258430242538,1.91479551792145,1.35077737271786
0.378556981682777,0.343462251126766,-0.37535497546196,-0.732081636786461,1.8959869146347,1.32869186997414
0.377813657745719,0.340296253561974,-0.372646130621433,-0.720812022686005,1.89423581585288,1.32096549868584
0.373856460675597,0.336240753531456,0.28616750985384,-1.46736273169518,2.52930627390742,0.550081789493561
0.489889711141586,1.25796750187874,-1.24204558134079,-5.85042777657509,1.69729268550873,1.69737723469734
1.03866663575172,0.921106964349747,-0.754765689373016,-4.11981421709061,5.47723412513733,1.40682756900787
1.04328116774559,0.921240121126175,-0.763103783130646,-4.11036151647568,5.4965832233429,1.41707921028137
1.04364436864853,0.911038592457771,-0.75704962015152,-4.03608167171478,5.50481659173965,1.43014988303185
1.02956706285477,0.913479194045067,-0.744335651397705,-4.01960662007332,5.4330667257309,1.46126854419708
1.01188468933105,0.916001960635185,-0.728809118270874,-4.00674757361412,5.34249901771545,1.48926419019699
1.01207113265991,0.895893052220344,-0.76960426568985,-3.90463221073151,5.30282253026962,1.47072610259056
1.00044378638268,0.894486837089062,-0.737895548343658,-3.89961603283882,5.26476716995239,1.46730498969555
1.00032983720303,0.88849039375782,-0.719484388828278,-3.82860636711121,5.28249463438988,1.50233599543571
0.996507361531258,0.889730796217918,-0.730210244655609,-3.85084784030914,5.24883392453194,1.48753693699837
0.953768596053124,0.901925839483738,-0.692812621593475,-3.86701029539108,5.02979895472527,1.54454474151135
0.94439797103405,0.905199117958546,-0.663218080997467,-3.8272200524807,5.00316974520683,1.60397465527058
0.936829850077629,0.907376289367676,-0.650481998920441,-3.83606153726578,4.97049710154533,1.60819619894028
0.950149729847908,0.871888369321823,-0.684887766838074,-3.65201658010483,5.01601061224937,1.57931363582611
0.924947217106819,0.876662470400333,-0.673955857753754,-3.63933393359184,4.87572744488716,1.62064088881016
0.916171908378601,0.874716598540545,-0.657309114933014,-3.59191261231899,4.83972233533859,1.65638697892427
0.915470883250236,0.868541736155748,-0.648738563060761,-3.54071389138699,4.84408673644066,1.6705365255475
0.898059293627739,0.878063730895519,-0.661341905593872,-3.58157306909561,4.72701385617256,1.6868093162775
0.891521856188774,0.882738403975964,-0.662096679210663,-3.57237941026688,4.68703445792198,1.72405101358891
0.893997371196747,0.866816900670528,-0.719025015830994,-3.50850847363472,4.64495921134949,1.69239293038845
0.878082990646362,0.873839519917965,-0.638108849525452,-3.47491601109505,4.63038909435272,1.76812110841274
0.879816502332687,0.861051738262177,-0.639279961585999,-3.39919322729111,4.63961905241013,1.76711720228195
0.878920629620552,0.855006992816925,-0.630380213260651,-3.35124665498734,4.64314356446266,1.77879530191422
0.878026604652405,0.849116552621126,-0.621605336666107,-3.30431450903416,4.64655429124832,1.7903848066926
0.86073762178421,0.869322884827852,-0.655825972557068,-3.36294288933277,4.50859975814819,1.85299441963434
0.858792498707771,0.85764404386282,-0.666375756263733,-3.31644847989082,4.4863792359829,1.82941578328609
0.857805207371712,0.851777613162994,-0.632539331912994,-3.24974471330643,4.51429191231728,1.86092096567154
0.856831453740597,0.846053518354893,-0.623576134443283,-3.20479705929756,4.5174125880003,1.87152405083179
0.853623770177364,0.846495874226093,-0.650004655122757,-3.23020789027214,4.47173796594143,1.84876735508442
0.846144556999206,0.858847059309483,-0.639026939868927,-3.17480310797691,4.43784040212631,1.97827924787998
0.841882549226284,0.853570003062487,-0.650231689214706,-3.16517062485218,4.401063606143,1.95624939352274
0.838705770671368,0.85395035892725,-0.654912322759628,-3.16665998101234,4.37732230126858,1.95704217255116
0.839797735214233,0.842384610325098,-0.631324827671051,-3.08137895166874,4.40746158361435,1.97292871028185
0.838760696351528,0.836794767528772,-0.622531145811081,-3.03886188566685,4.41003303229809,1.98190671950579
0.840470060706139,0.85033119097352,-0.667731523513794,-3.0568221360445,4.37508884072304,2.04516500979662
0.836363665759563,0.845229290425777,-0.635809034109116,-3.00826081633568,4.38237296044827,2.06311492621899
0.835249714553356,0.839844174683094,-0.627074509859085,-2.96760705113411,4.38442377746105,2.07145799696445
0.839872889220715,0.846285052597523,-0.66822949051857,-2.99542060494423,4.37100784480572,2.08228971064091
0.837731227278709,0.83566939458251,-0.64493066072464,-2.92610935866833,4.38145670294762,2.08790700882673
0.839285656809807,0.837052963674068,-0.652844905853272,-2.93031492829323,4.38286903500557,2.09200285375118
0.840114749968052,0.8262689858675,-0.661912351846695,-2.87929630279541,4.37877614796162,2.07831761240959
0.837134547531605,0.826447658240795,-0.655658811330795,-2.87225267291069,4.36714847385883,2.08643327653408
0.837837800383568,0.815951272845268,-0.654776215553284,-2.81280362606049,4.37225058674812,2.08290401101112
0.836729273200035,0.810824435204268,-0.646750211715698,-2.77507756650448,4.37362542748451,2.08986904472113
0.835603952407837,0.80580186471343,-0.638732731342316,-2.73799739778042,4.37489098310471,2.09681379050016
0.834473274648189,0.800831560045481,-0.630748420953751,-2.70146586000919,4.37609122693539,2.10352350026369
0.833347842097282,0.795911397784948,-0.622848153114319,-2.66515211760998,4.37723889946938,2.11031626909971
0.852754816412926,0.784135963767767,-0.694146633148193,-2.69482044875622,4.42238226532936,2.00999533385038
0.854830488562584,0.781959261745214,-0.711555302143097,-2.69323395192623,4.41742762923241,1.99852161854506
0.860752195119858,0.762502040714026,-0.746603310108185,-2.62964947521687,4.41790986061096,1.94536276906729
0.861628979444504,0.756783749908209,-0.762039124965668,-2.62393487989902,4.40773475170136,1.91676761955023
0.8478042781353,0.757096394896507,-0.721251308917999,-2.62530633807182,4.3655743598938,1.91727203130722
0.849646523594856,0.742739200592041,-0.688472032546997,-2.52434089779854,4.40940710902214,1.93209430575371
0.84844908118248,0.738033208996058,-0.680397272109985,-2.49013023078442,4.41029721498489,1.93806902319193
0.847245201468468,0.733514338731766,-0.697879731655121,-2.48285296559334,4.38559147715569,1.91823306679726
0.846061214804649,0.728992842137814,-0.690427601337433,-2.45008713006973,4.38593968749046,1.92386992275715
0.846276924014092,0.688425175845623,-0.692178785800934,-2.38170206546783,4.38548275828362,1.7488489896059
0.842479519546032,0.683961879462004,-0.698776870965957,-2.37453182041645,4.35610024631023,1.72923945635557
0.836814366281033,0.671036619693041,-0.699130564928055,-2.36179189383984,4.32175563275814,1.66442782431841
0.834425590932369,0.664269853383303,-0.686064571142197,-2.33482094109058,4.32048897445202,1.65079817920923
0.833358988165855,0.651320409029722,-0.694865107536316,-2.28495074808598,4.30528882145882,1.62297170609236
0.826145879924297,0.633250471204519,-0.689252346754074,-2.2480370849371,4.26762293279171,1.55146574229002
0.823691986501217,0.633173041045666,-0.692394226789475,-2.24783581495285,4.24975769221783,1.55120243132114
0.823720782995224,0.624905411154032,-0.68250036239624,-2.19558696448803,4.2598243355751,1.55384550243616
0.813039273023605,0.604948673397303,-0.692037403583527,-2.18315382301807,4.18619823455811,1.44653821736574
0.809115916490555,0.598489824682474,-0.700814932584763,-2.17679308354855,4.15388056635857,1.4141458645463
0.804952174425125,0.592137042433023,-0.686571151018143,-2.15336067974567,4.14314189553261,1.39946157485247
0.795445412397384,0.59170388430357,-0.653479814529419,-2.14601600170135,4.11919265985489,1.40420730412006
0.798879247158766,0.571773245930672,-0.665221735835075,-2.0538230240345,4.12805374711752,1.37681645154953
0.786088921129704,0.549515843391418,-0.653830617666245,-2.00751474499702,4.06270290911198,1.28958031535149
0.782403361052275,0.539894238114357,-0.672351405024529,-1.99526005983353,4.02206876128912,1.24410536885262
0.777345132082701,0.534117057919502,-0.665365502238274,-1.97744357585907,3.99870529025793,1.22725877165794
0.770396757870913,0.526330418884754,-0.635718122124672,-1.93443140387535,3.9866624251008,1.22355110943317
0.757675785571337,0.515062559396029,-0.641644701361656,-1.9361334592104,3.90441001206636,1.15424189716578
0.755536813288927,0.514918927103281,-0.644725993275642,-1.93562193214893,3.88849488645792,1.15389163047075
0.744644898921251,0.504329774528742,-0.618500217795372,-1.90305028855801,3.84936917573214,1.12292835861444
0.740402761846781,0.504024717956781,-0.612854465842247,-1.90305058658123,3.82956210523844,1.12109772115946
0.729285661131144,0.493946734815836,-0.612967327237129,-1.89289547502995,3.76274663954973,1.07078493386507
0.729547243565321,0.468070957809687,-0.622684493660927,-1.78757493197918,3.754598967731,1.02085081487894
0.724298808723688,0.464120008051395,-0.612514808773994,-1.77281898260117,3.73327804356813,1.01190106570721
0.722262967377901,0.463961992412806,-0.609076872467995,-1.76714871823788,3.72450093179941,1.01662323623896
0.722036086022854,0.457354508340359,-0.606650590896606,-1.73003363609314,3.72556592524052,1.01409341394901
0.720933638513088,0.454001314938068,-0.600779980421066,-1.70595264434814,3.72482185065746,1.01805524528027
0.718992061913013,0.453845847398043,-0.60970950126648,-1.71231286227703,3.7042428702116,1.01076222211123
0.68401700630784,0.420685894787312,-0.572536900639534,-1.64971423149109,3.53156513720751,0.87440113723278
0.682931330054998,0.417439367622137,-0.584538176655769,-1.64226971566677,3.51304980367422,0.862366490066052
0.681867145001888,0.414279405027628,-0.573213696479797,-1.61494471132755,3.51798917353153,0.870731718838215
0.680772192776203,0.411188714206219,-0.584629058837891,-1.60793510079384,3.50000409781933,0.859197184443474
0.656135782599449,0.392544783651829,-0.566796779632568,-1.57978382706642,3.37001791596413,0.775484874844551
0.650249347090721,0.388930208981037,-0.553914189338684,-1.56291204690933,3.34758189320564,0.770669206976891
0.648167870938778,0.382814694195986,-0.555300503969193,-1.53821103274822,3.33370672166347,0.758677132427692
0.647131148725748,0.379797145724297,-0.544293358922005,-1.512112647295,3.33849353343248,0.766670227050781
0.645383838564158,0.379638325423002,-0.546835020184517,-1.51214997470379,3.32546801120043,0.765679977834225
0.645110987126827,0.373933713883162,-0.544602900743485,-1.48000319302082,3.32606302201748,0.763599090278149
0.616251491010189,0.357606586068869,-0.525276690721512,-1.46440616250038,3.17223225533962,0.68123335391283
0.614276666194201,0.351857345551252,-0.521551921963692,-1.43721923232079,3.16410807520151,0.673924840986729
0.613292559981346,0.349012356251478,-0.516486585140228,-1.41678681969643,3.16326877474785,0.677287317812443
0.611661463975906,0.348857540637255,-0.523991137742996,-1.42073118686676,3.14597764611244,0.672414056956768
0.611299684271216,0.343501232564449,-0.521610401570797,-1.39123548567295,3.1461877040565,0.669771909713745
0.610331481322646,0.340759374201298,-0.521578244864941,-1.37616108357906,3.14041064307094,0.668395161628723
0.575348461046815,0.321041245013475,-0.487749584019184,-1.34439282119274,2.96434118226171,0.581854648888111
0.574398417025805,0.318378016352653,-0.492453679442406,-1.33348080515862,2.95393682271242,0.576787292957306
0.563334036618471,0.313266843557358,-0.475748524069786,-1.31617878377438,2.90425569564104,0.563422277569771
0.558026809245348,0.310836628079414,-0.483561590313911,-1.31796428561211,2.86459926515818,0.54705548286438
0.553505439311266,0.310384683310986,-0.464580789208412,-1.30847908556461,2.85645184665918,0.5538290143013
0.554391052573919,0.300495687872171,-0.46711565554142,-1.26070177555084,2.8592306599021,0.542272351682186
0.553516633808613,0.297929778695107,-0.462693780660629,-1.24241735041142,2.85840602219105,0.545161321759224
0.552633726969361,0.295462135225534,-0.457950539886951,-1.22537907958031,2.85785182192922,0.5473937317729
0.551745880395174,0.29300495237112,-0.452939227223396,-1.20987562835217,2.85753605514765,0.548154085874558
0.550336796790361,0.292852979153395,-0.468443617224693,-1.22435909509659,2.83357716351748,0.53275877982378
0.550070267170668,0.288268759846687,-0.46587561070919,-1.19994802772999,2.83454599231482,0.529664531350136
0.549183690920472,0.285899568349123,-0.461136646568775,-1.18390041589737,2.83396549895406,0.531496994197369
0.503653759136796,0.26406342163682,-0.432054050266743,-1.1700306981802,2.58986850455403,0.41434983164072
0.501954305917025,0.259450655430555,-0.419608667492867,-1.14301152527332,2.59211716800928,0.413692407310009
0.491699043661356,0.254314336925745,-0.412331447005272,-1.13893321156502,2.53786281496286,0.386952809989452
0.491409610956907,0.249952629208565,-0.418485388159752,-1.12132662534714,2.52997227758169,0.378389149904251
0.481695342808962,0.245482813566923,-0.41217602789402,-1.11616043746471,2.47799602895975,0.356736443936825
0.48134663887322,0.241184294223785,-0.404993362724781,-1.09312787652016,2.48308647051454,0.353977888822556
0.472002599388361,0.234445188194513,-0.392081454396248,-1.07395072281361,2.43993414193392,0.332720406353474
0.467383328825235,0.23217723146081,-0.386314854025841,-1.06589867174625,2.41798511892557,0.327164717018604
0.464927244931459,0.231902450323105,-0.39111764729023,-1.07163390517235,2.39844582229853,0.319780796766281
0.465108511969447,0.225844733417034,-0.398656778037548,-1.04722881317139,2.39199429377913,0.307839587330818
0.464390244334936,0.223763827234507,-0.386488661170006,-1.02949859201908,2.39985280483961,0.313084371387958
0.463642658665776,0.221727672964334,-0.382129766047001,-1.01576645672321,2.39972618594766,0.314599581062794
0.462909748777747,0.219724025577307,-0.377862043678761,-1.00212685763836,2.39959644898772,0.316217295825481
0.461752807721496,0.219589680433273,-0.386810384690762,-1.00961628556252,2.38370646163821,0.307921797037125
0.431017940863967,0.203850585967302,-0.355115510523319,-0.99146943539381,2.23099213466048,0.231634080410004
0.429871758446097,0.20371962338686,-0.352676220238209,-0.989125728607178,2.22655433043838,0.233192011713982
0.430471049621701,0.196271318942308,-0.356963865458965,-0.957933619618416,2.22586243227124,0.219694294035435
0.429793911986053,0.194324992597103,-0.352687727659941,-0.945732951164246,2.22607574425638,0.220217004418373
0.428707513026893,0.194198917597532,-0.353824269026518,-0.947158500552177,2.21842080913484,0.218035005033016
0.428433872759342,0.190609194338322,-0.358715027570724,-0.932598493993282,2.21188820898533,0.211056672036648
0.42776638828218,0.188765753060579,-0.350925348699093,-0.919398136436939,2.21567298099399,0.213196381926537
0.427096004597843,0.186961330473423,-0.357465337961912,-0.914921313524246,2.20511068962514,0.206846669316292
0.394048708491027,0.173163793981075,-0.320001717656851,-0.897570870816708,2.04429053328931,0.141411893069744
0.393796969205141,0.169752821326256,-0.318007841706276,-0.879391394555569,2.04477397352457,0.139125533401966
0.393169199116528,0.167996149510145,-0.314513433724642,-0.86819288879633,2.04450176097453,0.139784008264542
0.392545064911246,0.166281901299953,-0.310824416577816,-0.857460133731365,2.04444597288966,0.140231274068356
0.376083640381694,0.16005826741457,-0.302834637463093,-0.8587631508708,1.95366720482707,0.101586453616619
0.375846674665809,0.156798481941223,-0.300708837807178,-0.841925255954266,1.95437121018767,0.098865635693073
0.375244477763772,0.155123867094517,0.378541864454746,-1.92391663044691,2.63000873103738,-0.99317342787981
-0.191135451197624,0.524122551083565,1.58891400694847,-4.25837635248899,0.442101299762726,-1.11364104598761
-0.190591588616371,0.522694870829582,1.58695504069328,-4.24608015269041,0.443405508995056,-1.10991092771292
-0.188928797841072,0.522411584854126,2.53833159804344,-3.17639949917793,1.40475881099701,-0.041929990053177
1.24984593689442,2.35731467604637,1.10194832086563,-4.98902153968811,8.60102394223213,9.15486651659012
1.26553113758564,2.33697885274887,1.03926992416382,-4.88599646091461,8.63245674967766,9.13587665557861
1.26081915199757,2.32873374223709,1.04859972000122,-4.85065531730652,8.61351463198662,9.12174713611603
1.26406951248646,2.29844963550568,1.01250702142715,-4.74377810955048,8.5969240963459,9.04691970348358
1.26552774012089,2.29814928770065,0.969543099403381,-4.79197776317596,8.56270954012871,8.99691796302795
1.26695455610752,2.2978515625,0.945574522018433,-4.79781377315521,8.54730185866356,8.98929560184479
1.22698666155338,2.23668849468231,0.965589821338654,-4.7430819272995,8.32750979065895,8.67704904079437
1.21299947798252,2.21675229072571,0.958328545093536,-4.72919529676437,8.23632541298866,8.57131844758987
1.23404094576836,2.17287507653236,0.851754546165466,-4.55948388576508,8.2560002207756,8.47776657342911
1.23540702462196,2.17253848910332,0.873482525348663,-4.49966031312943,8.28592467308044,8.53557062149048
1.23678755760193,2.17220616340637,0.852833926677704,-4.49394810199738,8.27355927228928,8.53928887844086
1.23809590935707,2.17187023162842,0.832003653049469,-4.48858320713043,8.26057910919189,8.54263818264008
1.16411212086678,2.07929134368896,0.905200183391571,-4.37401843070984,7.88987290859222,8.10172963142395
1.1760872900486,2.03389549255371,0.856181800365448,-4.17095065116882,7.91270554065704,8.03242230415344
1.1454339325428,1.9992368221283,0.839927315711975,-4.16854095458984,7.71253091096878,7.82687997817993
1.13033643364906,1.98265182971954,0.853734314441681,-4.13142061233521,7.63575291633606,7.76449036598206
1.1374786645174,1.95531809329987,0.793072998523712,-4.03587353229523,7.61794498562813,7.69603502750397
1.10983726382256,1.91432851552963,0.81268846988678,-3.94833600521088,7.47171205282211,7.53763508796692
1.11107072234154,1.91392159461975,0.767050921916962,-3.96813851594925,7.43347525596619,7.51539105176926
1.11364948749542,1.8968753516674,0.763595402240753,-3.87304526567459,7.44549232721329,7.50820684432983
1.11545421183109,1.88820740580559,0.715973556041718,-3.85921192169189,7.40869882702827,7.47003251314163
1.11719238758087,1.87967926263809,0.683667004108429,-3.83020955324173,7.38682132959366,7.44786602258682
1.04416537284851,1.80288916826248,0.757396280765533,-3.73515969514847,7.0223885178566,7.08217531442642
1.03056481480598,1.7718043923378,0.751248955726624,-3.65378659963608,6.93463784456253,6.97703975439072
1.01667264103889,1.75743764638901,0.740288078784943,-3.64432978630066,6.84032392501831,6.90029609203339
1.02111807465553,1.75571164488792,0.71479856967926,-3.62778544425964,6.84150701761246,6.9064844250679
1.02352164685726,1.73207071423531,0.703037202358246,-3.51695770025253,6.84416708350182,6.8754665851593
0.982656106352806,1.69011262059212,0.714168787002564,-3.48684614896774,6.6101054251194,6.65382957458496
0.985383003950119,1.67417305707932,0.701072633266449,-3.40747100114822,6.61337065696716,6.63756734132767
0.986724480986595,1.6663005053997,0.666207909584045,-3.38791590929031,6.58655479550362,6.60988712310791
0.946932420134544,1.62569579482079,0.682250559329987,-3.35236716270447,6.36384508013725,6.40180760622025
0.949455186724663,1.61035245656967,0.661911964416504,-3.2827605009079,6.35864308476448,6.37935423851013
0.950413540005684,1.6098620891571,0.645737409591675,-3.27924466133118,6.34821864962578,6.37992787361145
0.951331853866577,1.60938328504562,0.619005024433136,-3.28224170207977,6.3269961476326,6.37405800819397
0.900377988815308,1.55744248628616,0.675811350345612,-3.209796667099,6.07807928323746,6.13485825061798
0.887736797332764,1.54464083909988,0.686301469802856,-3.18319422006607,6.01272225379944,6.08465081453323
0.878185778856277,1.53089210391045,0.640048503875732,-3.19502121210098,5.9091631770134,5.99033141136169
0.866147786378861,1.51874527335167,0.642301976680756,-3.17540103197098,5.83918869495392,5.93707060813904
0.854322582483292,1.50682803988457,0.619711577892303,-3.18043452501297,5.74564707279205,5.86053371429443
0.844439283013344,1.43930375576019,0.633090674877167,-2.92660105228424,5.69972637295723,5.70922148227692
0.833091452717781,1.42076733708382,0.622394621372223,-2.89188662171364,5.62094333767891,5.63271740078926
0.837015703320503,1.41818341612816,0.600570619106293,-2.87454405426979,5.62266483902931,5.63455644249916
0.838137224316597,1.40506163239479,0.575152337551117,-2.82638165354729,5.6039756834507,5.60398814082146
0.804407671093941,1.37093392014503,0.602465033531189,-2.78577047586441,5.42891106009483,5.4398330450058
0.80578063428402,1.36990857124329,0.583571374416351,-2.78077280521393,5.41825518012047,5.43867862224579
0.806943297386169,1.35097283124924,0.576912015676498,-2.69318056106567,5.41857179999352,5.41265642642975
0.774189472198486,1.31796425580978,0.60756728053093,-2.6485698223114,5.25270411372185,5.2592157125473
0.775439277291298,1.31692588329315,0.560443699359894,-2.6707047522068,5.21307936310768,5.23085054755211
0.75416411459446,1.29547250270844,0.573030471801758,-2.64293572306633,5.09801515936852,5.12989929318428
0.75593701004982,1.27077478170395,0.577574819326401,-2.52271530032158,5.11319687962532,5.10193338990212
0.756491959095001,1.2702576816082,0.53441709280014,-2.54617002606392,5.07336884737015,5.07537606358528
0.726270213723183,1.23873934149742,0.557203829288483,-2.50759565830231,4.91482511162758,4.92484039068222
0.716540679335594,1.21155473589897,0.563921809196472,-2.41862708330154,4.86316588521004,4.85070133209229
0.717658579349518,1.20493787527084,0.557529151439667,-2.38157278299332,4.86348062753677,4.84805446863174
0.718255668878555,1.19901032745838,0.516334980726242,-2.38212352991104,4.82586899399757,4.81193843483925
0.689084082841873,1.16959376633167,0.527331680059433,-2.35696122050285,4.66183617711067,4.66060137748718
0.690183579921722,1.15798994898796,0.53352364897728,-2.29116848111153,4.67462512850761,4.65677121281624
0.671855747699737,1.13325028121471,0.529056400060654,-2.25833061337471,4.56019088625908,4.54117107391357
0.66291855275631,1.12334169447422,0.519281804561615,-2.25092977285385,4.49679312109947,4.48912039399147
0.663292467594147,1.12284441292286,0.500644892454147,-2.25280538201332,4.48039969801903,4.48426109552383
0.645224988460541,1.10473282635212,0.528786689043045,-2.21646365523338,4.40013661980629,4.41193330287933
0.64628891646862,1.08342954516411,0.517025262117386,-2.12599191069603,4.39475876092911,4.37458536028862
0.628477856516838,1.06570515036583,0.499669343233108,-2.13041359186172,4.27053648233414,4.26381731033325
0.619727894663811,1.05692705512047,0.491782248020172,-2.12556797266006,4.21014961600304,4.21599435806274
0.620916664600372,1.04074558615685,0.470798492431641,-2.06456071138382,4.19629848003387,4.17991280555725
0.621276289224625,1.03543937206268,0.481904000043869,-2.02635356783867,4.20956173539162,4.18628266453743
0.621598243713379,1.03029647469521,0.479091614484787,-1.99693188071251,4.20868107676506,4.18484696745873
0.621906250715256,1.02521897852421,0.476221919059753,-1.96792218089104,4.20765942335129,4.18339169025421
0.579880625009537,0.983054175972938,0.485324800014496,-1.94654755294323,3.96460855007172,3.9517775028944
0.580263569951057,0.982178196310997,0.468307852745056,-1.94679442048073,3.9498892724514,3.94627475738525
0.58042873442173,0.981735572218895,0.452564716339111,-1.94852508604527,3.93513712286949,3.9418883472681
0.580893948674202,0.963241219520569,0.464772552251816,-1.85518606007099,3.95013624429703,3.92426125705242
0.548916950821877,0.931129217147827,0.478914707899094,-1.8308894187212,3.77241641283035,3.75588588416576
0.541299864649773,0.914400398731232,0.484565705060959,-1.77982230484486,3.73236489295959,3.70658008754253
0.541619271039963,0.913126111030579,0.460673779249191,-1.78604584932327,3.71038940548897,3.6927108168602
0.54180820286274,0.904224187135696,0.445644706487656,-1.75386239588261,3.69649392366409,3.67148272693157
0.519408419728279,0.881851583719253,0.468535810709,-1.72444239258766,3.58498632907867,3.56666710972786
0.512147545814514,0.873736679553986,0.466430127620697,-1.71394762396812,3.53931540250778,3.52847245335579
0.505178511142731,0.854148648679256,0.459121584892273,-1.66032885015011,3.49019265174866,3.46456304192543
0.505267530679703,0.849307134747505,0.454432994127274,-1.6375273168087,3.48603817820549,3.45831549167633
0.505271762609482,0.848925217986107,0.445646464824677,-1.63589856028557,3.47727704048157,3.45765274763107
0.48432645201683,0.827973708510399,0.457731932401657,-1.61501406133175,3.36369064450264,3.35282818973064
0.477334529161453,0.820370569825172,0.456173941493034,-1.60537005960941,3.32018111646175,3.31685335934162
0.477285593748093,0.820040062069893,0.443410813808441,-1.60709355771542,3.307124376297,3.31314681470394
0.477469146251678,0.800211392343044,0.429894343018532,-1.53082463145256,3.2947092205286,3.27044372260571
0.477419018745422,0.796030566096306,0.430456548929215,-1.50795242935419,3.29497066140175,3.26823096722364
0.477393046021462,0.792037561535835,0.418034613132477,-1.49498088657856,3.28239288926125,3.25724448263645
0.477345660328865,0.788135372102261,0.414290875196457,-1.47641345858574,3.27836483716965,3.25239877402782
0.47723650932312,0.787858091294766,0.406513139605522,-1.47543699294329,3.26993219554424,3.25171155482531
0.430950403213501,0.741823099553585,0.444642320275307,-1.42959825694561,3.03034473955631,3.0213403403759
0.430852621793747,0.730534099042416,0.443564847111702,-1.37815187871456,3.02868057787418,3.00505271553993
0.430698603391647,0.730287633836269,0.425791561603546,-1.38651156425476,3.00998318195343,2.99521423876286
0.430929213762283,0.723249491304159,0.419471502304077,-1.35657562687993,3.00504678487778,2.98292132094502
0.430866032838821,0.719746939837933,0.408309578895569,-1.34514297172427,2.9935057759285,2.97333866730332
0.430832460522652,0.71625667065382,0.397392377257347,-1.33396544679999,2.98238714039326,2.96357457712293
0.430838644504547,0.712844081223011,0.386075377464294,-1.32309526763856,2.97110724449158,2.9539692196995
0.430980533361435,0.709536856040358,0.375922679901123,-1.31290323473513,2.96180588006973,2.94431790150702
0.382518857717514,0.65793283842504,0.414151936769486,-1.25434400700033,2.70926508307457,2.69325302354991
0.376631170511246,0.648799678310752,0.408966735005379,-1.23824931588024,2.66875375807285,2.65454875398427
0.377167820930481,0.645477987825871,0.401902884244919,-1.22062011715025,2.6649098098278,2.65224780980498
0.377541616559029,0.642173271626234,0.394772902131081,-1.20221028383821,2.66002260148525,2.65082934591919
0.377599269151688,0.639018645510078,0.3885158598423,-1.18473018612713,2.65411147475243,2.64938168693334
0.377693817019463,0.635977536439896,0.382416114211082,-1.16775446292013,2.64857901632786,2.64811075571924
0.350941479206085,0.606400835327804,0.403862163424492,-1.1244389442727,2.509511038661,2.51396606769413
0.351220265030861,0.603537077084184,0.397503487765789,-1.10845824982971,2.50482507795095,2.51276421267539
0.351302817463875,0.60356860794127,0.351638607680798,-1.14605499058962,2.45945551246405,2.475356657058
0.351433023810387,0.597786239792185,0.340799942612648,-1.12575781522901,2.44939808547497,2.4609596235241
0.331171974539757,0.577528707195597,0.351155966520309,-1.10801208941848,2.33818781375885,2.3571601537551
0.331349223852158,0.571842445526272,0.344240240752697,-1.07688150368631,2.33233558386564,2.35417316947132
0.331449910998344,0.568988831713796,0.33940976113081,-1.06156395748258,2.32810922712088,2.3523690328002
0.331573471426964,0.566303532570601,0.334509111940861,-1.04667844995856,2.32394994050264,2.35114274546504
0.313944593071938,0.548425259068608,0.34704577177763,-1.0162396915257,2.23071333020926,2.27431186288595
0.314128443598747,0.545875038951635,0.341373343020678,-1.00092771276832,2.22614400461316,2.2743225209415
0.314242571592331,0.543335810303688,0.304792184382677,-1.01942853629589,2.19024761393666,2.24058632552624
0.314343169331551,0.540977908298373,0.292855650186539,-1.00703299045563,2.17891466617584,2.23883445933461
0.314388781785965,0.541238559409976,0.283340319991112,-1.00846407562494,2.1696730107069,2.23896728083491
0.298183932900429,0.527125224471092,0.290602959692478,-0.981942221522331,2.07970655709505,2.18080912530422
0.295256823301315,0.523015677928925,0.289001412689686,-0.96343706548214,2.06054235249758,2.17465700209141
0.295474827289581,0.521058846265078,0.274135895073414,-0.960607655346394,2.0469848588109,2.16574542224407
0.29087533056736,0.515203911811113,0.269987840205431,-0.949469745159149,2.01523982360959,2.14175372570753
0.291261866688728,0.513272494077683,0.264212088659406,-0.934951648116112,2.01178328879178,2.14468331634998
0.291248500347137,0.513589560985565,0.251023035496473,-0.942933164536953,1.9985140375793,2.13860420137644
0.28593510389328,0.507854163646698,0.247242193669081,-0.935090206563473,1.96285281702876,2.11203477531672
0.286080181598663,0.50118301063776,0.23827052116394,-0.91051871329546,1.95475161075592,2.0965793505311
0.286211207509041,0.499094374477863,0.229448879137635,-0.904263243079186,1.94671612419188,2.09030300378799
0.286279946565628,0.4970837906003,0.224576180800796,-0.88724772632122,1.94225586019456,2.09525501728058
0.286501556634903,0.497390575706959,0.210976796690375,-0.892693132162094,1.92998613649979,2.09165032207966
0.278858199715614,0.482438016682863,0.214773665415123,-0.859395876526833,1.88792286370881,2.03523222357035
0.279166489839554,0.4806516058743,0.200929344078759,-0.85629104077816,1.87592828311608,2.02761859446764
0.276855960488319,0.474227942526341,0.194664498325437,-0.845803946256638,1.85580026125535,1.99956370890141
0.276177078485489,0.469940654933453,0.191007235553116,-0.828763395547867,1.84806970646605,1.99088053405285
0.276318997144699,0.467987522482872,0.178496627137065,-0.826951310038567,1.83641061000526,1.98097382485867
0.275764763355255,0.463562056422234,0.170229164883494,-0.820808812975884,1.82481774501503,1.96056352555752
0.275584951043129,0.45671621710062,0.162930086255074,-0.800406813621521,1.81643979251385,1.9398904889822
0.275909945368767,0.455109037458897,0.157879777252674,-0.78942996263504,1.81333944946527,1.94122426211834
0.275951147079468,0.45540664345026,0.146127287298441,-0.796510234475136,1.80183416977525,1.93592962622643
0.275986850261688,0.443797551095486,0.138216522522271,-0.769825771450996,1.7941376240924,1.89295953512192
0.275808751583099,0.444056294858456,0.131512935273349,-0.772683203220367,1.78636544477195,1.89165456593037
0.27589625120163,0.43886049836874,0.122703145258129,-0.764078453183174,1.77808065246791,1.86908453702927
0.275729179382324,0.433250814676285,0.119654676876962,-0.73694609105587,1.77402975317091,1.86255879700184
0.275829672813415,0.43150220811367,0.108198521309532,-0.735537022352219,1.76317655819003,1.8534762263298
0.275893732905388,0.429797664284706,0.100806489121169,-0.730543106794357,1.7561688865535,1.84824287891388
0.27604553103447,0.430016204714775,0.092540459707379,-0.725433170795441,1.7488136459142,1.85466405749321
0.277631402015686,0.416989490389824,0.083306899294257,-0.712108984589577,1.74909531138837,1.78982795774937
0.277587532997131,0.411407753825188,0.080081412568688,-0.6853097230196,1.74560661055148,1.78313679993153
0.27783676981926,0.411711201071739,0.068434301763773,-0.691735312342644,1.73545492067933,1.77853189408779
0.277909576892853,0.408307015895844,0.061313103884459,-0.679837793111801,1.72877056524158,1.77000430226326
0.278222650289535,0.406708210706711,0.057506863027811,-0.664032965898514,1.72684276476502,1.77621629834175
0.28011754155159,0.394231230020523,0.044836260378361,-0.65513026714325,1.7255415096879,1.71025711297989
0.279943004250526,0.390969887375832,0.042054995894432,-0.637500941753387,1.72171302139759,1.7083183825016
0.279852032661438,0.389541938900948,0.031921427696943,-0.634052827954292,1.71103362366557,1.70319880545139
